source_id,clip_id,clip_name,large_text,turbo_text,cer,wer,length_ratio,status,notes
f01__AN_CDOTA_VIAJE_MUNDIAL_BRASIL_2014_parte_1,f01::ANÉCDOTA VIAJE MUNDIAL BRASIL 2014  parte 1::clip_0001,clip_0001,contexto argentina selección 2014 el maestro sabela al frente de la selección argentina parecía que no dábamos ni dos mangos la primera ronda de motos acuerda en el partido con irán que,contexto argentina selección 2014 el maestro sabela al frente de la selección argentina parecía que no dábamos ni dos mangos en la primera ronda el moto se acuerda en el partido con irán que,0.0378,0.125,1.027,computed,
f01__AN_CDOTA_VIAJE_MUNDIAL_BRASIL_2014_parte_1,f01::ANÉCDOTA VIAJE MUNDIAL BRASIL 2014  parte 1::clip_0002,clip_0002,"nos salva Messi. Cuestión, yo voy a ser sincero, yo tampoco tenía tanta fe en la selección. Lo bancaba Isabela, pero había cositas que no me gustaban. Bueno, como somos los argentinos, eso tengo que...",No salva Messi. Cuestión. Yo voy a ser sincero. Yo tampoco tenía tanta fe en la selección. Lo bancaba a Sabela. Pero había cositas que no me gustaban. Bueno. Como somos los argentinos. Eso tengo que saber.,0.0474,0.1143,1.0316,computed,
f01__AN_CDOTA_VIAJE_MUNDIAL_BRASIL_2014_parte_1,f01::ANÉCDOTA VIAJE MUNDIAL BRASIL 2014  parte 1::clip_0003,clip_0003,"con Holanda, nos juntábamos todos los Bader a ver el partido, estábamos en","con Holanda, nos juntábamos todos los Vader a ver el partido, estábamos en",0.0139,0.0769,1.0,computed,
f01__AN_CDOTA_VIAJE_MUNDIAL_BRASIL_2014_parte_1,f01::ANÉCDOTA VIAJE MUNDIAL BRASIL 2014  parte 1::clip_0006,clip_0006,"discutíamos, entonces contra Holanda me dice, hagamos una cosa si le ganamos a Holanda nos vamos a Brasil, a ver la final","discutíamos. Entonces, contra Holanda me dice, hagamos una cosa si le ganamos a Holanda nos vamos a Brasil, a ver la final",0.0,0.0,1.0,computed,
f01__AN_CDOTA_VIAJE_MUNDIAL_BRASIL_2014_parte_1,f01::ANÉCDOTA VIAJE MUNDIAL BRASIL 2014  parte 1::clip_0007,clip_0007,"Entonces yo agarro y digo, sí, porque, o sea, yo no creía que le vayamos a ganar a Holanda, acuérdense que ese Holanda fue el que hizo el gol de Palomita, no me acuerdo, ay, ahora no me acuerdo, Robben, no, sí creo que fue.","Entonces yo agarro y digo, sí, porque, o sea, yo no creía que le vayamos a ganar a Holanda, acuérdense que ese Holanda fue el que hizo el gol de Palomita, no me acuerdo, ahora no me dice, Robben, no, sí creo que fue.",0.0427,0.0444,0.9716,computed,
f01__AN_CDOTA_VIAJE_MUNDIAL_BRASIL_2014_parte_1,f01::ANÉCDOTA VIAJE MUNDIAL BRASIL 2014  parte 1::clip_0008,clip_0008,"de Robben. Tenían una máquina increíble Holanda. Van Persie. Cuestión que le digo, no tengo. Sí, bueno, sí, le digo sí, sí, dale. Si le ganamos a Holanda, vamos a jugar así.",de roben que tenían una en una máquina increíble holanda van persi cuestión que leo no tengo sí bueno sí leo sí sí dale si llegamos la tomo ahora sí,0.2562,0.5312,0.925,computed,
f01__AN_CDOTA_VIAJE_MUNDIAL_BRASIL_2014_parte_1,f01::ANÉCDOTA VIAJE MUNDIAL BRASIL 2014  parte 1::clip_0009,clip_0009,"Yo la tiré por tirarla. Bueno, entonces vamos a penales, cuando ganamos, todos obviamente, festejando, que se yo y me dice, no vamos a tener que ir a Brasil. Bueno, si, está",yo la tiré por tirarla bueno entonces vamos a penales cuando ganamos todos obviamente festejando que se yo y me dice no vamos a tener que ver así bueno si está bien,0.0798,0.125,1.0061,computed,
f01__AN_CDOTA_VIAJE_MUNDIAL_BRASIL_2014_parte_1,f01::ANÉCDOTA VIAJE MUNDIAL BRASIL 2014  parte 1::clip_0012,clip_0012,"buscar pasaje. Empezamos a buscar pasaje, que sí, que nos vamos a Brasil, que nos vamos a Brasil, que tengo que ir a otro vuelo, nos vamos a Brasil. Bueno,","Buscar pasaje. Empezamos a buscar pasaje, que sí, que no vamos a Brasil, que no vamos a Brasil, que tengo que ir a otro vuelo, no vamos a Brasil. Bueno,",0.0204,0.1,0.9796,computed,
f01__AN_CDOTA_VIAJE_MUNDIAL_BRASIL_2014_parte_1,f01::ANÉCDOTA VIAJE MUNDIAL BRASIL 2014  parte 1::clip_0013,clip_0013,"empezamos a sacar cuentas, no vamos a comprar el aéreo bueno, cuando digo no, ya está todo agotado, no hay nada no hay nada para...",empezamos a sacar cuenta no vamos a comprar el aéreo bueno cuando digo no ya está todo agotado no hay nada no hay nada para para,0.0484,0.08,1.0323,computed,
f01__AN_CDOTA_VIAJE_MUNDIAL_BRASIL_2014_parte_1,f01::ANÉCDOTA VIAJE MUNDIAL BRASIL 2014  parte 1::clip_0014,clip_0014,para irnos. Aparece la hermana de Amilcar y dice encontré un vuelo nos manda el link yo como un pelotudo agarro,para irnos aparece la hermana de Amilcar y dice encontré un vuelo nos manda el link yo como un pelotudo agarro,0.0,0.0,1.0,computed,
f01__AN_CDOTA_VIAJE_MUNDIAL_BRASIL_2014_parte_1,f01::ANÉCDOTA VIAJE MUNDIAL BRASIL 2014  parte 1::clip_0015,clip_0015,ponele que el partido era miércoles 24 y el lunes podíamos volar entonces era el lunes 22 martes,"mire, ponele que el partido era miércoles 24 y el lunes podíamos volar entonces era el lunes 22 lunes 22, martes 22",0.1771,0.2222,1.1771,computed,
f01__AN_CDOTA_VIAJE_MUNDIAL_BRASIL_2014_parte_1,f01::ANÉCDOTA VIAJE MUNDIAL BRASIL 2014  parte 1::clip_0019,clip_0019,"El lunes 22 de octubre. Cuando me llega la notificación de que compré un pasaje. Boludo, compré un pasaje en octubre.","El lunes 22 de octubre. Cuando me llega la notificación de que compré un pasaje. Boludo, compré un pasaje en octubre.",0.0,0.0,1.0,computed,
f01__AN_CDOTA_VIAJE_MUNDIAL_BRASIL_2014_parte_1,f01::ANÉCDOTA VIAJE MUNDIAL BRASIL 2014  parte 1::clip_0020,clip_0020,"cagándose de risa, sos un pelotudo jajajaja, y Luciano me miraba y me decía, Lulo, el de la anécdota me decía, oh Brasil temporada baja, hermoso","Cagándose de risa. ¡Sos un pelotudo! Y Luciano me miraba y me decía Lulo, el de la anécdota. Me decía, oh Brasil, temporada baja, hermoso.",0.0652,0.0385,0.9348,computed,
f01__AN_CDOTA_VIAJE_MUNDIAL_BRASIL_2014_parte_1,f01::ANÉCDOTA VIAJE MUNDIAL BRASIL 2014  parte 1::clip_0025,clip_0025,"hacer el reclamo, denuncié que la tarjeta la había perdido, que me hicieron el pitching no sé qué mierda, cagándola","hacer el reclamo, denuncié que la tarjeta la había perdido, que me hicieron el pitching no sé qué mierda, cagándola",0.0,0.0,1.0,computed,
f01__AN_CDOTA_VIAJE_MUNDIAL_BRASIL_2014_parte_1,f01::ANÉCDOTA VIAJE MUNDIAL BRASIL 2014  parte 1::clip_0026,clip_0026,"puteada de la hermana de Amílcar, le digo, Verónica, ¿cómo me vas a mandar un link de un pasaje en octubre cuando tengo que hablar en junio? Bueno,","puteada la hermana de Amílcar, le digo, Verónica, ¿cómo me vas a mandar un link de un pasaje en octubre cuando te voy a hablar en junio? Bueno,",0.0638,0.1429,0.9716,computed,
f01__AN_CDOTA_VIAJE_MUNDIAL_BRASIL_2014_parte_1,f01::ANÉCDOTA VIAJE MUNDIAL BRASIL 2014  parte 1::clip_0027,clip_0027,"Cuestión que, claro, no terminaba más Todos burlándose Bueno, tenían razón","cuestión que claro, no terminaba más, todos burlándose bueno, tenían razón",0.0,0.0,1.0,computed,
f01__AN_CDOTA_VIAJE_MUNDIAL_BRASIL_2014_parte_1,f01::ANÉCDOTA VIAJE MUNDIAL BRASIL 2014  parte 1::clip_0029,clip_0029,tren amigo leo yo está todo bien pero en el gol tren no llegamos ni a palos ya y,tren amigo yo está todo bien pero en el gol tren no llegamos ni a palo o sea y,0.1,0.2105,0.975,computed,
f01__AN_CDOTA_VIAJE_MUNDIAL_BRASIL_2014_parte_1,f01::ANÉCDOTA VIAJE MUNDIAL BRASIL 2014  parte 1::clip_0030,clip_0030,"re incómodo, hacemos 10 horas de viaje y tenemos que operar de la columna",re incómodo. Hacemos 10 horas de viaje y tenemos que operar de la columna,0.0,0.0,1.0,computed,
f01__AN_CDOTA_VIAJE_MUNDIAL_BRASIL_2014_parte_1,f01::ANÉCDOTA VIAJE MUNDIAL BRASIL 2014  parte 1::clip_0031,clip_0031,"era a Río de Janeiro en un gol tren bueno, y se va discutiendo en cuál vamos bueno, a ver quién se sube, éramos a Milka","Era a Río de Janeiro en un gol tren Bueno, y será discutiendo en cuál vamos Bueno, a ver quién se sube Éramos a Milka",0.0259,0.0769,0.9914,computed,
f01__AN_CDOTA_VIAJE_MUNDIAL_BRASIL_2014_parte_1,f01::ANÉCDOTA VIAJE MUNDIAL BRASIL 2014  parte 1::clip_0038,clip_0038,demás. Juancito dice yo pongo el auto. Juancito tiene un 580. Auto muy lindo para que anden dos personas porque es,demás juancito dice yo pongo el auto juancito tiene un 580 auto muy lindo para que anden dos personas,0.0901,0.0952,0.9099,computed,
f01__AN_CDOTA_VIAJE_MUNDIAL_BRASIL_2014_parte_1,f01::ANÉCDOTA VIAJE MUNDIAL BRASIL 2014  parte 1::clip_0042,clip_0042,la cobas así claro que es lo que pasa cuando vos vas adentro de un huevo con,"a la que vos vas, así, claro ¿qué es lo que pasa? cuando vos vas adentro de un huevo con",0.1447,0.2941,1.1053,computed,
f01__AN_CDOTA_VIAJE_MUNDIAL_BRASIL_2014_parte_1,f01::ANÉCDOTA VIAJE MUNDIAL BRASIL 2014  parte 1::clip_0043,clip_0043,ruedas podés ir entre un huevo con ruedas durante ocho horas no 34 36 nunca lo,ruedas podéis ir entre un huevo con ruedas durante ocho horas no 34 36 nunca lo,0.0128,0.0625,1.0128,computed,
f01__AN_CDOTA_VIAJE_MUNDIAL_BRASIL_2014_parte_1,f01::ANÉCDOTA VIAJE MUNDIAL BRASIL 2014  parte 1::clip_0044,clip_0044,pensamos o sea agarramos claro o sea que ese auto era un creador de mochilas estilo cusco,pensamos o sea agarramos claro o sea ese auto era un creador de mochilas estilo coscu,0.0674,0.1176,0.9551,computed,
f01__AN_CDOTA_VIAJE_MUNDIAL_BRASIL_2014_parte_1,f01::ANÉCDOTA VIAJE MUNDIAL BRASIL 2014  parte 1::clip_0045,clip_0045,"O sea, salías de ahí y tenías tu propia mochila. Un viaje, una mochila. Agarro, digo","O sea, salías de ahí y tenías tu propia mochila. Un viaje, una mochila. Agarro...",0.0633,0.0625,0.9367,computed,
f01__AN_CDOTA_VIAJE_MUNDIAL_BRASIL_2014_parte_1,f01::ANÉCDOTA VIAJE MUNDIAL BRASIL 2014  parte 1::clip_0046,clip_0046,bueno a todo esto acá es donde se empieza a poner linda la cosa para,"bueno, a todo esto acá es donde se empieza a poner linda la cosa para",0.0,0.0,1.0,computed,
f01__AN_CDOTA_VIAJE_MUNDIAL_BRASIL_2014_parte_1,f01::ANÉCDOTA VIAJE MUNDIAL BRASIL 2014  parte 1::clip_0047,clip_0047,ustedes para nosotros nefasta porque empezamos a buscar quién iba a ocupar el lugar de amilcar,para nosotros nefasta porque empezamos a buscar quién iba a ocupar el lugar de amilcar,0.0851,0.0625,0.9149,computed,
f01__AN_CDOTA_VIAJE_MUNDIAL_BRASIL_2014_parte_1,f01::ANÉCDOTA VIAJE MUNDIAL BRASIL 2014  parte 1::clip_0048,clip_0048,"Para bajar los costos del viaje Y Juancito dice Mi primo se quiere sumar Bueno, está bien","para bajar los costos del viaje. Y Juancito dice, mi primo se quiere sumar. Bueno, está bien, Diego.",0.0682,0.0588,1.0682,computed,
f01__AN_CDOTA_VIAJE_MUNDIAL_BRASIL_2014_parte_1,f01::ANÉCDOTA VIAJE MUNDIAL BRASIL 2014  parte 1::clip_0052,clip_0052,¿Cómo se llama? Alan creo que se llamaba. Me olvidé el nombre porque terminé tan,¿Cómo se llama? Alan creo que se llamaba. Me olvidé el nombre porque terminé tan,0.0,0.0,1.0,computed,
f01__AN_CDOTA_VIAJE_MUNDIAL_BRASIL_2014_parte_1,f01::ANÉCDOTA VIAJE MUNDIAL BRASIL 2014  parte 1::clip_0053,clip_0053,Pero tan encabronado con ese chabón,encabronado con ese chabón que,0.3714,0.5,0.8571,computed,
f01__AN_CDOTA_VIAJE_MUNDIAL_BRASIL_2014_parte_1,f01::ANÉCDOTA VIAJE MUNDIAL BRASIL 2014  parte 1::clip_0054,clip_0054,lo aborrecí cuestión que el loco dice bueno viene a la no sé qué bueno escúchame todos buscando un gps bueno,"lo aborrecí. Cuestión que el loco dice, bueno, viene Alan no sé qué. Bueno, escúchame, todos buscando un gps. Bueno,",0.0185,0.0952,1.0,computed,
f01__AN_CDOTA_VIAJE_MUNDIAL_BRASIL_2014_parte_1,f01::ANÉCDOTA VIAJE MUNDIAL BRASIL 2014  parte 1::clip_0055,clip_0055,"escuchá, me vamos con GPS a ver quién tiene un GPS. Y salta, armamos un grupito.",escucharme vamos con gps a ver que tiene un gps y salta armamos un grupito,0.0658,0.1875,0.9737,computed,
f01__AN_CDOTA_VIAJE_MUNDIAL_BRASIL_2014_parte_1,f01::ANÉCDOTA VIAJE MUNDIAL BRASIL 2014  parte 1::clip_0057,clip_0057,todo esto luciano que ya había ido a san pablo a ver a los estudiantes por la,todo esto luciano que ya había ido a san pablo a ver a los estudiantes por la,0.0,0.0,1.0,computed,
f01__AN_CDOTA_VIAJE_MUNDIAL_BRASIL_2014_parte_1,f01::ANÉCDOTA VIAJE MUNDIAL BRASIL 2014  parte 1::clip_0058,clip_0058,copa libertadores es ese tipo alarmista que decía yo le voy a aclarar una cosa,"Copa Libertadores, es ese tipo alarmista que decía, yo les voy a aclarar una cosa.",0.0128,0.0667,1.0128,computed,
f01__AN_CDOTA_VIAJE_MUNDIAL_BRASIL_2014_parte_1,f01::ANÉCDOTA VIAJE MUNDIAL BRASIL 2014  parte 1::clip_0059,clip_0059,"O sea, si vamos en auto hay que tener mucho cuidado en San Pablo. En San Pablo te violan, te matan, violan el cadáver, después desaparecen el cadáver, vuelven a...","O sea, si vamos en auto hay que tener mucho cuidado en San Pablo. En San Pablo te violan, te matan, violan el cadáver, después desaparecen el cadáver, vuelven a...",0.0,0.0,1.0,computed,
f01__AN_CDOTA_VIAJE_MUNDIAL_BRASIL_2014_parte_1,f01::ANÉCDOTA VIAJE MUNDIAL BRASIL 2014  parte 1::clip_0060,clip_0060,violarlo una vez que está en el basurero entonces si empezó a meter miedo desde,"a violarlo una vez que está en el basurero. Entonces voy a decir, empezó a meter miedo desde",0.1519,0.2667,1.1392,computed,
f01__AN_CDOTA_VIAJE_MUNDIAL_BRASIL_2014_parte_1,f01::ANÉCDOTA VIAJE MUNDIAL BRASIL 2014  parte 1::clip_0061,clip_0061,"arranque, entonces ya San Pablo era como si estamos pasando por el","de arranque, entonces ya San Pablo era como si estamos pasando por el",0.0462,0.0833,1.0462,computed,
f01__AN_CDOTA_VIAJE_MUNDIAL_BRASIL_2014_parte_1,f01::ANÉCDOTA VIAJE MUNDIAL BRASIL 2014  parte 1::clip_0062,clip_0062,"infierno, el umbral del infierno es San Pablo entonces le digo, no creo que sea tan","infierno, el umbral del infierno a San Pablo entonces le digo, no creo que sea tan",0.0247,0.0625,0.9877,computed,
f01__AN_CDOTA_VIAJE_MUNDIAL_BRASIL_2014_parte_1,f01::ANÉCDOTA VIAJE MUNDIAL BRASIL 2014  parte 1::clip_0063,clip_0063,la evolución o sea me metí en google street lo veo las autopistas que vamos a agarrar,grave ilusión o sea me metí en google street lo veo las autopistas que vamos a agarrar,0.0706,0.1176,1.0118,computed,
f01__AN_CDOTA_VIAJE_MUNDIAL_BRASIL_2014_parte_1,f01::ANÉCDOTA VIAJE MUNDIAL BRASIL 2014  parte 1::clip_0064,clip_0064,"no, no, eso es terrible, hay que tener mucho cuidado y que esto que el otro, entonces","no, no, eso es terrible, hay que tener mucho cuidado y que esto que el otro, entonces",0.0,0.0,1.0,computed,
f01__AN_CDOTA_VIAJE_MUNDIAL_BRASIL_2014_parte_1,f01::ANÉCDOTA VIAJE MUNDIAL BRASIL 2014  parte 1::clip_0065,clip_0065,Lucía no pone en el grupo actualizar el GPS porque hicieron autopistas nuevas,"Luciano pone en el grupo, actualiza el GPS porque hicieron autopistas nuevas",0.039,0.2308,0.974,computed,
f01__AN_CDOTA_VIAJE_MUNDIAL_BRASIL_2014_parte_1,f01::ANÉCDOTA VIAJE MUNDIAL BRASIL 2014  parte 1::clip_0066,clip_0066,que no están en el viejo en el mapa que te viene con ese gps si dice el chabón yo lo,"que no están en el viejo en el mapa que te viene con ese GPS. Sí, dice el chabón, yo lo",0.0119,0.0476,1.0,computed,
f01__AN_CDOTA_VIAJE_MUNDIAL_BRASIL_2014_parte_1,f01::ANÉCDOTA VIAJE MUNDIAL BRASIL 2014  parte 1::clip_0069,clip_0069,ir en ese auto no podía ir a capital le volaba la cabeza a cualquiera más lo,ir en ese auto no podía ir a capital le volaba la cabeza cualquiera porque hacía,0.1711,0.1765,1.0526,computed,
f01__AN_CDOTA_VIAJE_MUNDIAL_BRASIL_2014_parte_1,f01::ANÉCDOTA VIAJE MUNDIAL BRASIL 2014  parte 1::clip_0070,clip_0070,tenía medio pistero entonces lo dejó dejó mi auto en la casa de mi ex en núñez y,tenía medio pistero entonces lo dejo dejo mi auto en la casa de mi ex en núñez y,0.025,0.1111,1.0,computed,
f01__AN_CDOTA_VIAJE_MUNDIAL_BRASIL_2014_parte_1,f01::ANÉCDOTA VIAJE MUNDIAL BRASIL 2014  parte 1::clip_0071,clip_0071,"todos salíamos desde Puente Saavedra, que estábamos ahí nomás. Bueno, Lulú y yo nos","todos salíamos desde Puente Saavedra, que estábamos ahí nomás. Bueno, Lulu y yo nos",0.0125,0.0714,1.0,computed,
f01__AN_CDOTA_VIAJE_MUNDIAL_BRASIL_2014_parte_1,f01::ANÉCDOTA VIAJE MUNDIAL BRASIL 2014  parte 1::clip_0072,clip_0072,vamos desde la plata y alan y juancito que eran de juancito de lanús y alan de cap de san isidro nos encontraba un punto,vamos desde la plata y alan y juancito que eran de juancito de lanús y alan de san isidro nos encontramos,0.15,0.2,0.875,computed,
f01__AN_CDOTA_VIAJE_MUNDIAL_BRASIL_2014_parte_1,f01::ANÉCDOTA VIAJE MUNDIAL BRASIL 2014  parte 1::clip_0074,clip_0074,"A ver, caemos, qué sé yo Dice, bueno, en esa época yo estaba más trastornado",saber caemos que se yo dice bueno en esa época yo estaba más trastornado,0.0694,0.2667,1.0,computed,
f01__AN_CDOTA_VIAJE_MUNDIAL_BRASIL_2014_parte_1,f01::ANÉCDOTA VIAJE MUNDIAL BRASIL 2014  parte 1::clip_0075,clip_0075,que ahora era todo el tiempo era Nashi Nashi Nashi,"que ahora era todo el tiempo, todo el tiempo era nasi, nasi, nasi",0.36,0.6,1.24,computed,
f01__AN_CDOTA_VIAJE_MUNDIAL_BRASIL_2014_parte_1,f01::ANÉCDOTA VIAJE MUNDIAL BRASIL 2014  parte 1::clip_0076,clip_0076,así entonces bueno llegamos cada uno se había armado su bolsito traemos plata traemos,"Entonces bueno, llegamos, cada uno se había armado su bolsito, traemos plata, traemos",0.0471,0.0714,0.9529,computed,
f01__AN_CDOTA_VIAJE_MUNDIAL_BRASIL_2014_parte_1,f01::ANÉCDOTA VIAJE MUNDIAL BRASIL 2014  parte 1::clip_0078,clip_0078,"subir al auto, Kai nos presenta la primera vez que veíamos al Alan real.","subir al auto, Kai nos presenta la primera vez que veíamos al Alan Real",0.0,0.0,1.0,computed,
f01__AN_CDOTA_VIAJE_MUNDIAL_BRASIL_2014_parte_1,f01::ANÉCDOTA VIAJE MUNDIAL BRASIL 2014  parte 1::clip_0079,clip_0079,próximamente llamado camión de basura. Todo el trayecto se llamó camión de,"Próximamente, llamado camión de basura. Todo el trayecto se llamó camión de basura.",0.0959,0.0833,1.0959,computed,
f01__AN_CDOTA_VIAJE_MUNDIAL_BRASIL_2014_parte_1,f01::ANÉCDOTA VIAJE MUNDIAL BRASIL 2014  parte 1::clip_0081,clip_0081,"estratégico que pasó, o sea, pasó algo que quebró el viaje, a lo cual yo lo apodé",estratégico que pasó o sea pasó algo que quebró el viaje a lo cual yo lo apodé,0.0,0.0,1.0,computed,
f01__AN_CDOTA_VIAJE_MUNDIAL_BRASIL_2014_parte_1,f01::ANÉCDOTA VIAJE MUNDIAL BRASIL 2014  parte 1::clip_0082,clip_0082,camión de basura y se lo dije o sea después de que se puso re turbio pero,camión de basura y se lo dije o sea después de que se puso returio pero,0.0274,0.1176,0.9726,computed,
f01__AN_CDOTA_VIAJE_MUNDIAL_BRASIL_2014_parte_1,f01::ANÉCDOTA VIAJE MUNDIAL BRASIL 2014  parte 1::clip_0083,clip_0083,"ahora es Alan, después va a ser el camión de basura entonces agarro, nos subimos y","ahora es Alan, después va a ser el camión de basura entonces agarro, nos subimos",0.025,0.0625,0.975,computed,
f01__AN_CDOTA_VIAJE_MUNDIAL_BRASIL_2014_parte_1,f01::ANÉCDOTA VIAJE MUNDIAL BRASIL 2014  parte 1::clip_0084,clip_0084,"cae Alan y dice, no yo traje un tupper con unos sanguchitos que preparó mi mamá",cae Alan y dice no yo traje un tupper con unos sanguchitos que preparó mi mamá,0.0,0.0,1.0,computed,
f01__AN_CDOTA_VIAJE_MUNDIAL_BRASIL_2014_parte_1,f01::ANÉCDOTA VIAJE MUNDIAL BRASIL 2014  parte 1::clip_0085,clip_0085,Es para que lleguemos más o menos hasta Uruguay Puerta con Brasil y podamos,es para que lleguemos más o menos hasta Uruguay Puerta con Brasil y podamos,0.0,0.0,1.0,computed,
f01__AN_CDOTA_VIAJE_MUNDIAL_BRASIL_2014_parte_1,f01::ANÉCDOTA VIAJE MUNDIAL BRASIL 2014  parte 1::clip_0086,clip_0086,"con esto tenemos que llegar, el chabón sacó un tupper con, no sé, había, ponele","Con esto tenemos que llegar, el chabón sacó un tupper Con, no sé, había, ponele",0.0,0.0,1.0,computed,
f01__AN_CDOTA_VIAJE_MUNDIAL_BRASIL_2014_parte_1,f01::ANÉCDOTA VIAJE MUNDIAL BRASIL 2014  parte 1::clip_0089,clip_0089,adentro de un tupper guarda un gorrito de Argentina. Entonces el chabón lo veo que viene con un tupper de comida y un,"adentro de un tupper, guarda un gorrito de Argentina. Entonces el chabón lo veo que viene con un tupper de comida y un",0.0,0.0,1.0,computed,
f01__AN_CDOTA_VIAJE_MUNDIAL_BRASIL_2014_parte_1,f01::ANÉCDOTA VIAJE MUNDIAL BRASIL 2014  parte 1::clip_0090,clip_0090,"tupper con un gorrito adentro. Entonces Juancito le dice, escuchame, hay un gorro adentro del tupper.","un tupper con un gorro adentro. Entonces Juancito le dice, escuchame, hay un gorro adentro del tupper.",0.0515,0.125,1.0103,computed,
f01__AN_CDOTA_VIAJE_MUNDIAL_BRASIL_2014_parte_1,f01::ANÉCDOTA VIAJE MUNDIAL BRASIL 2014  parte 1::clip_0092,clip_0092,así para que no agarre olor.,"así, para que no agarre olor bueno",0.2222,0.1667,1.2222,computed,
f01__AN_CDOTA_VIAJE_MUNDIAL_BRASIL_2014_parte_1,f01::ANÉCDOTA VIAJE MUNDIAL BRASIL 2014  parte 1::clip_0093,clip_0093,"Lo que era para que no haga reloj, amigos, era una cámara al vacío de caca.","Lo que era para que no haga reolor, amigos, era una cámara al vacío de caca.",0.0278,0.0625,1.0139,computed,
f01__AN_CDOTA_VIAJE_MUNDIAL_BRASIL_2014_parte_1,f01::ANÉCDOTA VIAJE MUNDIAL BRASIL 2014  parte 1::clip_0094,clip_0094,"O sea, era como tener un sorete, guardarlo en un tupper y decir ¿Hay olor a caca todo el año?","O sea, era como tener un sorete, guardarlo en un tupper y decir ¿Hay olor a caca todo el año?",0.0,0.0,1.0,computed,
f01__AN_CDOTA_VIAJE_MUNDIAL_BRASIL_2014_parte_1,f01::ANÉCDOTA VIAJE MUNDIAL BRASIL 2014  parte 1::clip_0095,clip_0095,de caca o sea está perder gorrito con caca entonces lo que no nunca,de caca o sea tupper de gorrito con caca entonces lo que no nunca,0.0896,0.1429,0.9701,computed,
f01__AN_CDOTA_VIAJE_MUNDIAL_BRASIL_2014_parte_1,f01::ANÉCDOTA VIAJE MUNDIAL BRASIL 2014  parte 1::clip_0096,clip_0096,"abrimos el tupper. O sea, hasta no llegar a Brasil no sabíamos de esto. Deja el tupper","Abrimos el tupper. O sea, hasta no llegar a Brasil No sabíamos de esto. Deja el tupper",0.0,0.0,1.0,computed,
f01__AN_CDOTA_VIAJE_MUNDIAL_BRASIL_2014_parte_1,f01::ANÉCDOTA VIAJE MUNDIAL BRASIL 2014  parte 1::clip_0098,clip_0098,subimos a Panamericana hablando de las reglas de convivencia y demás,subimos a panamericana hablando de las reglas de convivencia y demás y que,0.0882,0.1818,1.0882,computed,
f01__AN_CDOTA_VIAJE_MUNDIAL_BRASIL_2014_parte_1,f01::ANÉCDOTA VIAJE MUNDIAL BRASIL 2014  parte 1::clip_0099,clip_0099,"esto que lo otro, bueno, entonces bueno estábamos ahí en el viaje, arrancamos","toque lo otro, bueno, entonces bueno estábamos ahí en el viaje, arrancamos",0.0405,0.1538,0.9595,computed,
f01__AN_CDOTA_VIAJE_MUNDIAL_BRASIL_2014_parte_1,f01::ANÉCDOTA VIAJE MUNDIAL BRASIL 2014  parte 1::clip_0100,clip_0100,"sumo a Panamericana, sí, no, porque muchachos, cuidemos el auto, cuidemos esto","suma Panamericana, si no, porque muchachos, cuidemos el auto, cuidemos esto",0.0411,0.25,0.9726,computed,
f01__AN_CDOTA_VIAJE_MUNDIAL_BRASIL_2014_parte_1,f01::ANÉCDOTA VIAJE MUNDIAL BRASIL 2014  parte 1::clip_0101,clip_0101,"No hagamos cagadas, nos van a detener en Brasil Si no, no te voy a hablar, Brasil, bueno","no hagamos cagadas, nos van a detener en Brasil, si no, no te lo habrá Brasil, bueno.",0.0833,0.1667,0.9524,computed,
f01__AN_CDOTA_VIAJE_MUNDIAL_BRASIL_2014_parte_1,f01::ANÉCDOTA VIAJE MUNDIAL BRASIL 2014  parte 1::clip_0102,clip_0102,"Lulo hablando de San Pablo Lulo hablaba de San Pablo, todo lo que era, era San","Lulo hablando de San Pablo Lulo hablaba de San Pablo, todo lo que era era San",0.0,0.0,1.0,computed,
f01__AN_CDOTA_VIAJE_MUNDIAL_BRASIL_2014_parte_1,f01::ANÉCDOTA VIAJE MUNDIAL BRASIL 2014  parte 1::clip_0105,clip_0105,violar no nos vamos a morir y no iban a vender los órganos ya está amigo no,violar no nos vamos a morir y no iban a vender los órganos ya está amigo no,0.0,0.0,1.0,computed,
f01__AN_CDOTA_VIAJE_MUNDIAL_BRASIL_2014_parte_1,f01::ANÉCDOTA VIAJE MUNDIAL BRASIL 2014  parte 1::clip_0107,clip_0107,todos que que nadie quiere tener una losa mala todavía ni salimos de buenos,todos que que nadie quiere tener una losa mala todavía ni salimos de buenos,0.0,0.0,1.0,computed,
f01__AN_CDOTA_VIAJE_MUNDIAL_BRASIL_2014_parte_1,f01::ANÉCDOTA VIAJE MUNDIAL BRASIL 2014  parte 1::clip_0111,clip_0111,casquito por arriba de la ventana del,casquito por arriba de la ventana,0.1081,0.1429,0.8919,computed,
f01__AN_CDOTA_VIAJE_MUNDIAL_BRASIL_2014_parte_1,f01::ANÉCDOTA VIAJE MUNDIAL BRASIL 2014  parte 1::clip_0112,clip_0112,"Sale el casquito volando Claro, atrás venía un auto Yo como un","sale el casquito volando claro, atrás venía un auto",0.1803,0.25,0.8197,computed,
f01__AN_CDOTA_VIAJE_MUNDIAL_BRASIL_2014_parte_1,f01::ANÉCDOTA VIAJE MUNDIAL BRASIL 2014  parte 1::clip_0114,clip_0114,"arrancarías así, tiraste un casquito en Panamericana, o sea, amigo, aparte dice",arrancarías así tiraste un casquito en panamericana o sea amigo aparte dice,0.0,0.0,1.0,computed,
f01__AN_CDOTA_VIAJE_MUNDIAL_BRASIL_2014_parte_1,f01::ANÉCDOTA VIAJE MUNDIAL BRASIL 2014  parte 1::clip_0115,clip_0115,casco yo lo uso en el trabajo o sea nos podemos arrancar el viaje así bueno a todo,casco yo lo uso en el trabajo o sea no podemos arrancar el viaje así bueno a todos,0.0244,0.1111,1.0,computed,
f01__AN_CDOTA_VIAJE_MUNDIAL_BRASIL_2014_parte_1,f01::ANÉCDOTA VIAJE MUNDIAL BRASIL 2014  parte 1::clip_0116,clip_0116,discusiones y yo tengo hambre bueno bueno que para comer frenar comer algo no,solución y si yo tengo hambre bueno bueno que para comer frenar a comer algo no,0.1558,0.2143,1.026,computed,
f01__AN_CDOTA_VIAJE_MUNDIAL_BRASIL_2014_parte_1,f01::ANÉCDOTA VIAJE MUNDIAL BRASIL 2014  parte 1::clip_0117,clip_0117,comprar algo yo le digo no agarra el tupper de los sándwiches no pero y ahí,yo le digo no agarra el tupper de los sándwiches no pero ya,0.2133,0.25,0.7867,computed,
f01__AN_CDOTA_VIAJE_MUNDIAL_BRASIL_2014_parte_1,f01::ANÉCDOTA VIAJE MUNDIAL BRASIL 2014  parte 1::clip_0118,clip_0118,"Ahí empezó el niño racionador. Ahí Alan dice, no, no, no, estos son muchos, son como para...",empezó el niño racionador ahí alan dice no no no estos son muchos son como para,0.0482,0.0588,0.9518,computed,
f01__AN_CDOTA_VIAJE_MUNDIAL_BRASIL_2014_parte_1,f01::ANÉCDOTA VIAJE MUNDIAL BRASIL 2014  parte 1::clip_0120,clip_0120,comemos la mitad y después la otra mitad como amigo cuestión que no habíamos salido de buenos aires,comemos la mitad y después la otra mitad la como amigo cuestión que no habíamos salido de buenos aires que ya,0.101,0.1667,1.101,computed,
f01__AN_CDOTA_VIAJE_MUNDIAL_BRASIL_2014_parte_1,f01::ANÉCDOTA VIAJE MUNDIAL BRASIL 2014  parte 1::clip_0121,clip_0121,"no quedaba un sándwich, nos habíamos comido todos los sándwiches del tamper.","no quedaba un sandwich, nos habíamos comido todos los sandwich del tamper",0.0541,0.1667,0.973,computed,
f01__AN_CDOTA_VIAJE_MUNDIAL_BRASIL_2014_parte_1,f01::ANÉCDOTA VIAJE MUNDIAL BRASIL 2014  parte 1::clip_0122,clip_0122,el chabón decía no porque mi mamá prepara esto para todo el viaje nos lo comimos todos eran las dos de la,"Y el chabón decía, no, mi mamá prepara esto para todo el viaje, nos lo comimos todos, eran las dos de la mañana.",0.1524,0.1364,1.019,computed,
f01__AN_CDOTA_VIAJE_MUNDIAL_BRASIL_2014_parte_1,f01::ANÉCDOTA VIAJE MUNDIAL BRASIL 2014  parte 1::clip_0123,clip_0123,"Mañana había emocionado todo. O sea, ya pintaba para ser un viaje distinto.","mañana, habíamos cenado todo, o sea ya pintaba para hacer un viaje distinto",0.125,0.2308,1.0139,computed,
f01__AN_CDOTA_VIAJE_MUNDIAL_BRASIL_2014_parte_1,f01::ANÉCDOTA VIAJE MUNDIAL BRASIL 2014  parte 1::clip_0124,clip_0124,entonces voy a empezar a mostrar imágenes de los personajes este fue,entonces voy a empezar a mostrar imágenes de los personajes este fue,0.0,0.0,1.0,computed,
f01__AN_CDOTA_VIAJE_MUNDIAL_BRASIL_2014_parte_1,f01::ANÉCDOTA VIAJE MUNDIAL BRASIL 2014  parte 1::clip_0127,clip_0127,"580, ¿sí? No quiero perderme detalles, porque la verdad es una anécdota muy larga, porque fue un viaje extremadamente largo. Cuestión que...","580, ¿sí? No quiero perderme detalles porque la verdad es una anécdota muy larga porque fue un viaje extremadamente largo. Cuestión que...",0.0,0.0,1.0,computed,
f01__AN_CDOTA_VIAJE_MUNDIAL_BRASIL_2014_parte_1,f01::ANÉCDOTA VIAJE MUNDIAL BRASIL 2014  parte 1::clip_0128,clip_0128,viaje arranca pasamos árate entramos,viaje arranca pasamos zárate entramos,0.0278,0.2,1.0278,computed,
f01__AN_CDOTA_VIAJE_MUNDIAL_BRASIL_2014_parte_1,f01::ANÉCDOTA VIAJE MUNDIAL BRASIL 2014  parte 1::clip_0129,clip_0129,uruguay lo que se acuerdan que lo que les decían era gente hagan el ingreso y,"Uruguay, ¿se acuerdan que lo que les decían era, gente, hagan el ingreso y",0.0909,0.125,0.9091,computed,
f01__AN_CDOTA_VIAJE_MUNDIAL_BRASIL_2014_parte_1,f01::ANÉCDOTA VIAJE MUNDIAL BRASIL 2014  parte 1::clip_0130,clip_0130,hagan el egreso porque se comen una multa cuestión que pasamos uruguay no se,hagan el egreso porque se comen una multa cuestión que pasamos uruguay no se,0.0,0.0,1.0,computed,
f01__AN_CDOTA_VIAJE_MUNDIAL_BRASIL_2014_parte_1,f01::ANÉCDOTA VIAJE MUNDIAL BRASIL 2014  parte 1::clip_0131,clip_0131,por donde y pasamos bien nos sellan la salida todo bien entramos se viene ese,por dónde y pasamos bien nos sellan la salida todo bien entramos se viene ese,0.013,0.0667,1.0,computed,
f01__AN_CDOTA_VIAJE_MUNDIAL_BRASIL_2014_parte_1,f01::ANÉCDOTA VIAJE MUNDIAL BRASIL 2014  parte 1::clip_0133,clip_0133,decidí no pagarlo con el dinero que yo uso mensualmente un amigo me recomendó,"y decidí no pagarlo con el dinero que yo uso mensualmente, un amigo me recomendó",0.026,0.0714,1.026,computed,
f01__AN_CDOTA_VIAJE_MUNDIAL_BRASIL_2014_parte_1,f01::ANÉCDOTA VIAJE MUNDIAL BRASIL 2014  parte 1::clip_0134,clip_0134,"una página llamavinomo.com, es una página en la cual ustedes van...",una página llamada binomo.com. Es una página en la cual ustedes van...,0.0635,0.1667,1.0476,computed,
f01__AN_CDOTA_VIAJE_MUNDIAL_BRASIL_2014_parte_1,f01::ANÉCDOTA VIAJE MUNDIAL BRASIL 2014  parte 1::clip_0145,clip_0145,descripción del vídeo pásense a todo esto siempre recordándole luciano,descripción del vídeo pásense a todo esto siempre recordándole luciano,0.0,0.0,1.0,computed,
f01__AN_CDOTA_VIAJE_MUNDIAL_BRASIL_2014_parte_1,f01::ANÉCDOTA VIAJE MUNDIAL BRASIL 2014  parte 1::clip_0146,clip_0146,Diciéndole que tenemos que entrar y que no sé qué El GPS lo ponen y el auto agarró,Diciéndole que tenemos que entrar y que no sé qué El GPS lo ponen y el auto agarró,0.0,0.0,1.0,computed,
f01__AN_CDOTA_VIAJE_MUNDIAL_BRASIL_2014_parte_1,f01::ANÉCDOTA VIAJE MUNDIAL BRASIL 2014  parte 1::clip_0147,clip_0147,"por otro lado, entonces, claro lo que nosotros no queríamos era entrar por nosotros","por otro lado. Entonces, claro, lo que nosotros no queríamos era entrar por nosotros.",0.0,0.0,1.0,computed,
f01__AN_CDOTA_VIAJE_MUNDIAL_BRASIL_2014_parte_1,f01::ANÉCDOTA VIAJE MUNDIAL BRASIL 2014  parte 1::clip_0148,clip_0148,sé dónde que era que estaba toda la cola de argentino que tenía para pasar seis,"sé dónde, que era que estaba toda la cola de argentino que tenía para pasar 6.",0.0506,0.0625,0.962,computed,
f01__AN_CDOTA_VIAJE_MUNDIAL_BRASIL_2014_parte_1,f01::ANÉCDOTA VIAJE MUNDIAL BRASIL 2014  parte 1::clip_0149,clip_0149,"horas con él, y pasamos por un lugar no pasaba nada, todo esto durmiendo llegamos","horas ponele, y pasamos por un lugar, no pasaba nada, todo esto durmiendo, llegamos",0.0506,0.1333,1.0,computed,
f01__AN_CDOTA_VIAJE_MUNDIAL_BRASIL_2014_parte_1,f01::ANÉCDOTA VIAJE MUNDIAL BRASIL 2014  parte 1::clip_0152,clip_0152,"Juancito y yo adelante, manejaba él o manejaba yo Y atrás","Juancito y yo adelante, manejaba él o manejaba yo y atrás",0.0,0.0,1.0,computed,
f01__AN_CDOTA_VIAJE_MUNDIAL_BRASIL_2014_parte_1,f01::ANÉCDOTA VIAJE MUNDIAL BRASIL 2014  parte 1::clip_0153,clip_0153,"Alan y Luciano, ir adelante era como el premio mayor, o sea, estabas, era yo te juro","Alan y Luciano. Ir adelante era como el premio mayor, o sea, estabas, era yo te juro.",0.0,0.0,1.0,computed,
f01__AN_CDOTA_VIAJE_MUNDIAL_BRASIL_2014_parte_1,f01::ANÉCDOTA VIAJE MUNDIAL BRASIL 2014  parte 1::clip_0156,clip_0156,"allí, horas y horas y horas bueno, íbamos de parejitas, íbamos","así, horas y horas y horas bueno, íbamos de parejitas, íbamos",0.0339,0.0909,0.9831,computed,
f01__AN_CDOTA_VIAJE_MUNDIAL_BRASIL_2014_parte_1,f01::ANÉCDOTA VIAJE MUNDIAL BRASIL 2014  parte 1::clip_0157,clip_0157,Yendo para Brasil Nos dormimos Los que Obviamente El que iba adelante Tenía que encargarse De que el conductor No se duerma Acompañaste,yendo para Brasil nos dormimos los que obviamente el que iba adelante tenía que encargarse de que el conductor no se duerma acompañate,0.0074,0.0435,0.9926,computed,
f01__AN_CDOTA_VIAJE_MUNDIAL_BRASIL_2014_parte_1,f01::ANÉCDOTA VIAJE MUNDIAL BRASIL 2014  parte 1::clip_0158,clip_0158,tenía que despertar al conductor. En un momento íbamos Juancito y yo manejando,tenía que despertar el conductor. En un momento íbamos Juancito y yo manejando,0.013,0.0769,1.0,computed,
f01__AN_CDOTA_VIAJE_MUNDIAL_BRASIL_2014_parte_1,f01::ANÉCDOTA VIAJE MUNDIAL BRASIL 2014  parte 1::clip_0159,clip_0159,Y Lulo atrás con Ayan Cuando estábamos manejando Yo escucho que el,Y Lulo atrás con Ayan Cuando estábamos manejando Yo escucho que el,0.0,0.0,1.0,computed,
f01__AN_CDOTA_VIAJE_MUNDIAL_BRASIL_2014_parte_1,f01::ANÉCDOTA VIAJE MUNDIAL BRASIL 2014  parte 1::clip_0160,clip_0160,que empezaba a ser el camión de basura empieza a hacer ruidos y hace amigos le,que empezaba a hacer el camión de basura empieza a hacer ruidos y hace amigos les,0.0513,0.125,1.0385,computed,
f01__AN_CDOTA_VIAJE_MUNDIAL_BRASIL_2014_parte_1,f01::ANÉCDOTA VIAJE MUNDIAL BRASIL 2014  parte 1::clip_0162,clip_0162,El ruido del ronquido era este. Estaba así.,ruido del ronquido era éste estaba así,0.0976,0.25,0.9268,computed,
f01__AN_CDOTA_VIAJE_MUNDIAL_BRASIL_2014_parte_1,f01::ANÉCDOTA VIAJE MUNDIAL BRASIL 2014  parte 1::clip_0163,clip_0163,se dormía con esta cara amigos se lo juro no estoy exagerando lo en,"Y se dormía con esta cara. Amigos, se lo juro. No estoy exagerando hoy.",0.0896,0.2143,1.0,computed,
f01__AN_CDOTA_VIAJE_MUNDIAL_BRASIL_2014_parte_1,f01::ANÉCDOTA VIAJE MUNDIAL BRASIL 2014  parte 1::clip_0167,clip_0167,"Mirá, después lo hablamos, pero no arranquemos el viaje así, amigo, recién.","Mirá, después lo hablamos, pero no arranquemos el viaje así, amigo, recién.",0.0,0.0,1.0,computed,
f01__AN_CDOTA_VIAJE_MUNDIAL_BRASIL_2014_parte_1,f01::ANÉCDOTA VIAJE MUNDIAL BRASIL 2014  parte 1::clip_0168,clip_0168,vamos no sé 700 kilómetros si vamos a 700 kilómetros amigos el chaval ya se durmió no,"Vamos, no sé, 700 kilómetros Sí, vamos 700 kilómetros, amigo El chaval ya se durmió, ¿no?",0.0471,0.1765,0.9647,computed,
f01__AN_CDOTA_VIAJE_MUNDIAL_BRASIL_2014_parte_1,f01::ANÉCDOTA VIAJE MUNDIAL BRASIL 2014  parte 1::clip_0170,clip_0170,"camión de basura, digo, agarrá poné la pala del camión de basura cuando está compactando basura, es más silencioso que","camión de basura. Digo, agarra, pone la pala del camión de basura cuando está compactando basura, es más ineciso que eso.",0.087,0.2,1.0087,computed,
f01__AN_CDOTA_VIAJE_MUNDIAL_BRASIL_2014_parte_1,f01::ANÉCDOTA VIAJE MUNDIAL BRASIL 2014  parte 1::clip_0172,clip_0172,moría amigos o sea si se va a morir que pase algo sea que se muera o que se despierte pero que,moría amigos o sea si se va a morir que pase algo sea o que se muera o que se despierte pero que,0.0213,0.0455,1.0213,computed,
f01__AN_CDOTA_VIAJE_MUNDIAL_BRASIL_2014_parte_1,f01::ANÉCDOTA VIAJE MUNDIAL BRASIL 2014  parte 1::clip_0173,clip_0173,"bueno, a todo esto, yo ya estaba, o sea, hasta ahí estaba bien porque yo iba",bueno a todo esto yo ya estaba o sea hasta ahí estaba bien porque lleva,0.0694,0.125,0.9861,computed,
f01__AN_CDOTA_VIAJE_MUNDIAL_BRASIL_2014_parte_1,f01::ANÉCDOTA VIAJE MUNDIAL BRASIL 2014  parte 1::clip_0174,clip_0174,y todavía no me había dormido en el tiempo que se había dormido él.,y todavía no me había dormido en el tiempo que se había dormido él,0.0,0.0,1.0,computed,
f01__AN_CDOTA_VIAJE_MUNDIAL_BRASIL_2014_parte_1,f01::ANÉCDOTA VIAJE MUNDIAL BRASIL 2014  parte 1::clip_0175,clip_0175,"Entonces, bueno nada, estábamos en viaje, ya estábamos llegando a Brasil.",entonces bueno nada estábamos en viaje ya estábamos llegando a brasil en un,0.087,0.1818,1.087,computed,
f01__AN_CDOTA_VIAJE_MUNDIAL_BRASIL_2014_parte_1,f01::ANÉCDOTA VIAJE MUNDIAL BRASIL 2014  parte 1::clip_0177,clip_0177,soy Fangio yo soy Ayrton Senna,Soy Fangio Yo soy Ayrton Senna,0.0,0.0,1.0,computed,
f01__AN_CDOTA_VIAJE_MUNDIAL_BRASIL_2014_parte_1,f01::ANÉCDOTA VIAJE MUNDIAL BRASIL 2014  parte 1::clip_0178,clip_0178,"A todo esto todos nos mirábamos porque tenía una pinta de que era todo mentira. Cuestión, amigos, que tenía un GPS de...","A todo esto todos nos mirábamos porque tenía una pinta de que era todo mentira. Cuestión, amigos, que tenía un GPS...",0.0263,0.0455,0.9737,computed,
f01__AN_CDOTA_VIAJE_MUNDIAL_BRASIL_2014_parte_1,f01::ANÉCDOTA VIAJE MUNDIAL BRASIL 2014  parte 1::clip_0180,clip_0180,10 metros entonces en un momento claro Juancito que era el dueño del auto dijo,"10 metros Entonces en un momento, claro Juancito que era el dueño del auto",0.0641,0.0667,0.9359,computed,
f01__AN_CDOTA_VIAJE_MUNDIAL_BRASIL_2014_parte_1,f01::ANÉCDOTA VIAJE MUNDIAL BRASIL 2014  parte 1::clip_0181,clip_0181,rabia decía boludo te estás comiendo todos los pozos vamos a reventar una cubierta,"Rebe decía, boludo, te estás comiendo todos los pozos, vamos a reventar una cubierta.",0.0366,0.0714,0.9878,computed,
f01__AN_CDOTA_VIAJE_MUNDIAL_BRASIL_2014_parte_1,f01::ANÉCDOTA VIAJE MUNDIAL BRASIL 2014  parte 1::clip_0182,clip_0182,o sea fíjate esquivar los pozos dice no no si pasa que si esquivaba hueso,"o sea, fíjate, esquivarle a los pozos. Dice, no, no, si pasa que si esquivaba huesos...",0.0685,0.2,1.0685,computed,
f01__AN_CDOTA_VIAJE_MUNDIAL_BRASIL_2014_parte_1,f01::ANÉCDOTA VIAJE MUNDIAL BRASIL 2014  parte 1::clip_0184,clip_0184,"Estamos en el medio de la selva, te das cuenta que acá no hay nada Bueno, Juancito, ya lo último Íbamos todos así, con cara de orto Y hacía","Estamos en el medio de la selva, te das cuenta que acá no hay nada Bueno, Juancito, ya lo último Íbamos todos así, con cara de orto Y hacía... ¡Pla!",0.0296,0.0345,1.0296,computed,
f01__AN_CDOTA_VIAJE_MUNDIAL_BRASIL_2014_parte_1,f01::ANÉCDOTA VIAJE MUNDIAL BRASIL 2014  parte 1::clip_0186,clip_0186,"nada, porque ya el ambiente adentro del auto estaba bastante tenso, a todo esto","nada, porque ya el ambiente adentro del auto estaba bastante tenso, a todo esto",0.0,0.0,1.0,computed,
f01__AN_CDOTA_VIAJE_MUNDIAL_BRASIL_2014_parte_1,f01::ANÉCDOTA VIAJE MUNDIAL BRASIL 2014  parte 1::clip_0187,clip_0187,Luciano ya se empezaba a poner ansioso porque San Pablo se acercaba.,Luciano ya se empezaba a poner ansioso porque San Pablo se acercaba,0.0,0.0,1.0,computed,
f01__AN_CDOTA_VIAJE_MUNDIAL_BRASIL_2014_parte_1,f01::ANÉCDOTA VIAJE MUNDIAL BRASIL 2014  parte 1::clip_0188,clip_0188,"O sea, ya... ¡Ah, no, no! ¡Paren! Antes de eso, en un momento me despierto y se vamos a cargar...",ya ya no no paren antes de eso en un momento me despierto y se vamos a cargar,0.0843,0.15,0.9277,computed,
f01__AN_CDOTA_VIAJE_MUNDIAL_BRASIL_2014_parte_1,f01::ANÉCDOTA VIAJE MUNDIAL BRASIL 2014  parte 1::clip_0190,clip_0190,Hola si como te va lleno de premium,hola si como te va lleno de premium,0.0,0.0,1.0,computed,
f01__AN_CDOTA_VIAJE_MUNDIAL_BRASIL_2014_parte_1,f01::ANÉCDOTA VIAJE MUNDIAL BRASIL 2014  parte 1::clip_0196,clip_0196,"Es VR, ¿te das cuenta? Entonces le digo, loco, ¿dónde estamos? Entonces dice...","me digo, es VR, te das cuenta entonces le digo, loco, ¿dónde estamos? entonces dice",0.1159,0.1538,1.1159,computed,
f01__AN_CDOTA_VIAJE_MUNDIAL_BRASIL_2014_parte_1,f01::ANÉCDOTA VIAJE MUNDIAL BRASIL 2014  parte 1::clip_0197,clip_0197,Rivera esto es partido Rivera no sé qué mierda me entró a decir digo pero esto,"Rivera, esto es partido de Rivera, no sé qué mierda me entró a decir, digo, pero esto",0.0385,0.0625,1.0385,computed,
f01__AN_CDOTA_VIAJE_MUNDIAL_BRASIL_2014_parte_1,f01::ANÉCDOTA VIAJE MUNDIAL BRASIL 2014  parte 1::clip_0199,clip_0199,una persona que hablaba español entonces,"una persona que hablaba español, entonces",0.0,0.0,1.0,computed,
f01__AN_CDOTA_VIAJE_MUNDIAL_BRASIL_2014_parte_1,f01::ANÉCDOTA VIAJE MUNDIAL BRASIL 2014  parte 1::clip_0200,clip_0200,dice no ustedes entraron acá hay una frontera que es uruguay y brasil y,dice no ustedes entraron acá hay una frontera que es todo uruguay y brasil y,0.0704,0.0714,1.0704,computed,
f01__AN_CDOTA_VIAJE_MUNDIAL_BRASIL_2014_parte_1,f01::ANÉCDOTA VIAJE MUNDIAL BRASIL 2014  parte 1::clip_0201,clip_0201,"es frontera, entonces hablan portugués, pero este es el lado de Brasil, uy boludo","frontera, entonces hablan portugués, pero este es el lado de Brasil. Uy, boludo.",0.0385,0.0714,0.9615,computed,
f01__AN_CDOTA_VIAJE_MUNDIAL_BRASIL_2014_parte_1,f01::ANÉCDOTA VIAJE MUNDIAL BRASIL 2014  parte 1::clip_0202,clip_0202,No hicimos la entrada al país Estamos sembrando,"dije, no pasamos por él, no hicimos la entrada al país, estamos sembrados",0.5319,0.75,1.4894,computed,
f01__AN_CDOTA_VIAJE_MUNDIAL_BRASIL_2014_parte_1,f01::ANÉCDOTA VIAJE MUNDIAL BRASIL 2014  parte 1::clip_0205,clip_0205,"Lula todo esto ya estaba desquiciado. Decía, esto ya me huele mal, ya",Lula todo esto ya estaba desquiciado decía esto ya me huele mal,0.0455,0.0769,0.9545,computed,
f01__AN_CDOTA_VIAJE_MUNDIAL_BRASIL_2014_parte_1,f01::ANÉCDOTA VIAJE MUNDIAL BRASIL 2014  parte 1::clip_0206,clip_0206,estamos llegando a san pablo y no están prestando atención y saben,estamos llegando a San Pablo y no están prestando atención y saben,0.0,0.0,1.0,computed,
f01__AN_CDOTA_VIAJE_MUNDIAL_BRASIL_2014_parte_1,f01::ANÉCDOTA VIAJE MUNDIAL BRASIL 2014  parte 1::clip_0207,clip_0207,qué pasa si en san pablo nos equivocamos bueno dios luciano cálmate porque faltan mil,"¿Qué pasa si en San Pablo nos equivocamos? Bueno, digo, Luciano, calmate Porque faltan mil",0.0353,0.1333,1.0,computed,
f01__AN_CDOTA_VIAJE_MUNDIAL_BRASIL_2014_parte_1,f01::ANÉCDOTA VIAJE MUNDIAL BRASIL 2014  parte 1::clip_0209,clip_0209,"falta para San Pablo, falta un montón para San Pablo, bueno, agarramos, le digo, dice, cambiemos, que no maneje más este chabón,","falta un montón para San Pablo, bueno agarramos, le digo, dice cambiemos, que no maneje más este chavo",0.2,0.2273,0.8167,computed,
f01__AN_CDOTA_VIAJE_MUNDIAL_BRASIL_2014_parte_1,f01::ANÉCDOTA VIAJE MUNDIAL BRASIL 2014  parte 1::clip_0210,clip_0210,porque está agarrando todos los pozos y acá la ruta está malísima a todo esto,Porque está agarrando todos los pozos Y acá la ruta está malísima A todos estos,0.026,0.1333,1.026,computed,
f01__AN_CDOTA_VIAJE_MUNDIAL_BRASIL_2014_parte_1,f01::ANÉCDOTA VIAJE MUNDIAL BRASIL 2014  parte 1::clip_0211,clip_0211,frenamos en esta estación y veíamos por la televisión que había un montón de,frenamos en esta estación y veíamos por la televisión que había un montón de,0.0,0.0,1.0,computed,
f01__AN_CDOTA_VIAJE_MUNDIAL_BRASIL_2014_parte_1,f01::ANÉCDOTA VIAJE MUNDIAL BRASIL 2014  parte 1::clip_0212,clip_0212,argentinos que se mataban en la ruta me acuerdo que en un día murieron 11 argentinos porque allá la ruta,"argentinos que se mataban en la ruta. Me acuerdo que en un día murieron 11 argentinos, porque allá en la ruta hay",0.0673,0.1,1.0673,computed,
f01__AN_CDOTA_VIAJE_MUNDIAL_BRASIL_2014_parte_1,f01::ANÉCDOTA VIAJE MUNDIAL BRASIL 2014  parte 1::clip_0213,clip_0213,"hay muchas que son de montaña y no tienen guarray, entonces vos seguís de largo y",Hay muchas que son de montaña y no tienen warrai. Entonces vos seguís de largo.,0.0625,0.125,0.9625,computed,
f01__AN_CDOTA_VIAJE_MUNDIAL_BRASIL_2014_parte_1,f01::ANÉCDOTA VIAJE MUNDIAL BRASIL 2014  parte 1::clip_0214,clip_0214,"Viajadas, viajadas hasta el fondo Entonces agarra, ya estábamos todos re perseguidos","viajada, viajada hasta el fondo, entonces agarra, ya estábamos todos re perseguidos",0.0244,0.1667,0.9756,computed,
f01__AN_CDOTA_VIAJE_MUNDIAL_BRASIL_2014_parte_1,f01::ANÉCDOTA VIAJE MUNDIAL BRASIL 2014  parte 1::clip_0215,clip_0215,"Estamos en la autopista, a todo esto ya, dormir de día, todos chivados, estamos",estamos en la autopista a todo esto ya dormir de día todo chivados estábamos,0.04,0.1429,1.0133,computed,
f01__AN_CDOTA_VIAJE_MUNDIAL_BRASIL_2014_parte_1,f01::ANÉCDOTA VIAJE MUNDIAL BRASIL 2014  parte 1::clip_0221,clip_0221,vez levantabas temperatura entonces te levantaba todo chivado por arriba por,vez levantabas temperatura entonces te levantabas todo chivado por arriba por,0.0132,0.0909,1.0132,computed,
f01__AN_CDOTA_VIAJE_MUNDIAL_BRASIL_2014_parte_1,f01::ANÉCDOTA VIAJE MUNDIAL BRASIL 2014  parte 1::clip_0226,clip_0226,"para manejar de diferentes maneras, o sea al que le tocaba, le tocaba, no podíamos","para manejar de diferentes maneras, o sea al que le tocaba, le tocaba, no podíamos",0.0,0.0,1.0,computed,
f01__AN_CDOTA_VIAJE_MUNDIAL_BRASIL_2014_parte_1,f01::ANÉCDOTA VIAJE MUNDIAL BRASIL 2014  parte 1::clip_0227,clip_0227,"respetábamos las horas de sueño y de manejo o sea, nunca una persona podía manejar más de 8 horas, el turno anterior","respetábamos las horas de sueño y de manejo o sea, nunca una persona podía manejar más de 8 horas, el turno anterior",0.0,0.0,1.0,computed,
f01__AN_CDOTA_VIAJE_MUNDIAL_BRASIL_2014_parte_1,f01::ANÉCDOTA VIAJE MUNDIAL BRASIL 2014  parte 1::clip_0228,clip_0228,Había sido el de Lulo Y no Había sido el de Juancito Y yo Le tocaba a Lulo y a él,"había sido el de Lulo, que no, había sido el de Juancito y yo, le tocaba a Lulo y a él",0.037,0.0476,1.0247,computed,
f01__AN_CDOTA_VIAJE_MUNDIAL_BRASIL_2014_parte_1,f01::ANÉCDOTA VIAJE MUNDIAL BRASIL 2014  parte 1::clip_0230,clip_0230,"gordo. Bueno, le tocaba a Alan. Ya camión de basura. Entonces, Luciano se","bordo. Bueno, le tocaba a Alan. Ya camión de basura. Entonces, Luciano se",0.0147,0.0769,1.0,computed,
f01__AN_CDOTA_VIAJE_MUNDIAL_BRASIL_2014_parte_1,f01::ANÉCDOTA VIAJE MUNDIAL BRASIL 2014  parte 1::clip_0231,clip_0231,"sienta de copiloto y el chabón adelante. Entonces, estábamos viendo los carteles de cercanía a San Pablo. Entonces, siempre...",sienta de copiloto y el chabón adelante entonces estábamos viendo los carteles de cercanía a san pablo entonces siempre,0.0,0.0,1.0,computed,
f01__AN_CDOTA_VIAJE_MUNDIAL_BRASIL_2014_parte_1,f01::ANÉCDOTA VIAJE MUNDIAL BRASIL 2014  parte 1::clip_0232,clip_0232,"Ah, también el problema era que decían, che, el asiento más adelante, loco.","Ah, también el problema era que decían Che, el asiento más adelante, loco",0.0,0.0,1.0,computed,
f01__AN_CDOTA_VIAJE_MUNDIAL_BRASIL_2014_parte_1,f01::ANÉCDOTA VIAJE MUNDIAL BRASIL 2014  parte 1::clip_0234,clip_0234,"cartel y yo veía que Luciano ya empezaba a a ponerse loco, entonces Luciano","cartel y yo veía que Luciano ya empezaba a a ponerse loco, entonces Luciano",0.0,0.0,1.0,computed,
f01__AN_CDOTA_VIAJE_MUNDIAL_BRASIL_2014_parte_1,f01::ANÉCDOTA VIAJE MUNDIAL BRASIL 2014  parte 1::clip_0235,clip_0235,"copiloto y el gordo manejando, el camión de basura manejando","copiloto y el gordo manejando, el camión de basura manejando.",0.0,0.0,1.0,computed,
f01__AN_CDOTA_VIAJE_MUNDIAL_BRASIL_2014_parte_1,f01::ANÉCDOTA VIAJE MUNDIAL BRASIL 2014  parte 1::clip_0237,clip_0237,voy a decir vos no vas a mirar el gps si no vas a mirar el gps vas a escuchar lo que yo te digo y vas a hacer lo que yo,voy a decir vos no vas a mirar el gps si no vas a mirar el gps vas a escuchar lo que yo te digo y vas a hacer lo que yo,0.0,0.0,1.0,computed,
f01__AN_CDOTA_VIAJE_MUNDIAL_BRASIL_2014_parte_1,f01::ANÉCDOTA VIAJE MUNDIAL BRASIL 2014  parte 1::clip_0240,clip_0240,cambiado yo les había cambiado al gps la,cambiado yo les había cambiado al gps la,0.0,0.0,1.0,computed,
f01__AN_CDOTA_VIAJE_MUNDIAL_BRASIL_2014_parte_1,f01::ANÉCDOTA VIAJE MUNDIAL BRASIL 2014  parte 1::clip_0241,clip_0241,"había cambiado, vieron que todo tiene una flechita el GPS bueno, yo le había cambiado y puse un pajarito que volaba","había cambiado, vieron que todo tiene una flechita al GPS bueno, yo le había cambiado y puse un pajarito que volaba",0.0088,0.0476,1.0,computed,
f01__AN_CDOTA_VIAJE_MUNDIAL_BRASIL_2014_parte_1,f01::ANÉCDOTA VIAJE MUNDIAL BRASIL 2014  parte 1::clip_0242,clip_0242,Entonces vos veías el pajarito que volaba en el mapa Entonces estaba Vos veías el,Entonces vos veías el pajarito que volaba en el mapa Entonces vos veías el...,0.0864,0.0667,0.9136,computed,
f01__AN_CDOTA_VIAJE_MUNDIAL_BRASIL_2014_parte_1,f01::ANÉCDOTA VIAJE MUNDIAL BRASIL 2014  parte 1::clip_0246,clip_0246,"Uh, me olvidé, pero no pasa nada, seguimos los...","me olvidé, pero no pasa nada, seguimos los",0.0698,0.1111,0.9302,computed,
f01__AN_CDOTA_VIAJE_MUNDIAL_BRASIL_2014_parte_1,f01::ANÉCDOTA VIAJE MUNDIAL BRASIL 2014  parte 1::clip_0247,clip_0247,"carteles, vos sos pelotudo y ahí ilusionó, fue increíble el toque","carteles, vos sos pelotudo y ahí Luciano, fue increíble el toque",0.0635,0.0909,0.9841,computed,
f01__AN_CDOTA_VIAJE_MUNDIAL_BRASIL_2014_parte_1,f01::ANÉCDOTA VIAJE MUNDIAL BRASIL 2014  parte 1::clip_0248,clip_0248,dijo vos sos pelotudo aparte imagínate una persona con la que no tienes confianza,dijo vos sos pelotudo aparte imagínate una persona con la que no tenés confianza,0.0247,0.0714,0.9877,computed,
f01__AN_CDOTA_VIAJE_MUNDIAL_BRASIL_2014_parte_1,f01::ANÉCDOTA VIAJE MUNDIAL BRASIL 2014  parte 1::clip_0249,clip_0249,que la viste una vez en tu vida hace ahora la conoces ya se estaban insultando o sea,que la viste una vez en tu vida hace ahora la conoces ya se estaban insultando o sea,0.0,0.0,1.0,computed,
f01__AN_CDOTA_VIAJE_MUNDIAL_BRASIL_2014_parte_1,f01::ANÉCDOTA VIAJE MUNDIAL BRASIL 2014  parte 1::clip_0253,clip_0253,"Bajá la velocidad, miremos los carteles y tratemos de deducir entre todos.","bajá la velocidad, miremos los carteles y tratemos de deducir entre todos por",0.0556,0.0833,1.0556,computed,
f01__AN_CDOTA_VIAJE_MUNDIAL_BRASIL_2014_parte_1,f01::ANÉCDOTA VIAJE MUNDIAL BRASIL 2014  parte 1::clip_0254,clip_0254,"¿A dónde mierda ir? ¡No, nos vamos a morir! ¡Nos vamos a morir! ¡Lo único que te dije! ¡A tres horas!",¿A dónde mierda ir? ¡No! ¡Nos vamos a morir! ¡Nos vamos a morir! ¡Lo único que te dije! ¡A tres horas!,0.0,0.0,1.0,computed,
f01__AN_CDOTA_VIAJE_MUNDIAL_BRASIL_2014_parte_1,f01::ANÉCDOTA VIAJE MUNDIAL BRASIL 2014  parte 1::clip_0267,clip_0267,"auto. No se puede frenar acá, dice. Yo te dije que de esa derecha. ¿Qué carajo estás","auto. No se puede frenar acá, dice. Yo te dije que dos a la derecha. ¿Qué carajo estás",0.0633,0.1765,1.0253,computed,
f01__AN_CDOTA_VIAJE_MUNDIAL_BRASIL_2014_parte_1,f01::ANÉCDOTA VIAJE MUNDIAL BRASIL 2014  parte 1::clip_0268,clip_0268,"haciendo, te das cuenta, ahora estamos perdidos en San Pablo y ahora vos",haciendo? ¿Te das cuenta? Ahora estamos perdidos en San Pablo y ahora vos no,0.0429,0.0769,1.0429,computed,
f01__AN_CDOTA_VIAJE_MUNDIAL_BRASIL_2014_parte_1,f01::ANÉCDOTA VIAJE MUNDIAL BRASIL 2014  parte 1::clip_0273,clip_0273,nada por dónde vamos Jerónimo no te das cuenta el pájaro es más grande que,nada por donde vamos pero no te das cuenta el pájaro es más grande que,0.0811,0.1333,0.9459,computed,
f01__AN_CDOTA_VIAJE_MUNDIAL_BRASIL_2014_parte_1,f01::ANÉCDOTA VIAJE MUNDIAL BRASIL 2014  parte 1::clip_0275,clip_0275,es culpa del pajarito ni tampoco es,"es culpa del pajarito, ni tampoco es culpa del pajarito.",0.5429,0.4286,1.5429,computed,
f01__AN_CDOTA_VIAJE_MUNDIAL_BRASIL_2014_parte_1,f01::ANÉCDOTA VIAJE MUNDIAL BRASIL 2014  parte 1::clip_0276,clip_0276,"culpa de que... la única culpa es del chabón que no actualizó el GPS. Ya está, ahora hay que ver cómo salimos de acá. Me dice, el",culpa de que la única culpa del chabón que no actualizó el gps ya está ahora que ven como salimos acá me dice el,0.0984,0.1852,0.918,computed,
f01__AN_CDOTA_VIAJE_MUNDIAL_BRASIL_2014_parte_1,f01::ANÉCDOTA VIAJE MUNDIAL BRASIL 2014  parte 1::clip_0277,clip_0277,El GP se agarra y pone próximo retorno a 20.,gps agarra y pone próximo retorno a 20,0.1163,0.3,0.8837,computed,
f01__AN_CDOTA_VIAJE_MUNDIAL_BRASIL_2014_parte_1,f01::ANÉCDOTA VIAJE MUNDIAL BRASIL 2014  parte 1::clip_0278,clip_0278,kilómetros 20 kilómetros de que no tenemos señal de teléfono no tenemos,kilómetros 20 kilómetros de que no tenemos señal de teléfono,0.1549,0.1667,0.8451,computed,
f01__AN_CDOTA_VIAJE_MUNDIAL_BRASIL_2014_parte_1,f01::ANÉCDOTA VIAJE MUNDIAL BRASIL 2014  parte 1::clip_0283,clip_0283,"va manejando él. Claro, no podíamos frenar porque no había donde frenar. Amigo, las rutas y las autopistas en Brasil no tienen.","iba manejando él. Claro, no podíamos frenar porque no había dónde frenar, amigo, las rutas y las autopistas en Brasil.",0.1066,0.1818,0.9262,computed,
f01__AN_CDOTA_VIAJE_MUNDIAL_BRASIL_2014_parte_1,f01::ANÉCDOTA VIAJE MUNDIAL BRASIL 2014  parte 1::clip_0286,clip_0286,"Creo, dos kilómetros para dar la vuelta. O sea, lo que hicimos, lo que ya hemos hecho.","creo, dos kilómetros para dar la vuelta. O sea, lo que hicimos, lo que ya hemos hecho,",0.0,0.0,1.0,computed,
f01__AN_CDOTA_VIAJE_MUNDIAL_BRASIL_2014_parte_1,f01::ANÉCDOTA VIAJE MUNDIAL BRASIL 2014  parte 1::clip_0288,clip_0288,hay un retorno y en el medio de la autopista empieza doble y se mete en una salida y,un retorno y en el medio de la autopista empieza doble y se mete en una salida,0.0714,0.1053,0.9286,computed,
f01__AN_CDOTA_VIAJE_MUNDIAL_BRASIL_2014_parte_1,f01::ANÉCDOTA VIAJE MUNDIAL BRASIL 2014  parte 1::clip_0289,clip_0289,"Luciano, ¿qué estás haciendo? ¿Por qué doblaste acá? Le dice, no, es que son","Suciano, ¿qué estás haciendo? ¿Por qué doblaste acá? Le dice, no, es que es un",0.058,0.2143,1.029,computed,
f01__AN_CDOTA_VIAJE_MUNDIAL_BRASIL_2014_parte_1,f01::ANÉCDOTA VIAJE MUNDIAL BRASIL 2014  parte 1::clip_0290,clip_0290,retorno. Esto no es un retorno. ¡Vos sos pelotudo! ¡Esta es la bajada a una favela! ¡Y no se,"retorno, esto no es un retorno, vos sos pelotudo, esta es la bajada a una favela y no se",0.0,0.0,1.0,computed,
f01__AN_CDOTA_VIAJE_MUNDIAL_BRASIL_2014_parte_1,f01::ANÉCDOTA VIAJE MUNDIAL BRASIL 2014  parte 1::clip_0291,clip_0291,entonces le dice a todo esto luciano tenía razón agarramos la rotunda cuando,que entonces le dice a todo esto luciano tenía razón agarramos la rotunda cuando,0.0526,0.0769,1.0526,computed,
f01__AN_CDOTA_VIAJE_MUNDIAL_BRASIL_2014_parte_1,f01::ANÉCDOTA VIAJE MUNDIAL BRASIL 2014  parte 1::clip_0292,clip_0292,"Cuando agarramos la rotonda, se lo juro por mi madre, fue increíble esta secuencia, era","Cuando agarramos la rotonda, se lo juro, por mi madre, fue increíble esta secuencia.",0.0476,0.0667,0.9524,computed,
f01__AN_CDOTA_VIAJE_MUNDIAL_BRASIL_2014_parte_1,f01::ANÉCDOTA VIAJE MUNDIAL BRASIL 2014  parte 1::clip_0293,clip_0293,"de película. Era una subida, amigos, estábamos yendo a los morros. O sea,","de película. Era una subida, amigos, estábamos yendo a los morros. O sea,",0.0,0.0,1.0,computed,
f01__AN_CDOTA_VIAJE_MUNDIAL_BRASIL_2014_parte_1,f01::ANÉCDOTA VIAJE MUNDIAL BRASIL 2014  parte 1::clip_0294,clip_0294,veía los ranchos de dos pisos de chapa todo empezamos una callecita y hay,veía los ranchos de dos pisos de chapa empezamos a ir por una callecita y a,0.2192,0.3571,1.0274,computed,
f01__AN_CDOTA_VIAJE_MUNDIAL_BRASIL_2014_parte_1,f01::ANÉCDOTA VIAJE MUNDIAL BRASIL 2014  parte 1::clip_0299,clip_0299,estaban enfrente yo luciano a los gritos nos robaron nos robaron,estaban enfrente yo luciano a los gritos nos robaron nos robaron,0.0,0.0,1.0,computed,
f01__AN_CDOTA_VIAJE_MUNDIAL_BRASIL_2014_parte_1,f01::ANÉCDOTA VIAJE MUNDIAL BRASIL 2014  parte 1::clip_0300,clip_0300,"robaron, le digo, callate la boca, frena dale marcha atrás, no se puede dar","robaron, le digo, callate la boca frena, dale marcha atrás, no se puede dar",0.0,0.0,1.0,computed,
f01__AN_CDOTA_VIAJE_MUNDIAL_BRASIL_2014_parte_1,f01::ANÉCDOTA VIAJE MUNDIAL BRASIL 2014  parte 1::clip_0301,clip_0301,"marcha atrás, da marcha atrás o te arranco la cabeza, da marcha atrás, embajada si este muchacho no sabía manejar","marcha atrás, da marcha atrás o te arranco la cabeza, da marcha atrás, en bajada si este muchacho no sabía manejar",0.0182,0.1,1.0091,computed,
f01__AN_CDOTA_VIAJE_MUNDIAL_BRASIL_2014_parte_1,f01::ANÉCDOTA VIAJE MUNDIAL BRASIL 2014  parte 1::clip_0302,clip_0302,marcha adelante imagínense marcha atrás no no no no yo estaba transpirando porque se nos venían los,marcha adelante imagínense marcha atrás no no no no yo estaba transpirando porque se nos venían los chabones,0.0909,0.0588,1.0909,computed,
f01__AN_CDOTA_VIAJE_MUNDIAL_BRASIL_2014_parte_1,f01::ANÉCDOTA VIAJE MUNDIAL BRASIL 2014  parte 1::clip_0303,clip_0303,"se nos venían, no nos corrían, pero venían caminando. Íbamos muy lento.","se nos venían, no nos corrían, pero venían caminando, íbamos muy lento",0.0,0.0,1.0,computed,
f01__AN_CDOTA_VIAJE_MUNDIAL_BRASIL_2014_parte_1,f01::ANÉCDOTA VIAJE MUNDIAL BRASIL 2014  parte 1::clip_0304,clip_0304,"dimos marcha atrás, le digo, vos hacé lo que te dice el GPS, basta de, basta de, pero","Dimos marcha atrás, le digo, vos hacé lo que te dice el GPS, basta de, basta de, pero",0.0,0.0,1.0,computed,
f01__AN_CDOTA_VIAJE_MUNDIAL_BRASIL_2014_parte_1,f01::ANÉCDOTA VIAJE MUNDIAL BRASIL 2014  parte 1::clip_0305,clip_0305,¡Basta de seguir tu instinto porque tu instinto es una mierda!,estudiar. Basta de decidir tu instinto porque tu instinto es una mierda.,0.2167,0.1818,1.1667,computed,
f01__AN_CDOTA_VIAJE_MUNDIAL_BRASIL_2014_parte_1,f01::ANÉCDOTA VIAJE MUNDIAL BRASIL 2014  parte 1::clip_0307,clip_0307,"Más, te juro que no manejas más Entonces, el chabón agarra, wow, puto",más te juro que no maneja más entonces el chabón agarra,0.1538,0.2308,0.8462,computed,
f01__AN_CDOTA_VIAJE_MUNDIAL_BRASIL_2014_parte_1,f01::ANÉCDOTA VIAJE MUNDIAL BRASIL 2014  parte 1::clip_0308,clip_0308,"Da la vuelta, marcha atrás, no sé qué, agarramos la salida, volvemos a la autopista.","da la vuelta, marcha atrás, no sé qué, agarramos la salida, volvemos a la autopista.",0.0,0.0,1.0,computed,
f01__AN_CDOTA_VIAJE_MUNDIAL_BRASIL_2014_parte_1,f01::ANÉCDOTA VIAJE MUNDIAL BRASIL 2014  parte 1::clip_0309,clip_0309,"Dice a partir de ahora vas a hacer lo que yo te digo, no lo que dice el GPS, no lo que dice Jerónimo, no lo que dice","dice a partir de ahora vas a hacer lo que yo te digo, no lo que dice el GPS, no lo que dice Jerónimo, no lo que dice...",0.0,0.0,1.0,computed,
f01__AN_CDOTA_VIAJE_MUNDIAL_BRASIL_2014_parte_1,f01::ANÉCDOTA VIAJE MUNDIAL BRASIL 2014  parte 1::clip_0311,clip_0311,"a ir al baño a mear, a lavarnos la cara hablé con Lulo y le digo, amigo, yo entiendo, tener","otro baño a mear, a lavarnos la cara hablé con Lulo y le digo, amigo, yo entiendo, tenés",0.092,0.2,0.9655,computed,
f01__AN_CDOTA_VIAJE_MUNDIAL_BRASIL_2014_parte_1,f01::ANÉCDOTA VIAJE MUNDIAL BRASIL 2014  parte 1::clip_0312,clip_0312,razón en todo pero ya está tratemos de salir de san pablo hablemos con él a todo esto,"razón en todo, pero ya está, tratemos de salir de San Pablo, hablemos con él a todos estos",0.0235,0.1111,1.0235,computed,
f01__AN_CDOTA_VIAJE_MUNDIAL_BRASIL_2014_parte_1,f01::ANÉCDOTA VIAJE MUNDIAL BRASIL 2014  parte 1::clip_0314,clip_0314,"estaba en natación de servicio, amigo, era imposible, inentendible lo que nos","estaba en la estación de servicio? Amigo, era imposible, inentendible lo que nos",0.0541,0.1667,1.0405,computed,
f01__AN_CDOTA_VIAJE_MUNDIAL_BRASIL_2014_parte_1,f01::ANÉCDOTA VIAJE MUNDIAL BRASIL 2014  parte 1::clip_0316,clip_0316,está diciendo no le den bola lo que nos está explicando porque es peor o sea hagamos lo que dice el gps bueno nos,diciendo no le den bola lo que nos está explicando porque es peor o sea hagamos lo que dice el gps bueno,0.0796,0.0833,0.9204,computed,
f01__AN_CDOTA_VIAJE_MUNDIAL_BRASIL_2014_parte_1,f01::ANÉCDOTA VIAJE MUNDIAL BRASIL 2014  parte 1::clip_0319,clip_0319,"Me dice, no, no, no, amigo, este tipo va a ser que nos maten. ¿Vos querés que nos maten?",me dice no no no amigo este tipo va a ser que nos mate vos querés que nos,0.0875,0.1053,0.9125,computed,
f01__AN_CDOTA_VIAJE_MUNDIAL_BRASIL_2014_parte_1,f01::ANÉCDOTA VIAJE MUNDIAL BRASIL 2014  parte 1::clip_0320,clip_0320,"maten, nos van a matar, casi terminamos en los morros y qué sé yo, terminado, esto ya",maten nos van a matar casi terminamos en los morros y que se yo terminado esto ya,0.0247,0.1176,1.0,computed,
f01__AN_CDOTA_VIAJE_MUNDIAL_BRASIL_2014_parte_1,f01::ANÉCDOTA VIAJE MUNDIAL BRASIL 2014  parte 1::clip_0321,clip_0321,"está, yo no quiero, me quiero volver a mi casa, le digo, pero no pasó nada, boludo, le digo, calma.","está, yo no quiero, me quiero volver a mi casa le digo, pero no pasó nada, boludo le digo, calma",0.0,0.0,1.0,computed,
f01__AN_CDOTA_VIAJE_MUNDIAL_BRASIL_2014_parte_1,f01::ANÉCDOTA VIAJE MUNDIAL BRASIL 2014  parte 1::clip_0322,clip_0322,un poco. Ya está. Zafamos. Eso es lo importante. No hay que dejarlo manejar en zonas críticas.,un poco. Ya está. Zafamos. Eso es lo importante. No hay que dejarlo manejar en zonas críticas.,0.0,0.0,1.0,computed,
f01__AN_CDOTA_VIAJE_MUNDIAL_BRASIL_2014_parte_1,f01::ANÉCDOTA VIAJE MUNDIAL BRASIL 2014  parte 1::clip_0323,clip_0323,chabón no puede manejar en sus lugares. A este chabón hay que darle una ruta recta y que agarre esa ruta,chabón no puede manejar en su lugar a este chabón hay que darle una ruta recta y que agarre esa ruta,0.0291,0.0952,0.9709,computed,
f03__AZZARO_REACCI_N_-_RIVER_A_LA_FINAL_LE_GAN_1-0_A,"f03::AZZARO REACCIÓN - RIVER, A LA FINAL LE GANÓ 1-0 A::clip_0000",clip_0000,"River, que durante todo ese metro estuvimos diciendo no tiene el plantel","River, que durante todo el semestre estuvimos diciendo no tiene el plantel",0.0704,0.1667,1.0282,computed,
f03__AZZARO_REACCI_N_-_RIVER_A_LA_FINAL_LE_GAN_1-0_A,"f03::AZZARO REACCIÓN - RIVER, A LA FINAL LE GANÓ 1-0 A::clip_0001",clip_0001,"que debería tener, está plagado de pibes.",que debería tener. Está plagado de pibes.,0.0,0.0,1.0,computed,
f03__AZZARO_REACCI_N_-_RIVER_A_LA_FINAL_LE_GAN_1-0_A,"f03::AZZARO REACCIÓN - RIVER, A LA FINAL LE GANÓ 1-0 A::clip_0002",clip_0002,jugadores que no están a la altura qué culo que tiene river gana pero no sé,"Hay jugadores que no están a la altura, qué culo que tiene River, gana pero no se...",0.0667,0.125,1.0533,computed,
f03__AZZARO_REACCI_N_-_RIVER_A_LA_FINAL_LE_GAN_1-0_A,"f03::AZZARO REACCIÓN - RIVER, A LA FINAL LE GANÓ 1-0 A::clip_0003",clip_0003,"sabemos bien cómo, hoy reemplazó todo eso por un equipo",sabemos bien cómo hoy reemplazó todo eso por un equipo,0.0,0.0,1.0,computed,
f03__AZZARO_REACCI_N_-_RIVER_A_LA_FINAL_LE_GAN_1-0_A,"f03::AZZARO REACCIÓN - RIVER, A LA FINAL LE GANÓ 1-0 A::clip_0004",clip_0004,Por el equipo que fue al frente.,"serio, por un equipo que fue al frente.",0.2581,0.2857,1.1935,computed,
f03__AZZARO_REACCI_N_-_RIVER_A_LA_FINAL_LE_GAN_1-0_A,"f03::AZZARO REACCIÓN - RIVER, A LA FINAL LE GANÓ 1-0 A::clip_0005",clip_0005,por un equipo que entendió lo que se estaba jugando y porque en definitiva es...,Por un equipo que entendió lo que se estaba jugando. Y porque en definitiva es...,0.0,0.0,1.0,computed,
f03__AZZARO_REACCI_N_-_RIVER_A_LA_FINAL_LE_GAN_1-0_A,"f03::AZZARO REACCIÓN - RIVER, A LA FINAL LE GANÓ 1-0 A::clip_0006",clip_0006,"Y cuando River llega a una instancia así, por más que tenga todo eso que les marcamos, por más que hace...","Y cuando River llega a una instancia así, por más que tenga todo eso que les marcamos, por más que hace...",0.0,0.0,1.0,computed,
f03__AZZARO_REACCI_N_-_RIVER_A_LA_FINAL_LE_GAN_1-0_A,"f03::AZZARO REACCIÓN - RIVER, A LA FINAL LE GANÓ 1-0 A::clip_0008",clip_0008,"Lorenzo era el que se vayan todos, casi todos los jugadores cuestionados.","Lorenzo era el que se vayan todos, casi todos los jugadores cuestionados.",0.0,0.0,1.0,computed,
f03__AZZARO_REACCI_N_-_RIVER_A_LA_FINAL_LE_GAN_1-0_A,"f03::AZZARO REACCIÓN - RIVER, A LA FINAL LE GANÓ 1-0 A::clip_0009",clip_0009,Te salva el arquero cuando River llega a una distancia así.,Te salva el arquero cuando River llega a una instancia así.,0.0345,0.0909,1.0,computed,
f03__AZZARO_REACCI_N_-_RIVER_A_LA_FINAL_LE_GAN_1-0_A,"f03::AZZARO REACCIÓN - RIVER, A LA FINAL LE GANÓ 1-0 A::clip_0010",clip_0010,"te das cuenta que, a pesar de que Central...","te das cuenta que, a pesar de que se entra en el juego,",0.35,0.5556,1.325,computed,
f03__AZZARO_REACCI_N_-_RIVER_A_LA_FINAL_LE_GAN_1-0_A,"f03::AZZARO REACCIÓN - RIVER, A LA FINAL LE GANÓ 1-0 A::clip_0011",clip_0011,"Juega bien a pesar de que Central tiene probablemente uno de los mejores equipos, si no el mejor.","Juega bien, a pesar de que Central tiene probablemente uno de los mejores equipos, si no el mejor.",0.0,0.0,1.0,computed,
f03__AZZARO_REACCI_N_-_RIVER_A_LA_FINAL_LE_GAN_1-0_A,"f03::AZZARO REACCIÓN - RIVER, A LA FINAL LE GANÓ 1-0 A::clip_0012",clip_0012,del fútbol argentino entra al monumental y,del fútbol argentino. Entra al Monumental y se...,0.0714,0.1429,1.0714,computed,
f03__AZZARO_REACCI_N_-_RIVER_A_LA_FINAL_LE_GAN_1-0_A,"f03::AZZARO REACCIÓN - RIVER, A LA FINAL LE GANÓ 1-0 A::clip_0013",clip_0013,Central no estuvo a la altura.,Central no estuvo a la altura.,0.0,0.0,1.0,computed,
f03__AZZARO_REACCI_N_-_RIVER_A_LA_FINAL_LE_GAN_1-0_A,"f03::AZZARO REACCIÓN - RIVER, A LA FINAL LE GANÓ 1-0 A::clip_0014",clip_0014,Y River se agrandó. Y River le tiró la grandeza encima.,"y River se agrandó, y River le tiró la grandeza encima.",0.0,0.0,1.0,computed,
f03__AZZARO_REACCI_N_-_RIVER_A_LA_FINAL_LE_GAN_1-0_A,"f03::AZZARO REACCIÓN - RIVER, A LA FINAL LE GANÓ 1-0 A::clip_0015",clip_0015,entrar hoy central quedó muy chico,Central. Hoy Central quedó muy chico.,0.0588,0.1667,1.0294,computed,
f03__AZZARO_REACCI_N_-_RIVER_A_LA_FINAL_LE_GAN_1-0_A,"f03::AZZARO REACCIÓN - RIVER, A LA FINAL LE GANÓ 1-0 A::clip_0016",clip_0016,muy chico en relación a lo que puede porque Central de verdad puede mucho más,muy chico en relación a lo que puede porque central de verdad puede mucho más,0.0,0.0,1.0,computed,
f03__AZZARO_REACCI_N_-_RIVER_A_LA_FINAL_LE_GAN_1-0_A,"f03::AZZARO REACCIÓN - RIVER, A LA FINAL LE GANÓ 1-0 A::clip_0017",clip_0017,que lo que hizo hoy. Me imagino a los hinchas de Central recontra media calientes con Almirón.,que lo que hizo hoy. Me imagino a los hinchas de Central re contra media calientes con almirón.,0.0109,0.1176,1.0109,computed,
f03__AZZARO_REACCI_N_-_RIVER_A_LA_FINAL_LE_GAN_1-0_A,"f03::AZZARO REACCIÓN - RIVER, A LA FINAL LE GANÓ 1-0 A::clip_0018",clip_0018,partido que planificó almirón el miedo es central,"partido que planificó al mirón, el miedo es central.",0.0204,0.25,1.0204,computed,
f03__AZZARO_REACCI_N_-_RIVER_A_LA_FINAL_LE_GAN_1-0_A,"f03::AZZARO REACCIÓN - RIVER, A LA FINAL LE GANÓ 1-0 A::clip_0019",clip_0019,"Porque Central es un equipo que tiene muchachos grandes también, ¿eh?","Porque Central es un equipo que tiene muchachos grandes también, ¿eh? Muchachos...",0.1515,0.0909,1.1515,computed,
f03__AZZARO_REACCI_N_-_RIVER_A_LA_FINAL_LE_GAN_1-0_A,"f03::AZZARO REACCIÓN - RIVER, A LA FINAL LE GANÓ 1-0 A::clip_0020",clip_0020,que están hechos también y algunos pibes y algunos pibes,que están hechos también y algunos pibes y algunos pibes.,0.0,0.0,1.0,computed,
f03__AZZARO_REACCI_N_-_RIVER_A_LA_FINAL_LE_GAN_1-0_A,"f03::AZZARO REACCIÓN - RIVER, A LA FINAL LE GANÓ 1-0 A::clip_0021",clip_0021,"Pero este no fue el central que te sale a apretar, que... Este fue un...","Pero este no fue el central que te sale a apretar, que este fue un...",0.0,0.0,1.0,computed,
f03__AZZARO_REACCI_N_-_RIVER_A_LA_FINAL_LE_GAN_1-0_A,"f03::AZZARO REACCIÓN - RIVER, A LA FINAL LE GANÓ 1-0 A::clip_0022",clip_0022,Y a Central ya esto le pasó varias veces.,Y a Central ya esto le pasó varias veces.,0.0,0.0,1.0,computed,
f03__AZZARO_REACCI_N_-_RIVER_A_LA_FINAL_LE_GAN_1-0_A,"f03::AZZARO REACCIÓN - RIVER, A LA FINAL LE GANÓ 1-0 A::clip_0023",clip_0023,ese che varias veces es más almirón está en central,"varias veces, es más, Almirón está en central.",0.1569,0.2,0.8431,computed,
f03__AZZARO_REACCI_N_-_RIVER_A_LA_FINAL_LE_GAN_1-0_A,"f03::AZZARO REACCIÓN - RIVER, A LA FINAL LE GANÓ 1-0 A::clip_0024",clip_0024,"Porque entendieron que Holland, cuando llegó la difícil, no pudo dar ese salto.","Porque entendieron que Holland, cuando llegó la difícil, no pudo dar ese salto.",0.0,0.0,1.0,computed,
f03__AZZARO_REACCI_N_-_RIVER_A_LA_FINAL_LE_GAN_1-0_A,"f03::AZZARO REACCIÓN - RIVER, A LA FINAL LE GANÓ 1-0 A::clip_0026",clip_0026,"Hoy Almirón retrocedió. Hoy Central retrocedió. Central, que perdió como local, contro...",Hoy Almirón retrocedió. Hoy Central retrocedió. Central que perdió como local contra...,0.0122,0.0833,1.0,computed,
f03__AZZARO_REACCI_N_-_RIVER_A_LA_FINAL_LE_GAN_1-0_A,"f03::AZZARO REACCIÓN - RIVER, A LA FINAL LE GANÓ 1-0 A::clip_0027",clip_0027,huracán en el Apertura con tres...,Huracán en la apertura.,0.3548,0.5,0.7097,computed,
f03__AZZARO_REACCI_N_-_RIVER_A_LA_FINAL_LE_GAN_1-0_A,"f03::AZZARO REACCIÓN - RIVER, A LA FINAL LE GANÓ 1-0 A::clip_0028",clip_0028,estudiante que había salido octavo en el clausura que el otro día con Racing fue un partido,"que había salido octavo en el clausura, que el otro día con Racing fue un partido...",0.1209,0.0588,0.8791,computed,
f03__AZZARO_REACCI_N_-_RIVER_A_LA_FINAL_LE_GAN_1-0_A,"f03::AZZARO REACCIÓN - RIVER, A LA FINAL LE GANÓ 1-0 A::clip_0029",clip_0029,mega parejo hasta que se desvirtuó totalmente y Central sacó provecho,mega parejo hasta que se desvirtuó totalmente y Central sacó provecho.,0.0,0.0,1.0,computed,
f03__AZZARO_REACCI_N_-_RIVER_A_LA_FINAL_LE_GAN_1-0_A,"f03::AZZARO REACCIÓN - RIVER, A LA FINAL LE GANÓ 1-0 A::clip_0030",clip_0030,le costó hoy en el monumental fue una sombra de lo,"le costó, hoy en el Monumental fue una sombra de lo...",0.0,0.0,1.0,computed,
f03__AZZARO_REACCI_N_-_RIVER_A_LA_FINAL_LE_GAN_1-0_A,"f03::AZZARO REACCIÓN - RIVER, A LA FINAL LE GANÓ 1-0 A::clip_0031",clip_0031,que podría hacer central en base a la calidad de jugadores que tiene así,que podría hacer central en base a la calidad de jugadores que tiene así,0.0,0.0,1.0,computed,
f03__AZZARO_REACCI_N_-_RIVER_A_LA_FINAL_LE_GAN_1-0_A,"f03::AZZARO REACCIÓN - RIVER, A LA FINAL LE GANÓ 1-0 A::clip_0032",clip_0032,"todo, fíjense que cuando intentó","todo, fíjense que cuando intentó",0.0,0.0,1.0,computed,
f03__AZZARO_REACCI_N_-_RIVER_A_LA_FINAL_LE_GAN_1-0_A,"f03::AZZARO REACCIÓN - RIVER, A LA FINAL LE GANÓ 1-0 A::clip_0033",clip_0033,"y bueno, mete un tiro en el palo por la rosca de Di María y otra jugada","Y bueno, mete un tiro en el palo por la rosca de Di María y otra jugada.",0.0,0.0,1.0,computed,
f03__AZZARO_REACCI_N_-_RIVER_A_LA_FINAL_LE_GAN_1-0_A,"f03::AZZARO REACCIÓN - RIVER, A LA FINAL LE GANÓ 1-0 A::clip_0034",clip_0034,La única jugada donde Central conectó un poquito Que es la que gana Copetti,La única jugada donde Central conectó un poquito Que es la que gana Copetti,0.0,0.0,1.0,computed,
f03__AZZARO_REACCI_N_-_RIVER_A_LA_FINAL_LE_GAN_1-0_A,"f03::AZZARO REACCIÓN - RIVER, A LA FINAL LE GANÓ 1-0 A::clip_0035",clip_0035,que Martín Encuerda tiene que barrer ahí y que termine todo y es la que le pega,que martín en cuarta tiene que barrer ahí termine todo y es la que le pega,0.1139,0.2353,0.9367,computed,
f03__AZZARO_REACCI_N_-_RIVER_A_LA_FINAL_LE_GAN_1-0_A,"f03::AZZARO REACCIÓN - RIVER, A LA FINAL LE GANÓ 1-0 A::clip_0036",clip_0036,mucha convicción Paul Fernández,"Sí, mucha convicción. Paul Fernández.",0.0968,0.25,1.0968,computed,
f03__AZZARO_REACCI_N_-_RIVER_A_LA_FINAL_LE_GAN_1-0_A,"f03::AZZARO REACCIÓN - RIVER, A LA FINAL LE GANÓ 1-0 A::clip_0038",clip_0038,mucho de River. River jugó con una intención.,Mucho de River. River jugó con una intención.,0.0,0.0,1.0,computed,
f03__AZZARO_REACCI_N_-_RIVER_A_LA_FINAL_LE_GAN_1-0_A,"f03::AZZARO REACCIÓN - RIVER, A LA FINAL LE GANÓ 1-0 A::clip_0039",clip_0039,intensidad con un hambre river entró a la,"intensidad, con un hambre, River entró a la...",0.0,0.0,1.0,computed,
f03__AZZARO_REACCI_N_-_RIVER_A_LA_FINAL_LE_GAN_1-0_A,"f03::AZZARO REACCIÓN - RIVER, A LA FINAL LE GANÓ 1-0 A::clip_0040",clip_0040,cancha sabiendo que tenía la oportunidad de su vida los jugadores de river hoy entendieron,cancha sabiendo que tenía la oportunidad de su vida los jugadores de river hoy entendieron,0.0,0.0,1.0,computed,
f03__AZZARO_REACCI_N_-_RIVER_A_LA_FINAL_LE_GAN_1-0_A,"f03::AZZARO REACCIÓN - RIVER, A LA FINAL LE GANÓ 1-0 A::clip_0041",clip_0041,Que tenían la oportunidad de su vida De redimirse,que tenían la oportunidad de su vida de redimirse.,0.0,0.0,1.0,computed,
f03__AZZARO_REACCI_N_-_RIVER_A_LA_FINAL_LE_GAN_1-0_A,"f03::AZZARO REACCIÓN - RIVER, A LA FINAL LE GANÓ 1-0 A::clip_0043",clip_0043,guacho como dijo en una o casi dice en una conferencia de prensa joder todo guacho,"Todo guacho, como dijo en una, o casi dice en una conferencia de prensa, todo guacho.",0.1341,0.125,0.9878,computed,
f03__AZZARO_REACCI_N_-_RIVER_A_LA_FINAL_LE_GAN_1-0_A,"f03::AZZARO REACCIÓN - RIVER, A LA FINAL LE GANÓ 1-0 A::clip_0044",clip_0044,"todos guachos, pero hoy fue totalmente psicológico",todo guacho pero pero hoy fue totalmente psicológico,0.1224,0.4286,1.0612,computed,
f03__AZZARO_REACCI_N_-_RIVER_A_LA_FINAL_LE_GAN_1-0_A,"f03::AZZARO REACCIÓN - RIVER, A LA FINAL LE GANÓ 1-0 A::clip_0045",clip_0045,también lo de River. River salió a cazarlo del cuello a Central y Central,"también lo de River, porque River salió a cazar lo del cuello a Central, y Central...",0.1111,0.2143,1.1111,computed,
f03__AZZARO_REACCI_N_-_RIVER_A_LA_FINAL_LE_GAN_1-0_A,"f03::AZZARO REACCIÓN - RIVER, A LA FINAL LE GANÓ 1-0 A::clip_0046",clip_0046,central le quedó grande hasta lo que hace Ávila en el penal es decir que Ramírez,central le quedó grande hasta lo que hace Ávila en el penal es decir que Ramírez,0.0,0.0,1.0,computed,
f03__AZZARO_REACCI_N_-_RIVER_A_LA_FINAL_LE_GAN_1-0_A,"f03::AZZARO REACCIÓN - RIVER, A LA FINAL LE GANÓ 1-0 A::clip_0048",clip_0048,¿Desde cuándo? Yo voy a hacer una pregunta. ¿Desde cuándo codazo medido?,¿Desde cuándo? Yo voy a hacer una pregunta. ¿Desde cuándo codazo medido?,0.0,0.0,1.0,computed,
f03__AZZARO_REACCI_N_-_RIVER_A_LA_FINAL_LE_GAN_1-0_A,"f03::AZZARO REACCIÓN - RIVER, A LA FINAL LE GANÓ 1-0 A::clip_0049",clip_0049,"Codazo, porque ni siquiera en disputa de la pelota es codazo y después salta.",porque ni siquiera en disputa de la pelota es codazo y después alta como...,0.1733,0.2143,0.96,computed,
f03__AZZARO_REACCI_N_-_RIVER_A_LA_FINAL_LE_GAN_1-0_A,"f03::AZZARO REACCIÓN - RIVER, A LA FINAL LE GANÓ 1-0 A::clip_0050",clip_0050,le pegué y desde cuando un codazo 100 de la pelota es amarilla en el fútbol,y bueno le pegué desde cuando codazo cien diputada de la pelota es amarilla en el fútbol,0.3467,0.375,1.1733,computed,
f03__AZZARO_REACCI_N_-_RIVER_A_LA_FINAL_LE_GAN_1-0_A,"f03::AZZARO REACCIÓN - RIVER, A LA FINAL LE GANÓ 1-0 A::clip_0052",clip_0052,fue la vio eso lo grave no es que vos tenés que resolver ahí o te tenés que resolver,"la vio, eso lo grave. No es que vos tenés que resolver ahí o te tenés que...",0.1548,0.1053,0.8452,computed,
f03__AZZARO_REACCI_N_-_RIVER_A_LA_FINAL_LE_GAN_1-0_A,"f03::AZZARO REACCIÓN - RIVER, A LA FINAL LE GANÓ 1-0 A::clip_0053",clip_0053,"apoyar con las líneas como eran, pero con VAR, con VAR decidió que eso no fuese roja","apoyar con los Línea como era antes. No, con VAR. Con VAR decidió que eso no fuese roja.",0.1098,0.2941,1.0244,computed,
f03__AZZARO_REACCI_N_-_RIVER_A_LA_FINAL_LE_GAN_1-0_A,"f03::AZZARO REACCIÓN - RIVER, A LA FINAL LE GANÓ 1-0 A::clip_0054",clip_0054,"Una jugada así No es bueno Pero dio el penal No, no Porque fíjate","Y una jugada así, no es bueno, pero dio el penal. No, no, porque fíjate.",0.0312,0.0714,1.0312,computed,
f03__AZZARO_REACCI_N_-_RIVER_A_LA_FINAL_LE_GAN_1-0_A,"f03::AZZARO REACCIÓN - RIVER, A LA FINAL LE GANÓ 1-0 A::clip_0055",clip_0055,Contigo erró el penal y Central siguió jugando 11 contra 11. Que no te echen un juego.,Conté le erró el penal y Central siguió jugando 11 contra 11. Que no te echen un...,0.119,0.1765,0.9405,computed,
f03__AZZARO_REACCI_N_-_RIVER_A_LA_FINAL_LE_GAN_1-0_A,"f03::AZZARO REACCIÓN - RIVER, A LA FINAL LE GANÓ 1-0 A::clip_0056",clip_0056,y mucha ventaja y mucha ventaja lo del árbitro fue realmente impresentable en esa decisión,es mucha ventaja es mucha ventaja lo del árbitro fue realmente impresentable en esa decisión,0.0444,0.1333,1.0222,computed,
f03__AZZARO_REACCI_N_-_RIVER_A_LA_FINAL_LE_GAN_1-0_A,"f03::AZZARO REACCIÓN - RIVER, A LA FINAL LE GANÓ 1-0 A::clip_0057",clip_0057,"Porque es codazo medido de habla, que es algo que no entiendo lo que hace.","Porque es codazo medido de Ávila, que es algo que no entiendo lo que hace.",0.0417,0.0667,1.0,computed,
f03__AZZARO_REACCI_N_-_RIVER_A_LA_FINAL_LE_GAN_1-0_A,"f03::AZZARO REACCIÓN - RIVER, A LA FINAL LE GANÓ 1-0 A::clip_0058",clip_0058,"Loco está jugando una semifinal, el partido más importante de la carrera de Ávila.","Loco está jugando una semifinal, el partido más importante de la carrera de Ávila.",0.0,0.0,1.0,computed,
f03__AZZARO_REACCI_N_-_RIVER_A_LA_FINAL_LE_GAN_1-0_A,"f03::AZZARO REACCIÓN - RIVER, A LA FINAL LE GANÓ 1-0 A::clip_0059",clip_0059,Probablemente uno de los partidos más importantes de la historia central de los últimos 40 años.,Probablemente uno de los partidos más importantes de la historia central de los últimos 40 años.,0.0,0.0,1.0,computed,
f03__AZZARO_REACCI_N_-_RIVER_A_LA_FINAL_LE_GAN_1-0_A,"f03::AZZARO REACCIÓN - RIVER, A LA FINAL LE GANÓ 1-0 A::clip_0060",clip_0060,"En el monumental. Y bueno, viste.","En el monumental. Y bueno, viste.",0.0,0.0,1.0,computed,
f03__AZZARO_REACCI_N_-_RIVER_A_LA_FINAL_LE_GAN_1-0_A,"f03::AZZARO REACCIÓN - RIVER, A LA FINAL LE GANÓ 1-0 A::clip_0061",clip_0061,así porque porque para salir campeón tenés que ser vivo,así porque porque para salir campeón tenés que ser vivo,0.0,0.0,1.0,computed,
f03__AZZARO_REACCI_N_-_RIVER_A_LA_FINAL_LE_GAN_1-0_A,"f03::AZZARO REACCIÓN - RIVER, A LA FINAL LE GANÓ 1-0 A::clip_0062",clip_0062,bien y el pib ese que se tendría cabello expulsado no fue vivo y después en la otra jugada el penal,"Y el pibe ese, que se tendría que haber ido expulsado, no fue vivo y después en la otra jugaba el penaltas.",0.1919,0.3333,1.0505,computed,
f03__AZZARO_REACCI_N_-_RIVER_A_LA_FINAL_LE_GAN_1-0_A,"f03::AZZARO REACCIÓN - RIVER, A LA FINAL LE GANÓ 1-0 A::clip_0063",clip_0063,"No sé si no era para rechazar de derecha también, porque igual...","también, no sé si no era para rechazar de derecha también, porque vale.",0.1967,0.1667,1.1148,computed,
f03__AZZARO_REACCI_N_-_RIVER_A_LA_FINAL_LE_GAN_1-0_A,"f03::AZZARO REACCIÓN - RIVER, A LA FINAL LE GANÓ 1-0 A::clip_0064",clip_0064,"Es rarísimo el partido de Ávila de hoy, mamita, el partido de Central.","revés, rarísimo el partido de Ávila de hoy, mami, el partido de Central o de...",0.1493,0.3077,1.0896,computed,
f03__AZZARO_REACCI_N_-_RIVER_A_LA_FINAL_LE_GAN_1-0_A,"f03::AZZARO REACCIÓN - RIVER, A LA FINAL LE GANÓ 1-0 A::clip_0065",clip_0065,defensores descentrales pero bueno también tiene guacho poco cuando viste también le quedan,defensores de centrales pero bueno también tiene guacho poco bando viste también le quedan,0.033,0.2308,0.989,computed,
f03__AZZARO_REACCI_N_-_RIVER_A_LA_FINAL_LE_GAN_1-0_A,"f03::AZZARO REACCIÓN - RIVER, A LA FINAL LE GANÓ 1-0 A::clip_0067",clip_0067,Salió a jugar 4-4-2. Condi María tiraba a la derecha allá. 4-4-1.,"salió a jugar 4-4-2 Condi María tiraba a la derecha allá, 4-4-1",0.0,0.0,1.0,computed,
f03__AZZARO_REACCI_N_-_RIVER_A_LA_FINAL_LE_GAN_1-0_A,"f03::AZZARO REACCIÓN - RIVER, A LA FINAL LE GANÓ 1-0 A::clip_0068",clip_0068,"Uno, uno, con un pánico.","uno, uno, con un pánico",0.0,0.0,1.0,computed,
f03__AZZARO_REACCI_N_-_RIVER_A_LA_FINAL_LE_GAN_1-0_A,"f03::AZZARO REACCIÓN - RIVER, A LA FINAL LE GANÓ 1-0 A::clip_0069",clip_0069,Desde la postura central transmitió que se sentía o se sintió.,desde la postura central transmitió que se sentía o se sintió.,0.0,0.0,1.0,computed,
f03__AZZARO_REACCI_N_-_RIVER_A_LA_FINAL_LE_GAN_1-0_A,"f03::AZZARO REACCIÓN - RIVER, A LA FINAL LE GANÓ 1-0 A::clip_0070",clip_0070,"de movida inferior arriba, de movida inferior arriba.",de movida inferior a River de movida inferior a River,0.1569,0.5,1.0392,computed,
f03__AZZARO_REACCI_N_-_RIVER_A_LA_FINAL_LE_GAN_1-0_A,"f03::AZZARO REACCIÓN - RIVER, A LA FINAL LE GANÓ 1-0 A::clip_0071",clip_0071,Y River sufrió más de la cuenta para poder abrir el marcador porque se entra.,Y River sufrió más de la cuenta para poder abrir el marcador porque se entra...,0.0,0.0,1.0,computed,
f03__AZZARO_REACCI_N_-_RIVER_A_LA_FINAL_LE_GAN_1-0_A,"f03::AZZARO REACCIÓN - RIVER, A LA FINAL LE GANÓ 1-0 A::clip_0072",clip_0072,estaba todo atrás. Central jugó como si no tuviera nada.,Estaba todo atrás. Central jugó como si no tuviera nada.,0.0,0.0,1.0,computed,
f03__AZZARO_REACCI_N_-_RIVER_A_LA_FINAL_LE_GAN_1-0_A,"f03::AZZARO REACCIÓN - RIVER, A LA FINAL LE GANÓ 1-0 A::clip_0073",clip_0073,"Con un River que, insisto, si es River, es una serie final, es de local.","Con un River que, insisto, sigue River, es una semifinal, es de local.",0.0896,0.2667,0.9701,computed,
f03__AZZARO_REACCI_N_-_RIVER_A_LA_FINAL_LE_GAN_1-0_A,"f03::AZZARO REACCIÓN - RIVER, A LA FINAL LE GANÓ 1-0 A::clip_0074",clip_0074,"valentona, pero es un River al cual vos le podés salir a jugar de otra forma. ¡Puéteme!","valentona, pero es un River al cual vos le podés salir a jugar de otra forma, pues tenés.",0.0723,0.1176,1.0361,computed,
f03__AZZARO_REACCI_N_-_RIVER_A_LA_FINAL_LE_GAN_1-0_A,"f03::AZZARO REACCIÓN - RIVER, A LA FINAL LE GANÓ 1-0 A::clip_0075",clip_0075,Para jugar de otra forma. Ahí enfrente no tenés al River de... Lo que ha hecho Coudé...,para jugar de otra forma y enfrente no tenés al River de lo que ha hecho Coudé,0.0375,0.0588,0.975,computed,
f03__AZZARO_REACCI_N_-_RIVER_A_LA_FINAL_LE_GAN_1-0_A,"f03::AZZARO REACCIÓN - RIVER, A LA FINAL LE GANÓ 1-0 A::clip_0077",clip_0077,es una final y si River no gana la final porque River es ganar,"Ahora es una final y si River no gana la final, porque River es ganar, no es.",0.1935,0.2143,1.1935,computed,
f03__AZZARO_REACCI_N_-_RIVER_A_LA_FINAL_LE_GAN_1-0_A,"f03::AZZARO REACCIÓN - RIVER, A LA FINAL LE GANÓ 1-0 A::clip_0078",clip_0078,"Bueno, llegó a la final, acuérdense dónde estaba River.","Bueno, llegó a la final. Acuérdense dónde estaba River.",0.0,0.0,1.0,computed,
f03__AZZARO_REACCI_N_-_RIVER_A_LA_FINAL_LE_GAN_1-0_A,"f03::AZZARO REACCIÓN - RIVER, A LA FINAL LE GANÓ 1-0 A::clip_0079",clip_0079,¿Dónde estaba cuando arrancó Godet? ¿Dónde estaba hace un mes? ¿Dónde estaba después del partido con Tucumán?,¿Dónde estaba cuando arrancó Joder? ¿Dónde estaba hace un mes? ¿Dónde estaba después el partido con Tucumán?,0.0291,0.1176,0.9903,computed,
f03__AZZARO_REACCI_N_-_RIVER_A_LA_FINAL_LE_GAN_1-0_A,"f03::AZZARO REACCIÓN - RIVER, A LA FINAL LE GANÓ 1-0 A::clip_0080",clip_0080,¿Dónde estaba después de perder con Boca? ¿Dónde estaba con Gallardo?,¿Dónde estaba después de perder con Boca? ¿Dónde estaba con Gallardo?,0.0,0.0,1.0,computed,
f03__AZZARO_REACCI_N_-_RIVER_A_LA_FINAL_LE_GAN_1-0_A,"f03::AZZARO REACCIÓN - RIVER, A LA FINAL LE GANÓ 1-0 A::clip_0081",clip_0081,¿Dónde estaba con Gallardo? River perdida con cualquiera. Codet lo puso en un...,"¿Dónde estaba con Gallardo, River perdida, con cualquiera? Godet lo puso el...",0.0676,0.2308,0.9595,computed,
f03__AZZARO_REACCI_N_-_RIVER_A_LA_FINAL_LE_GAN_1-0_A,"f03::AZZARO REACCIÓN - RIVER, A LA FINAL LE GANÓ 1-0 A::clip_0082",clip_0082,"final, eh Flavio decís que tuvo","final, eh Flavio decís que tuvo",0.0,0.0,1.0,computed,
f03__AZZARO_REACCI_N_-_RIVER_A_LA_FINAL_LE_GAN_1-0_A,"f03::AZZARO REACCIÓN - RIVER, A LA FINAL LE GANÓ 1-0 A::clip_0083",clip_0083,"Sí, en algunos partidos tuvo culo, sí. Hoy mismo en alguna jugada tuvo culo.","culo. En algunos partidos tuvo culo, sí. Hoy mismo en alguna jugada tuvo culo.",0.0556,0.0714,1.0278,computed,
f03__AZZARO_REACCI_N_-_RIVER_A_LA_FINAL_LE_GAN_1-0_A,"f03::AZZARO REACCIÓN - RIVER, A LA FINAL LE GANÓ 1-0 A::clip_0084",clip_0084,aún habiendo ganado con total con total justicia desde todo,aún habiendo ganado con total con total justicia desde todo,0.0,0.0,1.0,computed,
f03__AZZARO_REACCI_N_-_RIVER_A_LA_FINAL_LE_GAN_1-0_A,"f03::AZZARO REACCIÓN - RIVER, A LA FINAL LE GANÓ 1-0 A::clip_0085",clip_0085,de vista desde todos los aspectos que se analizó el juego futbolísticamente tácticamente psicológicamente,de vista desde todos los aspectos que se analizan el juego futbolísticamente tácticamente psicológicamente desde bueno,0.1333,0.2143,1.1238,computed,
f03__AZZARO_REACCI_N_-_RIVER_A_LA_FINAL_LE_GAN_1-0_A,"f03::AZZARO REACCIÓN - RIVER, A LA FINAL LE GANÓ 1-0 A::clip_0086",clip_0086,"Y bueno, loco, tiene culo, pero evidentemente hay algo que le...","Y bueno, loco, tiene culo. Pero, evidentemente hay algo que le...",0.0,0.0,1.0,computed,
f03__AZZARO_REACCI_N_-_RIVER_A_LA_FINAL_LE_GAN_1-0_A,"f03::AZZARO REACCIÓN - RIVER, A LA FINAL LE GANÓ 1-0 A::clip_0087",clip_0087,generó codec que antes no se generaba hoy la verdad jugó muy bien verá muy,generó codec que antes no se generaba hoy la verdad fue muy bien verá muy,0.0405,0.0667,0.9865,computed,
f03__AZZARO_REACCI_N_-_RIVER_A_LA_FINAL_LE_GAN_1-0_A,"f03::AZZARO REACCIÓN - RIVER, A LA FINAL LE GANÓ 1-0 A::clip_0088",clip_0088,El partido de Fausto Vera de hoy fue el partido de un futbolista que entendió lo que se estaba jugando.,El partido de Fausto Vera de hoy fue el partido de un futbolista que entendió lo que se estaba jugando.,0.0,0.0,1.0,computed,
f03__AZZARO_REACCI_N_-_RIVER_A_LA_FINAL_LE_GAN_1-0_A,"f03::AZZARO REACCIÓN - RIVER, A LA FINAL LE GANÓ 1-0 A::clip_0089",clip_0089,"Después tenés, viste, rendimientos que son esporádicos, de colirio, alguna j...","Después tenés, viste, rendimientos que son esporádicos, de colirio, alguna...",0.0278,0.0909,0.9722,computed,
f03__AZZARO_REACCI_N_-_RIVER_A_LA_FINAL_LE_GAN_1-0_A,"f03::AZZARO REACCIÓN - RIVER, A LA FINAL LE GANÓ 1-0 A::clip_0090",clip_0090,"jugada, pero River funcionó muy bien como equipo.",Pero River funcionó muy bien como equipo.,0.1489,0.125,0.8511,computed,
f03__AZZARO_REACCI_N_-_RIVER_A_LA_FINAL_LE_GAN_1-0_A,"f03::AZZARO REACCIÓN - RIVER, A LA FINAL LE GANÓ 1-0 A::clip_0091",clip_0091,"como equipo, Freitas entró bien, pero decide mal. Freitas generalmente es...","como equipo. Freitas entró bien, pero decide mal. Freitas generalmente decidió...",0.0857,0.0909,1.0714,computed,
f03__AZZARO_REACCI_N_-_RIVER_A_LA_FINAL_LE_GAN_1-0_A,"f03::AZZARO REACCIÓN - RIVER, A LA FINAL LE GANÓ 1-0 A::clip_0092",clip_0092,"lo que pasa es que está muy pillo en la jugada del penal pero después hay jugada donde Freita decide mal, pero",Lo que pasa es que está muy pillo en la jugada del penal Pero después hay jugada donde Freita decide mal,0.0459,0.0455,0.9541,computed,
f03__AZZARO_REACCI_N_-_RIVER_A_LA_FINAL_LE_GAN_1-0_A,"f03::AZZARO REACCIÓN - RIVER, A LA FINAL LE GANÓ 1-0 A::clip_0094",clip_0094,"porque es un pibe, porque este fue el partido más importante de su vida y si a la larga eso, o a la corta o en jugadas, eso lo podés pagar y hoy River","Porque es un pibe, porque este fue el partido más importante de su vida. Y si a la larga eso, o a la corta, o en jugadas, eso lo podés pagar. Y hoy River...",0.0,0.0,1.0,computed,
f03__AZZARO_REACCI_N_-_RIVER_A_LA_FINAL_LE_GAN_1-0_A,"f03::AZZARO REACCIÓN - RIVER, A LA FINAL LE GANÓ 1-0 A::clip_0095",clip_0095,Creo que con lo que tiene ha hecho un papel muy significativo.,Creo que con lo que tiene ha hecho un papel muy significativo.,0.0,0.0,1.0,computed,
f03__AZZARO_REACCI_N_-_RIVER_A_LA_FINAL_LE_GAN_1-0_A,"f03::AZZARO REACCIÓN - RIVER, A LA FINAL LE GANÓ 1-0 A::clip_0096",clip_0096,Y yo lo digo cada vez que puedo. Con Gallardo yo no sé si River clasificaba entre los ocho. ¿Y River está?,y yo lo digo cada vez que puedo con Gallardo yo no sé si River clasificaba entre los 8 y River está,0.0392,0.0455,0.9706,computed,
f03__AZZARO_REACCI_N_-_RIVER_A_LA_FINAL_LE_GAN_1-0_A,"f03::AZZARO REACCIÓN - RIVER, A LA FINAL LE GANÓ 1-0 A::clip_0097",clip_0097,"en una final, en una final.","en una final, en una final.",0.0,0.0,1.0,computed,
f03__AZZARO_REACCI_N_-_RIVER_A_LA_FINAL_LE_GAN_1-0_A,"f03::AZZARO REACCIÓN - RIVER, A LA FINAL LE GANÓ 1-0 A::clip_0098",clip_0098,¿De dónde?,¿Y de dónde?,0.25,0.5,1.25,computed,
f03__AZZARO_REACCI_N_-_RIVER_A_LA_FINAL_LE_GAN_1-0_A,"f03::AZZARO REACCIÓN - RIVER, A LA FINAL LE GANÓ 1-0 A::clip_0099",clip_0099,"tenía. Acuérdense, hace poquito era Boca 6 de 6 en la Libertadores, ganándole arriba en el Monumental.","tenía, acuérdense hace poquito era Boca 6 de 6 en la Libertadores, ganándole arriba en el Monumental",0.0,0.0,1.0,computed,
f03__AZZARO_REACCI_N_-_RIVER_A_LA_FINAL_LE_GAN_1-0_A,"f03::AZZARO REACCIÓN - RIVER, A LA FINAL LE GANÓ 1-0 A::clip_0100",clip_0100,"River generando, el técnico enojado porque los proyectos decíamos","River generando, el técnico enojado porque los periodistas decíamos que...",0.1562,0.2222,1.0938,computed,
f03__AZZARO_REACCI_N_-_RIVER_A_LA_FINAL_LE_GAN_1-0_A,"f03::AZZARO REACCIÓN - RIVER, A LA FINAL LE GANÓ 1-0 A::clip_0101",clip_0101,"¡Guau, mal! ¡Que se vayan todos! Hoy es River con el boleto a Córdoba y viendo a vos.",mal que se vayan todos hoy es river con el boleto a córdoba y viendo,0.1392,0.1667,0.8608,computed,
f03__AZZARO_REACCI_N_-_RIVER_A_LA_FINAL_LE_GAN_1-0_A,"f03::AZZARO REACCIÓN - RIVER, A LA FINAL LE GANÓ 1-0 A::clip_0102",clip_0102,el martes que si pierde queda fuera de la copa libertadores,el martes que si pierde queda fuera de la copa libertadores,0.0,0.0,1.0,computed,
f03__AZZARO_REACCI_N_-_RIVER_A_LA_FINAL_LE_GAN_1-0_A,"f03::AZZARO REACCIÓN - RIVER, A LA FINAL LE GANÓ 1-0 A::clip_0103",clip_0103,"Bueno, salvo que no gane la Católica, pero es fortísimo. La foto que veía.","Bueno, salvo que no gane la católica, pero es fortísimo la foto que veía.",0.0,0.0,1.0,computed,
f03__AZZARO_REACCI_N_-_RIVER_A_LA_FINAL_LE_GAN_1-0_A,"f03::AZZARO REACCIÓN - RIVER, A LA FINAL LE GANÓ 1-0 A::clip_0104",clip_0104,"terrible, era una foto el peor equipo desde la B era eso chicos","terrible, era una foto, el peor equipo desde la B, era eso, chico, no, no, no.",0.1452,0.3077,1.129,computed,
f03__AZZARO_REACCI_N_-_RIVER_A_LA_FINAL_LE_GAN_1-0_A,"f03::AZZARO REACCIÓN - RIVER, A LA FINAL LE GANÓ 1-0 A::clip_0106",clip_0106,lleva a pensar otra cosa que incluso el partido de esta noche no nos lleva a pensar,lleva a pensar otra cosa que incluso el partido de esta noche no nos lleva a,0.0843,0.0588,0.9157,computed,
f03__AZZARO_REACCI_N_-_RIVER_A_LA_FINAL_LE_GAN_1-0_A,"f03::AZZARO REACCIÓN - RIVER, A LA FINAL LE GANÓ 1-0 A::clip_0107",clip_0107,otra cosa porque si no no se puede analizar fútbol no se puede analizar fútbol era,otra cosa porque si no no se puede analizar fútbol no se puede analizar fútbol la verdad que lo de river era,0.3171,0.375,1.3171,computed,
f03__AZZARO_REACCI_N_-_RIVER_A_LA_FINAL_LE_GAN_1-0_A,"f03::AZZARO REACCIÓN - RIVER, A LA FINAL LE GANÓ 1-0 A::clip_0109",clip_0109,le molestaba miren que cuando yo llegué acá estaba todo roto los jugadores con el entrenador,le molestaba miren que cuando yo llegué acá estaba todo roto los jugadores con el entrenador,0.0,0.0,1.0,computed,
f03__AZZARO_REACCI_N_-_RIVER_A_LA_FINAL_LE_GAN_1-0_A,"f03::AZZARO REACCIÓN - RIVER, A LA FINAL LE GANÓ 1-0 A::clip_0110",clip_0110,"Y el tipo no paró de ganar, no paró de ganar.","Y el tipo no paró de ganar, no paró de ganar.",0.0,0.0,1.0,computed,
f03__AZZARO_REACCI_N_-_RIVER_A_LA_FINAL_LE_GAN_1-0_A,"f03::AZZARO REACCIÓN - RIVER, A LA FINAL LE GANÓ 1-0 A::clip_0111",clip_0111,"Claro, perdió el más incómodo.","Claro, perdió el más incómodo.",0.0,0.0,1.0,computed,
f03__AZZARO_REACCI_N_-_RIVER_A_LA_FINAL_LE_GAN_1-0_A,"f03::AZZARO REACCIÓN - RIVER, A LA FINAL LE GANÓ 1-0 A::clip_0112",clip_0112,"Que ya quedó, ¿saben dónde? El partido guerrero y el perdedor Pumuca.","Que ya quedó, ¿saben dónde? El partido guerrero es perdedor con boca.",0.1385,0.3333,1.0,computed,
f03__AZZARO_REACCI_N_-_RIVER_A_LA_FINAL_LE_GAN_1-0_A,"f03::AZZARO REACCIÓN - RIVER, A LA FINAL LE GANÓ 1-0 A::clip_0113",clip_0113,"Quedó a 15.000 kilómetros. Por supuesto, tiene que ganar en Córdoba y todo esto se va a...","quedó a 15.000 kilómetros. Por supuesto, tiene que ganar en Córdoba y todo esto se va a...",0.0,0.0,1.0,computed,
f03__AZZARO_REACCI_N_-_RIVER_A_LA_FINAL_LE_GAN_1-0_A,"f03::AZZARO REACCIÓN - RIVER, A LA FINAL LE GANÓ 1-0 A::clip_0115",clip_0115,No gana en Córdoba o se potenciará lo bueno si es que logra levantar el campeonato local. Un campeonato local.,"no gana en Córdoba, o se potenciará lo bueno si es que logra levantar el campeonato local, un campeonato local.",0.0,0.0,1.0,computed,
f03__AZZARO_REACCI_N_-_RIVER_A_LA_FINAL_LE_GAN_1-0_A,"f03::AZZARO REACCIÓN - RIVER, A LA FINAL LE GANÓ 1-0 A::clip_0116",clip_0116,que River se las esquivo en los últimos 10 años de su historia.,que arriba se le hace esquivo en los últimos 10 años de su historia,0.1613,0.2308,1.0806,computed,
f03__AZZARO_REACCI_N_-_RIVER_A_LA_FINAL_LE_GAN_1-0_A,"f03::AZZARO REACCIÓN - RIVER, A LA FINAL LE GANÓ 1-0 A::clip_0117",clip_0117,a comparación a lo que fue siempre la historia de River,a comparación a lo que fue siempre la historia de River,0.0,0.0,1.0,computed,
f03__AZZARO_REACCI_N_-_RIVER_A_LA_FINAL_LE_GAN_1-0_A,"f03::AZZARO REACCIÓN - RIVER, A LA FINAL LE GANÓ 1-0 A::clip_0118",clip_0118,"Los campeonatos locales no los gana River. Está bien, empezó a ganar los internacionales, que era lo que necesitaba.","Los campeonatos locales no los gana River. Está bien, empezó a ganar los internacionales, que era lo que necesitaba.",0.0,0.0,1.0,computed,
f03__AZZARO_REACCI_N_-_RIVER_A_LA_FINAL_LE_GAN_1-0_A,"f03::AZZARO REACCIÓN - RIVER, A LA FINAL LE GANÓ 1-0 A::clip_0119",clip_0119,"Necesitaba River. La época dorada de Gallardo tuvo esa complicación, que ganó un solo torneo local.","necesitaba River. La época dorada de Gallardo tuvo esa complicación, que ganó un solo torneo local.",0.0,0.0,1.0,computed,
f03__AZZARO_REACCI_N_-_RIVER_A_LA_FINAL_LE_GAN_1-0_A,"f03::AZZARO REACCIÓN - RIVER, A LA FINAL LE GANÓ 1-0 A::clip_0120",clip_0120,"Después gana otro con Demichelli, pero ya hace tres años que River no sale acá.","Puede ganar otro con Demichelli, pero ya hace 3 años que el River no sale.",0.2338,0.3333,0.9351,computed,
f03__AZZARO_REACCI_N_-_RIVER_A_LA_FINAL_LE_GAN_1-0_A,"f03::AZZARO REACCIÓN - RIVER, A LA FINAL LE GANÓ 1-0 A::clip_0121",clip_0121,La puta si no vale el partido.,la puta si no vale el partido,0.0,0.0,1.0,computed,
f03__AZZARO_REACCI_N_-_RIVER_A_LA_FINAL_LE_GAN_1-0_A,"f03::AZZARO REACCIÓN - RIVER, A LA FINAL LE GANÓ 1-0 A::clip_0122",clip_0122,"de hoy, y esta levantada de Codet, y ese aliento y esa sensación del final del momento",de hoy y esta levantada de Coudet y ese aliento y esa sensación del final del momento.,0.0119,0.0588,1.0119,computed,
f03__AZZARO_REACCI_N_-_RIVER_A_LA_FINAL_LE_GAN_1-0_A,"f03::AZZARO REACCIÓN - RIVER, A LA FINAL LE GANÓ 1-0 A::clip_0123",clip_0123,"Monumental de, loco, vamos a salir campeones. O podemos salir campeones.",monumental de loco vamos a salir campeones o podemos salir campeones,0.0,0.0,1.0,computed,
f03__AZZARO_REACCI_N_-_RIVER_A_LA_FINAL_LE_GAN_1-0_A,"f03::AZZARO REACCIÓN - RIVER, A LA FINAL LE GANÓ 1-0 A::clip_0127",clip_0127,"Tapa la final. Ya llega mentalizado. Che, podemos. Los jugadores de River hoy se...","Tapa la final. Ya llega mentalizado. Che, Podemos. Los jugadores de River hoy se...",0.0,0.0,1.0,computed,
f03__AZZARO_REACCI_N_-_RIVER_A_LA_FINAL_LE_GAN_1-0_A,"f03::AZZARO REACCIÓN - RIVER, A LA FINAL LE GANÓ 1-0 A::clip_0128",clip_0128,"Mira, dicen, che, ¿vieron que podemos? Estoy convencido que Codet hoy debe sentar.","Mira, dicen, che, ¿vieron que podemos? Estoy convencido que Codet hoy debe sentar.",0.0,0.0,1.0,computed,
f03__AZZARO_REACCI_N_-_RIVER_A_LA_FINAL_LE_GAN_1-0_A,"f03::AZZARO REACCIÓN - RIVER, A LA FINAL LE GANÓ 1-0 A::clip_0129",clip_0129,¿Vieron que se puede? ¿Vieron que se puede? Tienen que mentalizarlos.,¿Vieron que se puede? ¿Vieron que se puede? Tienen que mentalizarlos.,0.0,0.0,1.0,computed,
f03__AZZARO_REACCI_N_-_RIVER_A_LA_FINAL_LE_GAN_1-0_A,"f03::AZZARO REACCIÓN - RIVER, A LA FINAL LE GANÓ 1-0 A::clip_0130",clip_0130,A que ahora repita. En este momento horrible está exprimiendo a f...,a que ahora repita en este momento horrible está exprimiendo afu...,0.0312,0.1667,1.0,computed,
f03__AZZARO_REACCI_N_-_RIVER_A_LA_FINAL_LE_GAN_1-0_A,"f03::AZZARO REACCIÓN - RIVER, A LA FINAL LE GANÓ 1-0 A::clip_0131",clip_0131,la metodología del torneo de un torneo que no es justo de un torneo,la metodología del torneo de un torneo que no es justo de un torneo,0.0,0.0,1.0,computed,
f03__AZZARO_REACCI_N_-_RIVER_A_LA_FINAL_LE_GAN_1-0_A,"f03::AZZARO REACCIÓN - RIVER, A LA FINAL LE GANÓ 1-0 A::clip_0132",clip_0132,que para mí River no es el mejor hoy jugó como el mejor pero no es el mejor,que para mí River no es el mejor hoy jugó como el mejor pero no es el mejor,0.0,0.0,1.0,computed,
f03__AZZARO_REACCI_N_-_RIVER_A_LA_FINAL_LE_GAN_1-0_A,"f03::AZZARO REACCIÓN - RIVER, A LA FINAL LE GANÓ 1-0 A::clip_0134",clip_0134,"No te sirve esto, Central. No te sirven estos torneos.",¿Qué sirve esto central? ¿No te sirven estos torneos?,0.098,0.2,0.9608,computed,
f03__AZZARO_REACCI_N_-_RIVER_A_LA_FINAL_LE_GAN_1-0_A,"f03::AZZARO REACCIÓN - RIVER, A LA FINAL LE GANÓ 1-0 A::clip_0135",clip_0135,"No te sirve. Centrar en un torneo largo con el equipo que tiene lo podés sacar, cabrón.",no te sirve centrar en un torneo largo con el equipo que tiene lo puedes sacar,0.119,0.1176,0.9286,computed,
f03__AZZARO_REACCI_N_-_RIVER_A_LA_FINAL_LE_GAN_1-0_A,"f03::AZZARO REACCIÓN - RIVER, A LA FINAL LE GANÓ 1-0 A::clip_0136",clip_0136,tranquilamente estos torneos una tarde una noche tarde noche jugando a la,tranquilamente estos torneos una tarde una noche tarde noche jugando a la,0.0,0.0,1.0,computed,
f03__AZZARO_REACCI_N_-_RIVER_A_LA_FINAL_LE_GAN_1-0_A,"f03::AZZARO REACCIÓN - RIVER, A LA FINAL LE GANÓ 1-0 A::clip_0138",clip_0138,¿Podés no estar a la altura en un campeonato largo o llamarlo como quieras?,Podés no estar a la altura en un campeonato largo o llamalo como quieras.,0.0137,0.0714,0.9863,computed,
f03__AZZARO_REACCI_N_-_RIVER_A_LA_FINAL_LE_GAN_1-0_A,"f03::AZZARO REACCIÓN - RIVER, A LA FINAL LE GANÓ 1-0 A::clip_0139",clip_0139,Porque largo eran los de ida y vuelta. En un campeonato de todos contra todos.,porque largos eran los de Didi Huenta. En un campeonato de todos contra todos...,0.0921,0.2667,1.0,computed,
f03__AZZARO_REACCI_N_-_RIVER_A_LA_FINAL_LE_GAN_1-0_A,"f03::AZZARO REACCIÓN - RIVER, A LA FINAL LE GANÓ 1-0 A::clip_0140",clip_0140,"Pasa el Monumental, una tarde y noche. Le pasó a Racing en el 2019. Sí, Bazzi.","Pasa el Monumental una tarde o noche. Le pasó a Racing en el 2019. Sí, va así.",0.0822,0.1875,1.0137,computed,
f03__AZZARO_REACCI_N_-_RIVER_A_LA_FINAL_LE_GAN_1-0_A,"f03::AZZARO REACCIÓN - RIVER, A LA FINAL LE GANÓ 1-0 A::clip_0141",clip_0141,Y te comes una vergüenza contra River en el Monumental que te hace replantear.,Y te comés una vergüenza contra River en el monumental que te hace replantear.,0.013,0.0714,1.0,computed,
f03__AZZARO_REACCI_N_-_RIVER_A_LA_FINAL_LE_GAN_1-0_A,"f03::AZZARO REACCIÓN - RIVER, A LA FINAL LE GANÓ 1-0 A::clip_0144",clip_0144,metodología que disfrutó Central el otro día.,metodología que disfrutó Central el otro día,0.0,0.0,1.0,computed,
f03__AZZARO_REACCI_N_-_RIVER_A_LA_FINAL_LE_GAN_1-0_A,"f03::AZZARO REACCIÓN - RIVER, A LA FINAL LE GANÓ 1-0 A::clip_0145",clip_0145,que podemos presumir que está conforme.,que podemos presumir que está conforme.,0.0,0.0,1.0,computed,
f03__AZZARO_REACCI_N_-_RIVER_A_LA_FINAL_LE_GAN_1-0_A,"f03::AZZARO REACCIÓN - RIVER, A LA FINAL LE GANÓ 1-0 A::clip_0147",clip_0147,Lux termina a Rosario Central. Rosario Central tendría que tener campeonato.,"Lo extermina a Rosario Central, Rosario Central tendría que tener campeonato.",0.0541,0.1818,1.0135,computed,
f03__AZZARO_REACCI_N_-_RIVER_A_LA_FINAL_LE_GAN_1-0_A,"f03::AZZARO REACCIÓN - RIVER, A LA FINAL LE GANÓ 1-0 A::clip_0148",clip_0148,tiene los campeonatos que tendría que tener porque el del año pasado yo no lo voy a contar porque es,tiene los campeonatos que tendría que tener porque el del año pasado yo no lo voy a contar porque es,0.0,0.0,1.0,computed,
f03__AZZARO_REACCI_N_-_RIVER_A_LA_FINAL_LE_GAN_1-0_A,"f03::AZZARO REACCIÓN - RIVER, A LA FINAL LE GANÓ 1-0 A::clip_0151",clip_0151,"futbolero no lo contamos, y el de central si lo cuenta, lo cuenta","futbolero no lo contamos, y el de central si lo cuenta, lo cuenta porque",0.1111,0.0769,1.1111,computed,
f03__AZZARO_REACCI_N_-_RIVER_A_LA_FINAL_LE_GAN_1-0_A,"f03::AZZARO REACCIÓN - RIVER, A LA FINAL LE GANÓ 1-0 A::clip_0152",clip_0152,"Y dice, bueno, ¿por qué no? Si tantas veces fuimos cagados, ¿por qué no voy a...","Dice, bueno, ¿por qué no? Si tantas veces fuimos cagados, pues no voy a...",0.1127,0.1875,0.9296,computed,
f03__AZZARO_REACCI_N_-_RIVER_A_LA_FINAL_LE_GAN_1-0_A,"f03::AZZARO REACCIÓN - RIVER, A LA FINAL LE GANÓ 1-0 A::clip_0153",clip_0153,esta sí está todo bien pero no sos campeón si echas a tu técnico,esta cita todo bien pero no sos campeón si echas a tu técnico,0.0938,0.1429,0.9531,computed,
f03__AZZARO_REACCI_N_-_RIVER_A_LA_FINAL_LE_GAN_1-0_A,"f03::AZZARO REACCIÓN - RIVER, A LA FINAL LE GANÓ 1-0 A::clip_0154",clip_0154,campeón si a los 3 días perdés con Central y el equipo se va murmurado,"campeón sea los tres días, perdés con Central y el equipo se va murmurado",0.0857,0.2,1.0286,computed,
f03__AZZARO_REACCI_N_-_RIVER_A_LA_FINAL_LE_GAN_1-0_A,"f03::AZZARO REACCIÓN - RIVER, A LA FINAL LE GANÓ 1-0 A::clip_0155",clip_0155,sos campeón y Central hubiese salido campeón,sos campeón y central hubiese salido campeón,0.0,0.0,1.0,computed,
f03__AZZARO_REACCI_N_-_RIVER_A_LA_FINAL_LE_GAN_1-0_A,"f03::AZZARO REACCIÓN - RIVER, A LA FINAL LE GANÓ 1-0 A::clip_0156",clip_0156,hubiese salido campeón capaz que hasta dos veces con apertura y clausura bien con todo,Hubiese salido campeón capaz que hasta dos veces. Con apertura y clausura bien. Con todo.,0.0,0.0,1.0,computed,
f03__AZZARO_REACCI_N_-_RIVER_A_LA_FINAL_LE_GAN_1-0_A,"f03::AZZARO REACCIÓN - RIVER, A LA FINAL LE GANÓ 1-0 A::clip_0157",clip_0157,Eso es lo loco. Y te torneo.,"contra todo, eso es lo loco, y te torneo.",0.4615,0.2857,1.4615,computed,
f03__AZZARO_REACCI_N_-_RIVER_A_LA_FINAL_LE_GAN_1-0_A,"f03::AZZARO REACCIÓN - RIVER, A LA FINAL LE GANÓ 1-0 A::clip_0158",clip_0158,A los buenos no les sirve. A los buenos no les sirve. Les sirve a los...,A los buenos no les sirve. A los buenos no les sirve. Les sirve a los...,0.0,0.0,1.0,computed,
f03__AZZARO_REACCI_N_-_RIVER_A_LA_FINAL_LE_GAN_1-0_A,"f03::AZZARO REACCIÓN - RIVER, A LA FINAL LE GANÓ 1-0 A::clip_0159",clip_0159,que no anduvieron bien y después en el mano a mano y es otro torneo.,"que no anduvieron bien y después en el mano a mano y es otro torneo, es otro.",0.1194,0.1333,1.1194,computed,
f03__AZZARO_REACCI_N_-_RIVER_A_LA_FINAL_LE_GAN_1-0_A,"f03::AZZARO REACCIÓN - RIVER, A LA FINAL LE GANÓ 1-0 A::clip_0160",clip_0160,torneo. Es otro torneo.,"El soto torneo, el soto torneo, el soto torneo.",1.1429,1.75,2.0952,computed,
f03__AZZARO_REACCI_N_-_RIVER_A_LA_FINAL_LE_GAN_1-0_A,"f03::AZZARO REACCIÓN - RIVER, A LA FINAL LE GANÓ 1-0 A::clip_0161",clip_0161,otro torneo no no no no pero river hoy que le importa hoy hoy,otro torneo no no no no pero el river hoy que le importa hoy hoy,0.0492,0.0714,1.0492,computed,
f03__AZZARO_REACCI_N_-_RIVER_A_LA_FINAL_LE_GAN_1-0_A,"f03::AZZARO REACCIÓN - RIVER, A LA FINAL LE GANÓ 1-0 A::clip_0162",clip_0162,"Al de River, ¿qué le importa? Tapia, lo trae.","Al Deriver, ¿qué le importa? Tapia, lo tra...",0.05,0.3333,0.95,computed,
f03__AZZARO_REACCI_N_-_RIVER_A_LA_FINAL_LE_GAN_1-0_A,"f03::AZZARO REACCIÓN - RIVER, A LA FINAL LE GANÓ 1-0 A::clip_0163",clip_0163,"30 equipos, las dos horas, uy, cuando está con el boleto, ¿por qué lo digo?","35, la 2 horas Uy, cuando está con el boleto ¿Cómo me lo digo?",0.2899,0.4,0.8406,computed,
f03__AZZARO_REACCI_N_-_RIVER_A_LA_FINAL_LE_GAN_1-0_A,"f03::AZZARO REACCIÓN - RIVER, A LA FINAL LE GANÓ 1-0 A::clip_0164",clip_0164,Hace cuatro meses estaba con el boleto a Santiago del Estero ¿Y qué me importaba la mitología?,Porque yo hace cuatro meses estaba con el boleto a Santiago del Estero. ¿Y qué me importaba la mitología? Ahí ya mandé.,0.25,0.2941,1.25,computed,
f03__AZZARO_REACCI_N_-_RIVER_A_LA_FINAL_LE_GAN_1-0_A,"f03::AZZARO REACCIÓN - RIVER, A LA FINAL LE GANÓ 1-0 A::clip_0165",clip_0165,"llegaste a la final y enfrente tenés estudiantes, en nuestro caso, o ahora el",llegarte a la final y enfrente tener estudiantes en nuestro caso o ahora,0.08,0.2143,0.96,computed,
f03__AZZARO_REACCI_N_-_RIVER_A_LA_FINAL_LE_GAN_1-0_A,"f03::AZZARO REACCIÓN - RIVER, A LA FINAL LE GANÓ 1-0 A::clip_0167",clip_0167,morro que tiene ese partido aunque sea argentino viste loco,"el morbo que tiene ese partido, aunque sea argentino, viste, loco, yo ca...",0.1695,0.4,1.1525,computed,
f03__AZZARO_REACCI_N_-_RIVER_A_LA_FINAL_LE_GAN_1-0_A,"f03::AZZARO REACCIÓN - RIVER, A LA FINAL LE GANÓ 1-0 A::clip_0168",clip_0168,¡Soy campeón! ¡Soy campeón!,"campeón, soy campeón, soy campeón cuando...",0.6522,0.5,1.6522,computed,
f03__AZZARO_REACCI_N_-_RIVER_A_LA_FINAL_LE_GAN_1-0_A,"f03::AZZARO REACCIÓN - RIVER, A LA FINAL LE GANÓ 1-0 A::clip_0169",clip_0169,"no eras nada, cuando era todo negro, cuando era Refundemos River.","no eras nada, cuando era todo negro, cuando era Refundemos River.",0.0,0.0,1.0,computed,
f03__AZZARO_REACCI_N_-_RIVER_A_LA_FINAL_LE_GAN_1-0_A,"f03::AZZARO REACCIÓN - RIVER, A LA FINAL LE GANÓ 1-0 A::clip_0170",clip_0170,fundemos River y hoy goza de las mieles de,fundemos River y hoy goza de las mieles de,0.0,0.0,1.0,computed,
f03__AZZARO_REACCI_N_-_RIVER_A_LA_FINAL_LE_GAN_1-0_A,"f03::AZZARO REACCIÓN - RIVER, A LA FINAL LE GANÓ 1-0 A::clip_0171",clip_0171,"del torneo en Griega. Y bueno, ya está, ¿qué va a hacer? Pero, a favor, su diligencia.","del torneo en Griebel. Y bueno, ya está, ¿qué va a hacer? Pero, a favor, subinigencia.",0.0769,0.1765,1.0,computed,
f03__AZZARO_REACCI_N_-_RIVER_A_LA_FINAL_LE_GAN_1-0_A,"f03::AZZARO REACCIÓN - RIVER, A LA FINAL LE GANÓ 1-0 A::clip_0172",clip_0172,"Se plantó y dijo, esto no nos gusta antes. Veremos qué es lo que dice ahora.","Se plantó y dijo, esto no nos gusta antes. Veremos qué es lo que dice ahora.",0.0,0.0,1.0,computed,
f03__AZZARO_REACCI_N_-_RIVER_A_LA_FINAL_LE_GAN_1-0_A,"f03::AZZARO REACCIÓN - RIVER, A LA FINAL LE GANÓ 1-0 A::clip_0173",clip_0173,"Pero antes dijo, esto no nos gusta. Y hoy, que ya me imagino, me imagino a...","Pero antes dijo, esto no nos gusta. Y hoy, que ya me imagino, me imagino a...",0.0,0.0,1.0,computed,
f03__AZZARO_REACCI_N_-_RIVER_A_LA_FINAL_LE_GAN_1-0_A,"f03::AZZARO REACCIÓN - RIVER, A LA FINAL LE GANÓ 1-0 A::clip_0175",clip_0175,"Nos cobraron dos penales. Bueno, si haces un penal de que un jugador pegue un codazo...","Eh, nos cobraron dos penales. Bueno, si haces un penal, ¿de qué un juego? ¿Un codazo?",0.1585,0.25,0.939,computed,
f03__AZZARO_REACCI_N_-_RIVER_A_LA_FINAL_LE_GAN_1-0_A,"f03::AZZARO REACCIÓN - RIVER, A LA FINAL LE GANÓ 1-0 A::clip_0176",clip_0176,"¿Quieres que no te lo cobren? El penal, el arquero ni lo discutió porque es un p...","¿Qué quieres que no te lo cobren? El penal, el arquero ni lo discutió, pues es un p...",0.1039,0.1176,1.026,computed,
f03__AZZARO_REACCI_N_-_RIVER_A_LA_FINAL_LE_GAN_1-0_A,"f03::AZZARO REACCIÓN - RIVER, A LA FINAL LE GANÓ 1-0 A::clip_0177",clip_0177,"Alaso el otro, el segundo Párrafo aparte Jugó criticadísimo por mí Que igual soy de los que piensan",penalazo el otro el segundo parrafo aparte jugó criticadísimo por mí que igual soy de los que piensan,0.051,0.1111,1.0306,computed,
f03__AZZARO_REACCI_N_-_RIVER_A_LA_FINAL_LE_GAN_1-0_A,"f03::AZZARO REACCIÓN - RIVER, A LA FINAL LE GANÓ 1-0 A::clip_0178",clip_0178,que si River quiere ir a por todo,que si River quiere ir a por todo,0.0,0.0,1.0,computed,
f03__AZZARO_REACCI_N_-_RIVER_A_LA_FINAL_LE_GAN_1-0_A,"f03::AZZARO REACCIÓN - RIVER, A LA FINAL LE GANÓ 1-0 A::clip_0179",clip_0179,"para ser titular, porque tiene chispasos, pero a veces no tiene ni esos chispasos como",para ser titular porque tiene chispazos pero a veces no tiene ni esos chispazos como,0.0238,0.1333,1.0,computed,
f03__AZZARO_REACCI_N_-_RIVER_A_LA_FINAL_LE_GAN_1-0_A,"f03::AZZARO REACCIÓN - RIVER, A LA FINAL LE GANÓ 1-0 A::clip_0180",clip_0180,"Los mató Colidio el penal. Y lo mal que los mató Montiel, ¿no? Pero qué bien lo...","Los matió Colidio el penal. Y lo mal que los matió Montiel, ¿no? Pero qué bien lo...",0.0267,0.1176,1.0267,computed,
f03__AZZARO_REACCI_N_-_RIVER_A_LA_FINAL_LE_GAN_1-0_A,"f03::AZZARO REACCIÓN - RIVER, A LA FINAL LE GANÓ 1-0 A::clip_0182",clip_0182,"O sea, no es que es frío, papá, pero es frío, frío. Y qué mala leche lo de...","No es que es frío, papá, pero es frío, frío. Y qué mala leche lo de Diego.",0.1739,0.1667,1.0,computed,
f03__AZZARO_REACCI_N_-_RIVER_A_LA_FINAL_LE_GAN_1-0_A,"f03::AZZARO REACCIÓN - RIVER, A LA FINAL LE GANÓ 1-0 A::clip_0183",clip_0183,"Claro, River arranca bien y se supera porque es jodido.","Claro, River arranca, arranca bien y se supera porque es jodido que a lo...",0.3208,0.4,1.3208,computed,
f03__AZZARO_REACCI_N_-_RIVER_A_LA_FINAL_LE_GAN_1-0_A,"f03::AZZARO REACCIÓN - RIVER, A LA FINAL LE GANÓ 1-0 A::clip_0185",clip_0185,que nosotros viendo la jugada vemos que no hay mala leche,que nosotros viendo la jugada vemos que no hay mala leche,0.0,0.0,1.0,computed,
f03__AZZARO_REACCI_N_-_RIVER_A_LA_FINAL_LE_GAN_1-0_A,"f03::AZZARO REACCIÓN - RIVER, A LA FINAL LE GANÓ 1-0 A::clip_0187",clip_0187,no sabés bien cómo fue la jugada y River se repuso a mucho se repuso a la jugada,"porque no sabés bien cómo fue la jugada. Y River se repuso a muchos, se repuso a...",0.225,0.2222,0.975,computed,
f03__AZZARO_REACCI_N_-_RIVER_A_LA_FINAL_LE_GAN_1-0_A,"f03::AZZARO REACCIÓN - RIVER, A LA FINAL LE GANÓ 1-0 A::clip_0190",clip_0190,muy bueno no hace falta patear 40 veces al arco para que tu equipo seas,muy bueno no hace falta patear 40 veces al arco para que tu equipo sea su,0.0282,0.1333,1.0282,computed,
f03__AZZARO_REACCI_N_-_RIVER_A_LA_FINAL_LE_GAN_1-0_A,"f03::AZZARO REACCIÓN - RIVER, A LA FINAL LE GANÓ 1-0 A::clip_0191",clip_0191,superior al rival y juegue a la altura.,al rival y juegue a la altura,0.2368,0.125,0.7632,computed,
f03__AZZARO_REACCI_N_-_RIVER_A_LA_FINAL_LE_GAN_1-0_A,"f03::AZZARO REACCIÓN - RIVER, A LA FINAL LE GANÓ 1-0 A::clip_0192",clip_0192,"de las circunstancias, merecidísima clasificación de River, merecidísima.","de las circunstancias, merecidísima clasificación de River, merecidísima.",0.0,0.0,1.0,computed,
f03__AZZARO_REACCI_N_-_RIVER_A_LA_FINAL_LE_GAN_1-0_A,"f03::AZZARO REACCIÓN - RIVER, A LA FINAL LE GANÓ 1-0 A::clip_0193",clip_0193,No les voy a mentir que después de lo que pasó el otro día con Central.,"No les voy a mentir que después de lo que pasó el otro día con Central,",0.0,0.0,1.0,computed,
f03__AZZARO_REACCI_N_-_RIVER_A_LA_FINAL_LE_GAN_1-0_A,"f03::AZZARO REACCIÓN - RIVER, A LA FINAL LE GANÓ 1-0 A::clip_0194",clip_0194,"Algo de mí siente que, bueno, dicen, track, ¿qué vas a hacer?",de mí siente que bueno y central que vas a hacer,0.2,0.3333,0.8727,computed,
f03__AZZARO_REACCI_N_-_RIVER_A_LA_FINAL_LE_GAN_1-0_A,"f03::AZZARO REACCIÓN - RIVER, A LA FINAL LE GANÓ 1-0 A::clip_0195",clip_0195,"Y además, no, no jodamos con la jugada de Ávila.","Y además, no, no jodamos con la jugada de Ávila.",0.0,0.0,1.0,computed,
f03__AZZARO_REACCI_N_-_RIVER_A_LA_FINAL_LE_GAN_1-0_A,"f03::AZZARO REACCIÓN - RIVER, A LA FINAL LE GANÓ 1-0 A::clip_0196",clip_0196,"grave, grave que no lo hayan hinchado grave, grave",grave grave que no lo hayan hinchado grave grave,0.0,0.0,1.0,computed,
f03__AZZARO_REACCI_N_-_RIVER_A_LA_FINAL_LE_GAN_1-0_A,"f03::AZZARO REACCIÓN - RIVER, A LA FINAL LE GANÓ 1-0 A::clip_0197",clip_0197,River hoy en el Monumental jugando una...,"River, hoy en el Monumental, jugando una...",0.0,0.0,1.0,computed,
f03__AZZARO_REACCI_N_-_RIVER_A_LA_FINAL_LE_GAN_1-0_A,"f03::AZZARO REACCIÓN - RIVER, A LA FINAL LE GANÓ 1-0 A::clip_0198",clip_0198,"semifinal era penal, expulsión, es grave lo que pasó, pero listo.","semifinal, era penal, expulsión, es grave lo que pasó, pero listo.",0.0,0.0,1.0,computed,
f03__AZZARO_REACCI_N_-_RIVER_A_LA_FINAL_LE_GAN_1-0_A,"f03::AZZARO REACCIÓN - RIVER, A LA FINAL LE GANÓ 1-0 A::clip_0199",clip_0199,"ya está, porque ganó River pero que no llore ni María, que no hable","ya está, porque ganó River, pero que no llore de Di María, que no hable de un...",0.1538,0.2857,1.1385,computed,
f03__AZZARO_REACCI_N_-_RIVER_A_LA_FINAL_LE_GAN_1-0_A,"f03::AZZARO REACCIÓN - RIVER, A LA FINAL LE GANÓ 1-0 A::clip_0200",clip_0200,"Unitario, federal, unitario y federal. Y María, déjate hinchar la pelota.","Unitario, federal, unitario y federal, y María, déjate hinchar la pelota.",0.0,0.0,1.0,computed,
f03__AZZARO_REACCI_N_-_RIVER_A_LA_FINAL_LE_GAN_1-0_A,"f03::AZZARO REACCIÓN - RIVER, A LA FINAL LE GANÓ 1-0 A::clip_0201",clip_0201,Cuando agarraste la copa en la c...,Cuando agarras te la copa en una c...,0.0938,0.4286,1.0625,computed,
f03__AZZARO_REACCI_N_-_RIVER_A_LA_FINAL_LE_GAN_1-0_A,"f03::AZZARO REACCIÓN - RIVER, A LA FINAL LE GANÓ 1-0 A::clip_0202",clip_0202,Y bancate que te critiquen Bancate que si echan mal al 9 de Racing,"y bancate que te critiquen, bancate que si echan mal al 9 de Racing y...",0.0303,0.0714,1.0303,computed,
f03__AZZARO_REACCI_N_-_RIVER_A_LA_FINAL_LE_GAN_1-0_A,"f03::AZZARO REACCIÓN - RIVER, A LA FINAL LE GANÓ 1-0 A::clip_0203",clip_0203,puede echar a dicha y se iba a la locura así como las que vos has,"puede echar a nadie, che, y bancala, loco, bancala, así como las que gozas, eh.",0.3846,0.5625,1.1077,computed,
f03__AZZARO_REACCI_N_-_RIVER_A_LA_FINAL_LE_GAN_1-0_A,"f03::AZZARO REACCIÓN - RIVER, A LA FINAL LE GANÓ 1-0 A::clip_0204",clip_0204,gozar el poder después tiene un costo.,Gozar el poder después tiene un costo.,0.0,0.0,1.0,computed,
f03__AZZARO_REACCI_N_-_RIVER_A_LA_FINAL_LE_GAN_1-0_A,"f03::AZZARO REACCIÓN - RIVER, A LA FINAL LE GANÓ 1-0 A::clip_0205",clip_0205,cuando te pitan en contra. Pero el problema es que Central lo necesita.,Cuando te pitan en contra. Pero el problema es que Central lo necesita.,0.0,0.0,1.0,computed,
f03__AZZARO_REACCI_N_-_RIVER_A_LA_FINAL_LE_GAN_1-0_A,"f03::AZZARO REACCIÓN - RIVER, A LA FINAL LE GANÓ 1-0 A::clip_0209",clip_0209,"Ese poquito que vos decías, bueno, capaz que lo llena mi María ese poquito.","ese poquito, ese poquito que vos decías, bueno capaz que lo llena de maría ese poquito, no lo llena",0.3611,0.4286,1.3333,computed,
f03__AZZARO_REACCI_N_-_RIVER_A_LA_FINAL_LE_GAN_1-0_A,"f03::AZZARO REACCIÓN - RIVER, A LA FINAL LE GANÓ 1-0 A::clip_0210",clip_0210,"No lo llenó Di María, no lo llenó. Almirón no estuvo... Igual Almirón...","no lo llenó de María, no lo llenó Almirón no estuvo igual Almirón, cuando va",0.1719,0.2308,1.1562,computed,
f03__AZZARO_REACCI_N_-_RIVER_A_LA_FINAL_LE_GAN_1-0_A,"f03::AZZARO REACCIÓN - RIVER, A LA FINAL LE GANÓ 1-0 A::clip_0211",clip_0211,monumental al millón con sus equipos como le gusta nada como le gusta sentirse menos jorge,monumental al millón con sus equipos como le gusta como le gusta sentirse menos jorge,0.0556,0.0625,0.9444,computed,
f03__AZZARO_REACCI_N_-_RIVER_A_LA_FINAL_LE_GAN_1-0_A,"f03::AZZARO REACCIÓN - RIVER, A LA FINAL LE GANÓ 1-0 A::clip_0212",clip_0212,"Él es un tipo que me cae bien, pero ¿cómo le cuesta el mirón en el Monumental?","Es un tipo que me cae bien, pero ¿cómo le cuesta al Mirón el Monumental?",0.0933,0.1765,0.92,computed,
f03__AZZARO_REACCI_N_-_RIVER_A_LA_FINAL_LE_GAN_1-0_A,"f03::AZZARO REACCIÓN - RIVER, A LA FINAL LE GANÓ 1-0 A::clip_0214",clip_0214,si bueno le da no jugar tener miedo a jugar plantarse tan atrás,y bueno le da no jugar tener miedo a jugar plantarse tan atrás,0.0317,0.0769,0.9841,computed,
f03__AZZARO_REACCI_N_-_RIVER_A_LA_FINAL_LE_GAN_1-0_A,"f03::AZZARO REACCIÓN - RIVER, A LA FINAL LE GANÓ 1-0 A::clip_0215",clip_0215,"Pero hay mérito de River también. Hay mérito de River y hay. Ay, che, no, no, no.","Pero hay mérito de River también. Hay mérito de River y hay. Ay, che, no, no, no.",0.0,0.0,1.0,computed,
f03__AZZARO_REACCI_N_-_RIVER_A_LA_FINAL_LE_GAN_1-0_A,"f03::AZZARO REACCIÓN - RIVER, A LA FINAL LE GANÓ 1-0 A::clip_0217",clip_0217,"La nengue, la nengue Y River a la final Y River","La Nenge, la Nenge y River a la final y River",0.0435,0.1818,0.9565,computed,
f03__AZZARO_REACCI_N_-_RIVER_A_LA_FINAL_LE_GAN_1-0_A,"f03::AZZARO REACCIÓN - RIVER, A LA FINAL LE GANÓ 1-0 A::clip_0218",clip_0218,"Y River aún, aún sin tener los jugadores que el hincha de River.","Y River aún, aún, sin tener los jugadores que el hincha de...",0.0968,0.0769,0.9032,computed,
f03__AZZARO_REACCI_N_-_RIVER_A_LA_FINAL_LE_GAN_1-0_A,"f03::AZZARO REACCIÓN - RIVER, A LA FINAL LE GANÓ 1-0 A::clip_0220",clip_0220,estuvimos acostumbrados a ver,Estuvimos acostumbrados a ver.,0.0,0.0,1.0,computed,
f03__AZZARO_REACCI_N_-_RIVER_A_LA_FINAL_LE_GAN_1-0_A,"f03::AZZARO REACCIÓN - RIVER, A LA FINAL LE GANÓ 1-0 A::clip_0221",clip_0221,"River gana, y hoy ganó, y hoy ganó como históricamente ganó River.",River gana y hoy ganó como históricamente ganó River.,0.1746,0.25,0.8254,computed,
f03__AZZARO_REACCI_N_-_RIVER_A_LA_FINAL_LE_GAN_1-0_A,"f03::AZZARO REACCIÓN - RIVER, A LA FINAL LE GANÓ 1-0 A::clip_0223",clip_0223,"que el final, que esos últimos días que se vivan","que el final, que esos últimos días, que ese mismo, ¿eh?",0.1702,0.3,1.0851,computed,
f03__AZZARO_REACCI_N_-_RIVER_A_LA_FINAL_LE_GAN_1-0_A,"f03::AZZARO REACCIÓN - RIVER, A LA FINAL LE GANÓ 1-0 A::clip_0224",clip_0224,"así llega un momento donde te metes atrás, donde el rival también juega","así, llega un momento donde te metes atrás, donde el rival también juega.",0.0,0.0,1.0,computed,
f03__AZZARO_REACCI_N_-_RIVER_A_LA_FINAL_LE_GAN_1-0_A,"f03::AZZARO REACCIÓN - RIVER, A LA FINAL LE GANÓ 1-0 A::clip_0225",clip_0225,pero es un partido para mí muy completo muy completo,pero es un partido para mí muy completo muy completo,0.0,0.0,1.0,computed,
f03__AZZARO_REACCI_N_-_RIVER_A_LA_FINAL_LE_GAN_1-0_A,"f03::AZZARO REACCIÓN - RIVER, A LA FINAL LE GANÓ 1-0 A::clip_0226",clip_0226,"Sin Acuña, que es claramente el mejor juego de River.","Justin Acuña, que es claramente el mejor juego de River",0.0588,0.1,1.0588,computed,
f03__AZZARO_REACCI_N_-_RIVER_A_LA_FINAL_LE_GAN_1-0_A,"f03::AZZARO REACCIÓN - RIVER, A LA FINAL LE GANÓ 1-0 A::clip_0227",clip_0227,desciende de Dios y...,en la sección de Deleuze,0.8947,1.25,1.2632,computed,
f03__AZZARO_REACCI_N_-_RIVER_A_LA_FINAL_LE_GAN_1-0_A,"f03::AZZARO REACCIÓN - RIVER, A LA FINAL LE GANÓ 1-0 A::clip_0228",clip_0228,muy contento por el chacho,muy contento por el chacho,0.0,0.0,1.0,computed,
f03__AZZARO_REACCI_N_-_RIVER_A_LA_FINAL_LE_GAN_1-0_A,"f03::AZZARO REACCIÓN - RIVER, A LA FINAL LE GANÓ 1-0 A::clip_0229",clip_0229,"cariño que le tengo a Chacho, por lo que hizo el Chacho por Racing, ojalá se le...",cariño que le tengo a Chacho por lo que hizo el Chacho por Racing ojalá se le pueda,0.0779,0.0588,1.0779,computed,
f03__AZZARO_REACCI_N_-_RIVER_A_LA_FINAL_LE_GAN_1-0_A,"f03::AZZARO REACCIÓN - RIVER, A LA FINAL LE GANÓ 1-0 A::clip_0230",clip_0230,pueda dar también a él porque es un tipo que le hace bien al fútbol. ¡Ganó River señores!,pueda dar también a él porque porque es un tipo que le hace bien al fútbol ganó River señores,0.0814,0.0556,1.0814,computed,
f04__BULLRICH_DESAF_A_a_KARINA_MILEI_con_el_3_ESTA_SE,f04::BULLRICH DESAFÍA a KARINA MILEI con el 3%  ESTA SE::clip_0008,clip_0008,"Pues está Marquitos, pues está Lía, pues estuvo bueno el guión.","Porque está Marquitos, porque está Lía, porque estuvo bueno el guión.",0.2,0.2727,1.1,computed,
f04__BULLRICH_DESAF_A_a_KARINA_MILEI_con_el_3_ESTA_SE,f04::BULLRICH DESAFÍA a KARINA MILEI con el 3%  ESTA SE::clip_0009,clip_0009,"¿Qué sentís vos, Ian Ayesa? Bienvenido nuevamente.","¿Qué sentís vos, Ian? A Yesa, bienvenido nuevamente.",0.0217,0.2857,1.0217,computed,
f04__BULLRICH_DESAF_A_a_KARINA_MILEI_con_el_3_ESTA_SE,f04::BULLRICH DESAFÍA a KARINA MILEI con el 3%  ESTA SE::clip_0010,clip_0010,¿Qué tal? ¿Cómo andás? Yo no sé cuánta gente le veo en general.,¿Qué tal? ¿Cómo andás? Yo no sé cuánta gente la ve en general. Nunca me he visto.,0.3448,0.4615,1.2931,computed,
f04__BULLRICH_DESAF_A_a_KARINA_MILEI_con_el_3_ESTA_SE,f04::BULLRICH DESAFÍA a KARINA MILEI con el 3%  ESTA SE::clip_0011,clip_0011,"Nunca miro los números, así que 80.000 es mucho en comparación.","Nunca miro los números, así que 80.000 es mucho en comparación.",0.0,0.0,1.0,computed,
f04__BULLRICH_DESAF_A_a_KARINA_MILEI_con_el_3_ESTA_SE,f04::BULLRICH DESAFÍA a KARINA MILEI con el 3%  ESTA SE::clip_0012,clip_0012,"es mucha gente, si es un montón de gente le mandamos un saludo grande a todos los Springfieldianos y Springfieldianas","y es mucha gente. Sí, es un montón de gente, la verdad. Le mandamos un saludo grande a todos los esprinfildianos y esprinfildianas.",0.1638,0.3,1.0862,computed,
f04__BULLRICH_DESAF_A_a_KARINA_MILEI_con_el_3_ESTA_SE,f04::BULLRICH DESAFÍA a KARINA MILEI con el 3%  ESTA SE::clip_0024,clip_0024,"Que no nos mariemos. Casi le pongo like. Casi le pongo like. Sí, sí, esto no se opina.","Casi le pongo like Si, si, esto no se opina",0.5,0.5556,0.5125,computed,
f04__BULLRICH_DESAF_A_a_KARINA_MILEI_con_el_3_ESTA_SE,f04::BULLRICH DESAFÍA a KARINA MILEI con el 3%  ESTA SE::clip_0047,clip_0047,"Ricardo Quintana Bien, algunos dirán Igual que en general","Por Ricardo Quintena, capo. Bien, algunos dirán... Igual que en general...",0.1786,0.3333,1.1607,computed,
f04__BULLRICH_DESAF_A_a_KARINA_MILEI_con_el_3_ESTA_SE,f04::BULLRICH DESAFÍA a KARINA MILEI con el 3%  ESTA SE::clip_0083,clip_0083,¡Hijos de puta! ¡La piña! ¿Qué es esto? Cosas que sube el presidente. ¿Por qué la pisa el perro?,¿Vos de puta? ¡La niña! ¿Qué es esto? Cosas que sube el presidente. ¿Por qué la pisa el perro?,0.046,0.1053,0.977,computed,
f04__BULLRICH_DESAF_A_a_KARINA_MILEI_con_el_3_ESTA_SE,f04::BULLRICH DESAFÍA a KARINA MILEI con el 3%  ESTA SE::clip_0084,clip_0084,¿Sabes qué pienso? ¿Qué me gusta pensar? ¿Reunión de la mesa política?,¿Sabes qué pienso? ¿Qué me gusta pensar? Reunión de la mesa política Y en un momento,0.25,0.3333,1.25,computed,
f04__BULLRICH_DESAF_A_a_KARINA_MILEI_con_el_3_ESTA_SE,f04::BULLRICH DESAFÍA a KARINA MILEI con el 3%  ESTA SE::clip_0091,clip_0091,"Sí, nos volvimos a ilusionar, gente. Buen tuit, buen tuit.",y nos volvimos a ilusionar gente buen tuit,0.2264,0.3,0.7925,computed,
f04__BULLRICH_DESAF_A_a_KARINA_MILEI_con_el_3_ESTA_SE,f04::BULLRICH DESAFÍA a KARINA MILEI con el 3%  ESTA SE::clip_0092,clip_0092,"muchachos. Pero si decimos presidente y mundial, obviamente lo primero que pensamos no es en mi ley, sino...",pero si decimos presidente y mundial obviamente lo primero que pensamos no es en mi ley sino,0.098,0.0556,0.902,computed,
f04__BULLRICH_DESAF_A_a_KARINA_MILEI_con_el_3_ESTA_SE,f04::BULLRICH DESAFÍA a KARINA MILEI con el 3%  ESTA SE::clip_0096,clip_0096,"Bueno, es un buen inicio, ¿qué le parece? Mejor imposible, cátedra de Leo.","Bueno, es un buen inicio, ¿qué le parece? Mejor imposible, cátedra de Leo.",0.0,0.0,1.0,computed,
f04__BULLRICH_DESAF_A_a_KARINA_MILEI_con_el_3_ESTA_SE,f04::BULLRICH DESAFÍA a KARINA MILEI con el 3%  ESTA SE::clip_0097,clip_0097,"¿Vuelve al fútbol, Macri? Vuelvo, sí, vuelvo de nuevo. ¿Vuelve a la política?","¿Vuelve al fútbol, Macri? Vuelvo, sí, vuelvo de nuevo. ¿Vuelve a la política?",0.0,0.0,1.0,computed,
f04__BULLRICH_DESAF_A_a_KARINA_MILEI_con_el_3_ESTA_SE,f04::BULLRICH DESAFÍA a KARINA MILEI con el 3%  ESTA SE::clip_0112,clip_0112,"¿qué hago? Les voy a ser sinceros, solamente pusimos el video de Macri para poder llegar de alguna forma más o menos...","¿Qué hago? Les voy a ser sinceros, solamente pusimos el video de Macri para poder llegar de alguna forma más o menos...",0.0,0.0,1.0,computed,
f04__BULLRICH_DESAF_A_a_KARINA_MILEI_con_el_3_ESTA_SE,f04::BULLRICH DESAFÍA a KARINA MILEI con el 3%  ESTA SE::clip_0113,clip_0113,orgánica a la manteca de Juliana Aguada. Cómo me gusta el pan con manteca.,"orgánica, a la manteca de Juliana Aguada. Cómo me gusta el pan con manteca.",0.0,0.0,1.0,computed,
f04__BULLRICH_DESAF_A_a_KARINA_MILEI_con_el_3_ESTA_SE,f04::BULLRICH DESAFÍA a KARINA MILEI con el 3%  ESTA SE::clip_0114,clip_0114,tan humilde. ¿Cómo me gusta el pan con manteca?,tan humilde. ¿Cómo me gusta el pan con manteca?,0.0,0.0,1.0,computed,
f04__BULLRICH_DESAF_A_a_KARINA_MILEI_con_el_3_ESTA_SE,f04::BULLRICH DESAFÍA a KARINA MILEI con el 3%  ESTA SE::clip_0116,clip_0116,"Uy, qué bien, Nico, cómo estás enganchando cosas, pero esto es data impresionante. ¿Qué dices?","Uy, qué bien Nico, cómo estás enganchando cosas, pero esto es data impresionante, ¿qué dices?",0.0,0.0,1.0,computed,
f04__BULLRICH_DESAF_A_a_KARINA_MILEI_con_el_3_ESTA_SE,f04::BULLRICH DESAFÍA a KARINA MILEI con el 3%  ESTA SE::clip_0117,clip_0117,La felicidad es algo para todos los que...,La felicidad es algo para todos los que...,0.0,0.0,1.0,computed,
f04__BULLRICH_DESAF_A_a_KARINA_MILEI_con_el_3_ESTA_SE,f04::BULLRICH DESAFÍA a KARINA MILEI con el 3%  ESTA SE::clip_0118,clip_0118,"Compras, después dice. Sí, quiero ver qué compra en el corazón.","compras, después dice. Sí, quiero ver qué compra en el corazón.",0.0,0.0,1.0,computed,
f04__BULLRICH_DESAF_A_a_KARINA_MILEI_con_el_3_ESTA_SE,f04::BULLRICH DESAFÍA a KARINA MILEI con el 3%  ESTA SE::clip_0120,clip_0120,favor déjenme salir de este taller estoy hace 14 años encerrado,favor déjenme salir de este taller estoy hace 14 años encerrado,0.0,0.0,1.0,computed,
f04__BULLRICH_DESAF_A_a_KARINA_MILEI_con_el_3_ESTA_SE,f04::BULLRICH DESAFÍA a KARINA MILEI con el 3%  ESTA SE::clip_0127,clip_0127,Que te diga qué linda tostada. Cómo me gusta el pan con manteca cake.,Y te diga qué linda tostada. ¿Cómo me gusta el pan con manteca cake?,0.0448,0.0714,0.9701,computed,
f04__BULLRICH_DESAF_A_a_KARINA_MILEI_con_el_3_ESTA_SE,f04::BULLRICH DESAFÍA a KARINA MILEI con el 3%  ESTA SE::clip_0128,clip_0128,Apasionante historia.,Apasionante historia.,0.0,0.0,1.0,computed,
f04__BULLRICH_DESAF_A_a_KARINA_MILEI_con_el_3_ESTA_SE,f04::BULLRICH DESAFÍA a KARINA MILEI con el 3%  ESTA SE::clip_0129,clip_0129,Le gusta el pan con manteca Sigamos,"La hechicera es así. ¿Cómo me gusta el pan con manteca? Sí, sí. Sigamos.",0.8857,1.1429,1.8857,computed,
f04__BULLRICH_DESAF_A_a_KARINA_MILEI_con_el_3_ESTA_SE,f04::BULLRICH DESAFÍA a KARINA MILEI con el 3%  ESTA SE::clip_0130,clip_0130,Uno que pasó de mendigo a rey del Mundial pasado a este fue Manuel Adorni.,Uno que pasó de mendigo a rey del Mundial pasado a este fue Manuel Adorni.,0.0,0.0,1.0,computed,
f04__BULLRICH_DESAF_A_a_KARINA_MILEI_con_el_3_ESTA_SE,f04::BULLRICH DESAFÍA a KARINA MILEI con el 3%  ESTA SE::clip_0132,clip_0132,asumido en el siguiente tweet del turco García. Adorni el Mundial pasado.,"sumido en el siguiente tuit del turco García, Adorni el mundial pasado",0.0563,0.1667,0.9718,computed,
f04__BULLRICH_DESAF_A_a_KARINA_MILEI_con_el_3_ESTA_SE,f04::BULLRICH DESAFÍA a KARINA MILEI con el 3%  ESTA SE::clip_0134,clip_0134,"El jefe de gabinete, Carlos Pagni, dijo lo siguiente.","Jefe de Gabinete, Carlos Pagni, dijo lo siguiente.",0.06,0.1111,0.94,computed,
f04__BULLRICH_DESAF_A_a_KARINA_MILEI_con_el_3_ESTA_SE,f04::BULLRICH DESAFÍA a KARINA MILEI con el 3%  ESTA SE::clip_0135,clip_0135,La actuación de Manuel Adorni.,de manuel adorni,0.4483,0.4,0.5517,computed,
f04__BULLRICH_DESAF_A_a_KARINA_MILEI_con_el_3_ESTA_SE,f04::BULLRICH DESAFÍA a KARINA MILEI con el 3%  ESTA SE::clip_0137,clip_0137,"a una cuestión moral solamente, no solamente a una cuestión de corrupción,","a una cuestión moral solamente, no solamente a una cuestión de corrupción.",0.0,0.0,1.0,computed,
f04__BULLRICH_DESAF_A_a_KARINA_MILEI_con_el_3_ESTA_SE,f04::BULLRICH DESAFÍA a KARINA MILEI con el 3%  ESTA SE::clip_0138,clip_0138,"que es de lo que después vamos a hablar y analizar, sino más bien a la indigencia conceptual,",que es de lo que después vamos a hablar y analizar sino más bien a la indigencia conceptual a la,0.0549,0.1111,1.0549,computed,
f04__BULLRICH_DESAF_A_a_KARINA_MILEI_con_el_3_ESTA_SE,f04::BULLRICH DESAFÍA a KARINA MILEI con el 3%  ESTA SE::clip_0139,clip_0139,"diríamos, cognitiva",diríamos cognitiva,0.0,0.0,1.0,computed,
f04__BULLRICH_DESAF_A_a_KARINA_MILEI_con_el_3_ESTA_SE,f04::BULLRICH DESAFÍA a KARINA MILEI con el 3%  ESTA SE::clip_0140,clip_0140,"de Adorni, para defender su situación.",de Adorni para defender su situación.,0.0,0.0,1.0,computed,
f04__BULLRICH_DESAF_A_a_KARINA_MILEI_con_el_3_ESTA_SE,f04::BULLRICH DESAFÍA a KARINA MILEI con el 3%  ESTA SE::clip_0141,clip_0141,"para explicar sus cuentas, para razonar.","para explicar sus cuentas, para razonar.",0.0,0.0,1.0,computed,
f04__BULLRICH_DESAF_A_a_KARINA_MILEI_con_el_3_ESTA_SE,f04::BULLRICH DESAFÍA a KARINA MILEI con el 3%  ESTA SE::clip_0142,clip_0142,"Tratándose de un jefe de gabinete, ese tipo de déficit, ese tipo de...","Tratándose de un jefe de gabinete, ese tipo de déficit, ese tipo de...",0.0,0.0,1.0,computed,
f04__BULLRICH_DESAF_A_a_KARINA_MILEI_con_el_3_ESTA_SE,f04::BULLRICH DESAFÍA a KARINA MILEI con el 3%  ESTA SE::clip_0143,clip_0143,"eficiencia, llama muchísimo la atención.",Eficiencia llama muchísimo la atención.,0.0,0.0,1.0,computed,
f04__BULLRICH_DESAF_A_a_KARINA_MILEI_con_el_3_ESTA_SE,f04::BULLRICH DESAFÍA a KARINA MILEI con el 3%  ESTA SE::clip_0144,clip_0144,Y por momentos parece inconcebible que alguien tan poco dotado intelectualmente...,Y por momentos parece inconcebible que alguien tan poco dotado intelectualmente...,0.0,0.0,1.0,computed,
f04__BULLRICH_DESAF_A_a_KARINA_MILEI_con_el_3_ESTA_SE,f04::BULLRICH DESAFÍA a KARINA MILEI con el 3%  ESTA SE::clip_0145,clip_0145,haya llegado al lugar donde lo llevó el poder.,haya llegado al lugar donde lo llevó el poder.,0.0,0.0,1.0,computed,
f04__BULLRICH_DESAF_A_a_KARINA_MILEI_con_el_3_ESTA_SE,f04::BULLRICH DESAFÍA a KARINA MILEI con el 3%  ESTA SE::clip_0146,clip_0146,"A ver, ¿cómo decirlo? Alguien tan...","A ver, ¿cómo decirlo? ¿Cómo decirlo? Alguien tan...",0.4333,0.3333,1.4333,computed,
f04__BULLRICH_DESAF_A_a_KARINA_MILEI_con_el_3_ESTA_SE,f04::BULLRICH DESAFÍA a KARINA MILEI con el 3%  ESTA SE::clip_0147,clip_0147,Peor de la estafa de esta semana.,Peor de la estafa de esta semana.,0.0,0.0,1.0,computed,
f04__BULLRICH_DESAF_A_a_KARINA_MILEI_con_el_3_ESTA_SE,f04::BULLRICH DESAFÍA a KARINA MILEI con el 3%  ESTA SE::clip_0148,clip_0148,"tiene que ver con Adorni, tiene que ver con las figuritas del Mundial.","tiene que ver con Adorni, tiene que ver con las figuritas del Mundial.",0.0,0.0,1.0,computed,
f04__BULLRICH_DESAF_A_a_KARINA_MILEI_con_el_3_ESTA_SE,f04::BULLRICH DESAFÍA a KARINA MILEI con el 3%  ESTA SE::clip_0149,clip_0149,"estafaron a Pampita, compró figuritas","estafaron a Pampita, compró figuritas",0.0,0.0,1.0,computed,
f04__BULLRICH_DESAF_A_a_KARINA_MILEI_con_el_3_ESTA_SE,f04::BULLRICH DESAFÍA a KARINA MILEI con el 3%  ESTA SE::clip_0150,clip_0150,mundial y eran dos cajas de puré de tomate.,mundial y eran dos cajas de puré de tomaco.,0.0476,0.1111,1.0,computed,
f04__BULLRICH_DESAF_A_a_KARINA_MILEI_con_el_3_ESTA_SE,f04::BULLRICH DESAFÍA a KARINA MILEI con el 3%  ESTA SE::clip_0152,clip_0152,A veces te pasas por comprar por Mercado Libre. No sé cómo compran las figuritas.,Eso te pasa por comprar por Mercadolib. No sé cómo compran las figuitas.,0.1392,0.4,0.8861,computed,
f04__BULLRICH_DESAF_A_a_KARINA_MILEI_con_el_3_ESTA_SE,f04::BULLRICH DESAFÍA a KARINA MILEI con el 3%  ESTA SE::clip_0153,clip_0153,"Yo no compro figuritas del mundial. Bueno, deberías. Sí, están en el kiosco, en todos lados.","Yo no compro figuritas del mundial. Bueno, deberías. Sí, están en el kiosco en todos lados.",0.0,0.0,1.0,computed,
f04__BULLRICH_DESAF_A_a_KARINA_MILEI_con_el_3_ESTA_SE,f04::BULLRICH DESAFÍA a KARINA MILEI con el 3%  ESTA SE::clip_0154,clip_0154,"Hay filas de niños con sus padres Es Pampita, chicos Es Pampita, chicos","Hay filas de niños con sus padres ¿Qué quiere decir? Es Pampita, chicos",0.2174,0.2308,0.9855,computed,
f04__BULLRICH_DESAF_A_a_KARINA_MILEI_con_el_3_ESTA_SE,f04::BULLRICH DESAFÍA a KARINA MILEI con el 3%  ESTA SE::clip_0157,clip_0157,A la nuestra le decimos la escaloneta y a Cabo Verde se la ha apodado como la escaloneta.,a la nuestra le decimos la escaloneta y a Cabo Verde se la ha apodado como,0.1591,0.1111,0.8409,computed,
f04__BULLRICH_DESAF_A_a_KARINA_MILEI_con_el_3_ESTA_SE,f04::BULLRICH DESAFÍA a KARINA MILEI con el 3%  ESTA SE::clip_0158,clip_0158,la linkedineta. ¿Por qué? Porque Cabo Verde recurrió al,linkedineta porque porque cabo verde recurrió al,0.0962,0.3333,0.9231,computed,
f04__BULLRICH_DESAF_A_a_KARINA_MILEI_con_el_3_ESTA_SE,f04::BULLRICH DESAFÍA a KARINA MILEI con el 3%  ESTA SE::clip_0159,clip_0159,Quinquedín para jugar el Mundial.,LinkedIn para jugar el Mundial.,0.1562,0.2,0.9375,computed,
f04__BULLRICH_DESAF_A_a_KARINA_MILEI_con_el_3_ESTA_SE,f04::BULLRICH DESAFÍA a KARINA MILEI con el 3%  ESTA SE::clip_0160,clip_0160,juntaban 11 y pusieron avisos en...,Juntaban 11 y pusieron avisos en...,0.0,0.0,1.0,computed,
f04__BULLRICH_DESAF_A_a_KARINA_MILEI_con_el_3_ESTA_SE,f04::BULLRICH DESAFÍA a KARINA MILEI con el 3%  ESTA SE::clip_0161,clip_0161,"Linkedin, lo cual nos hace pensar que si alguno de nosotros nos íbamos a vivir a Cabo Verde en algún momento de la vida,","LinkedIn, lo cual nos hace pensar que si alguno de nosotros nos íbamos a vivir a Cabo Verde en algún momento de la vida,",0.0,0.0,1.0,computed,
f04__BULLRICH_DESAF_A_a_KARINA_MILEI_con_el_3_ESTA_SE,f04::BULLRICH DESAFÍA a KARINA MILEI con el 3%  ESTA SE::clip_0162,clip_0162,podíamos llegar a jugar en la selección. ¿Vos decís que jugabas en Cabo Verde?,Podíamos llegar a jugar en la selección. ¿Vos decís que jugabas en Cabo Verde? Sí.,0.04,0.0714,1.04,computed,
f04__BULLRICH_DESAF_A_a_KARINA_MILEI_con_el_3_ESTA_SE,f04::BULLRICH DESAFÍA a KARINA MILEI con el 3%  ESTA SE::clip_0164,clip_0164,Yo creo que cuatro suplentes,"Sí, nacía en Cabo Verde. Yo creo que cuatro suplentes.",0.8214,1.0,1.8214,computed,
f04__BULLRICH_DESAF_A_a_KARINA_MILEI_con_el_3_ESTA_SE,f04::BULLRICH DESAFÍA a KARINA MILEI con el 3%  ESTA SE::clip_0167,clip_0167,"Amigo, el arquero es electricista No, el arquero tiene Juan Portugal, no, no","Amigo, el arquero es electricista. No, el arquero tiene que jugar en Portugal. No, no.",0.1111,0.2308,1.1111,computed,
f04__BULLRICH_DESAF_A_a_KARINA_MILEI_con_el_3_ESTA_SE,f04::BULLRICH DESAFÍA a KARINA MILEI con el 3%  ESTA SE::clip_0173,clip_0173,"No hagas esas cosas, por favor El primer rival de España En la Copa del Mundo","No hagas esas cosas, por favor El primer rival de España En la Copa del Mundo",0.0,0.0,1.0,computed,
f04__BULLRICH_DESAF_A_a_KARINA_MILEI_con_el_3_ESTA_SE,f04::BULLRICH DESAFÍA a KARINA MILEI con el 3%  ESTA SE::clip_0174,clip_0174,"es el segundo país más pequeño en jugar una fase final, la nota cuenta",mundo es el segundo país más pequeño en jugar una fase final la nota cuenta que,0.1449,0.1429,1.1449,computed,
f04__BULLRICH_DESAF_A_a_KARINA_MILEI_con_el_3_ESTA_SE,f04::BULLRICH DESAFÍA a KARINA MILEI con el 3%  ESTA SE::clip_0175,clip_0175,la baja cantidad de población recurrieron a buscar futbolistas de raíces caboverdianas utilizando,la baja cantidad de población recurrieron a buscar futbolistas de raíces caboverdianas utilizando el líquido.,0.1134,0.1538,1.1134,computed,
f04__BULLRICH_DESAF_A_a_KARINA_MILEI_con_el_3_ESTA_SE,f04::BULLRICH DESAFÍA a KARINA MILEI con el 3%  ESTA SE::clip_0176,clip_0176,"Así fue que casi llegan a Ayrton Costa, ¿no? Casi juega Ayrton Costa.","Así fue que casi llegan a Ayrton Costa, ¿no? Casi juega Ayrton Costa.",0.0,0.0,1.0,computed,
f04__BULLRICH_DESAF_A_a_KARINA_MILEI_con_el_3_ESTA_SE,f04::BULLRICH DESAFÍA a KARINA MILEI con el 3%  ESTA SE::clip_0179,clip_0179,"El primer partido, bueno, cinco goles. Pero muy raro, ¿cómo vas a echar al técnico en la primera fecha?","Muy raro. En el primer partido, bueno, cinco goles. Pero muy raro, ¿cómo vas a echar al técnico en la primera fe?",0.1546,0.2105,1.0928,computed,
f04__BULLRICH_DESAF_A_a_KARINA_MILEI_con_el_3_ESTA_SE,f04::BULLRICH DESAFÍA a KARINA MILEI con el 3%  ESTA SE::clip_0181,clip_0181,"Con San Paoli. Con San Paoli, sí, claro. Yo creo que no debe ser la primera vez que echan a un técnico en el medio del mundo.","Con Sampaoli. Con Sampaoli, sí, claro. Yo creo que no debe ser la primera vez que echan un técnico en el medio del mundo.",0.05,0.1852,0.9667,computed,
f04__BULLRICH_DESAF_A_a_KARINA_MILEI_con_el_3_ESTA_SE,f04::BULLRICH DESAFÍA a KARINA MILEI con el 3%  ESTA SE::clip_0183,clip_0183,Fue destituido de su cargo tras caer 5 a 1 ante Suecia.,Fue destituido de su cargo tras caer 5 a 1 ante Suecia.,0.0,0.0,1.0,computed,
f04__BULLRICH_DESAF_A_a_KARINA_MILEI_con_el_3_ESTA_SE,f04::BULLRICH DESAFÍA a KARINA MILEI con el 3%  ESTA SE::clip_0184,clip_0184,"¿Ese es el que dijo que íbamos a salir campeones? Sí, Lónez. Ah, claro, el que contrataron.",es el que dijo que íbamos a salir campeones sí el que contactaron ah claro el que contrataron es,0.2738,0.2941,1.1429,computed,
f04__BULLRICH_DESAF_A_a_KARINA_MILEI_con_el_3_ESTA_SE,f04::BULLRICH DESAFÍA a KARINA MILEI con el 3%  ESTA SE::clip_0185,clip_0185,Exactamente. Las selecciones orientales son cada vez más competitivas. Algunos jugadores incluso podrían hacerse pasar por argentinos.,Las selecciones orientales son cada vez más competitivas. Algunos jugadores incluso podrían hacerse pasar por argentinos.,0.0916,0.0588,0.9084,computed,
f04__BULLRICH_DESAF_A_a_KARINA_MILEI_con_el_3_ESTA_SE,f04::BULLRICH DESAFÍA a KARINA MILEI con el 3%  ESTA SE::clip_0188,clip_0188,"Miralo, no. Podemos decirlo eso. Infantino. ¿Qué dijo Infantino?","Miralo, no. Podemos decirlo eso. ¿Fantino? Infantino. Ah, ¿qué dijo Infantino?",0.1897,0.2222,1.1897,computed,
f04__BULLRICH_DESAF_A_a_KARINA_MILEI_con_el_3_ESTA_SE,f04::BULLRICH DESAFÍA a KARINA MILEI con el 3%  ESTA SE::clip_0189,clip_0189,"con el Mundial que organizó. Espectacular el Mundial. Muchos equipos, está bien al final o no.","con el Mundial que organizó. Espectacular el Mundial. Muchos equipos, está bien al final.",0.0556,0.125,0.9444,computed,
f04__BULLRICH_DESAF_A_a_KARINA_MILEI_con_el_3_ESTA_SE,f04::BULLRICH DESAFÍA a KARINA MILEI con el 3%  ESTA SE::clip_0190,clip_0190,"haya más equipos? Sí, yo compré. Todo de este Mundial me parece...",ya más equipos todo de este mundial me parece,0.25,0.3333,0.75,computed,
f04__BULLRICH_DESAF_A_a_KARINA_MILEI_con_el_3_ESTA_SE,f04::BULLRICH DESAFÍA a KARINA MILEI con el 3%  ESTA SE::clip_0191,clip_0191,"espectacular. Está siendo un gran, gran mundial. Buenos partidos. Buenos partidos. No, Flor Flesa, no.","espectacular, está haciendo un gran, gran mundial. Buenos partidos. Buenos partidos, no Flor Flesa.",0.0638,0.1333,0.9894,computed,
f04__BULLRICH_DESAF_A_a_KARINA_MILEI_con_el_3_ESTA_SE,f04::BULLRICH DESAFÍA a KARINA MILEI con el 3%  ESTA SE::clip_0192,clip_0192,"¿Coincidís? Sí, buen Mundial. Por ahora viene siendo un buen Mundial. Es un buen partido porque no defienden. Bueno, por el motivo que sea.","¿Coincidís? Sí, buen mundial. Por ahora viene siendo un buen mundial. Es un buen partido porque no defienden. Bueno, por el motivo que sea. Y de Corea...",0.084,0.125,1.084,computed,
f04__BULLRICH_DESAF_A_a_KARINA_MILEI_con_el_3_ESTA_SE,f04::BULLRICH DESAFÍA a KARINA MILEI con el 3%  ESTA SE::clip_0193,clip_0193,Pasamos a Japón para destacar el mejor dato de toda la historia de los mundiales.,Pasamos a Japón para destacar el mejor dato de toda la historia de los mundiales.,0.0,0.0,1.0,computed,
f04__BULLRICH_DESAF_A_a_KARINA_MILEI_con_el_3_ESTA_SE,f04::BULLRICH DESAFÍA a KARINA MILEI con el 3%  ESTA SE::clip_0194,clip_0194,El japonés Kubo es el primer jugador con nombre de una forma geométrica que...,El japonés Kubo es el primer jugador con nombre de una forma geométrica que...,0.0,0.0,1.0,computed,
f04__BULLRICH_DESAF_A_a_KARINA_MILEI_con_el_3_ESTA_SE,f04::BULLRICH DESAFÍA a KARINA MILEI con el 3%  ESTA SE::clip_0195,clip_0195,"disputa tres mundiales, superó a Redondo y Cuadrado, ambos con solo dos participaciones. Quiero aclarar que","disputa tres mundiales, superó a Redondo y Cuadrado, ambos con solo dos participaciones. Quiero aclarar que...",0.0,0.0,1.0,computed,
f04__BULLRICH_DESAF_A_a_KARINA_MILEI_con_el_3_ESTA_SE,f04::BULLRICH DESAFÍA a KARINA MILEI con el 3%  ESTA SE::clip_0196,clip_0196,"Tiene un error el tuit, porque Redondo jugó un solo mundial.","Tiene un error el tuit, porque Redondo jugó un solo mundial.",0.0,0.0,1.0,computed,
f04__BULLRICH_DESAF_A_a_KARINA_MILEI_con_el_3_ESTA_SE,f04::BULLRICH DESAFÍA a KARINA MILEI con el 3%  ESTA SE::clip_0197,clip_0197,"¿Hay cubo o no va con K? Ah, bueno. Ah, ¿sí? En… Bah. Está muy bien. Es una manguera.","¿Y Q o no va con K? ¡Buah! ¡Ah, bueno! En… ¡Buah! Está muy bien. Es una manguera.",0.2432,0.3158,0.9324,computed,
f04__BULLRICH_DESAF_A_a_KARINA_MILEI_con_el_3_ESTA_SE,f04::BULLRICH DESAFÍA a KARINA MILEI con el 3%  ESTA SE::clip_0199,clip_0199,"Sí, porque ahora Twitter tiene una función que traduce automáticamente los","Sí, porque ahora Twitter tiene una función que traduce automáticamente los...",0.0,0.0,1.0,computed,
f04__BULLRICH_DESAF_A_a_KARINA_MILEI_con_el_3_ESTA_SE,f04::BULLRICH DESAFÍA a KARINA MILEI con el 3%  ESTA SE::clip_0200,clip_0200,"tuits, entonces te pueden aparecer tuits de Brasil. Ah, excelente. Y están jodiendo mucho con que Ancelotti odia a Hendrik.","tweets, entonces te pueden aparecer tweets de Brasil y están jodiendo mucho con que Ancelotti odia a Hendrik.",0.161,0.2,0.9068,computed,
f04__BULLRICH_DESAF_A_a_KARINA_MILEI_con_el_3_ESTA_SE,f04::BULLRICH DESAFÍA a KARINA MILEI con el 3%  ESTA SE::clip_0204,clip_0204,"previa del Día del Padre, se lo llevan","previa del Día del Padre, se lo llevan a...",0.0541,0.125,1.0541,computed,
f04__BULLRICH_DESAF_A_a_KARINA_MILEI_con_el_3_ESTA_SE,f04::BULLRICH DESAFÍA a KARINA MILEI con el 3%  ESTA SE::clip_0205,clip_0205,"estos hombres y su hija, sus hijas, en el taller de peinado.","estos hombres y su hija, sus hijas, en el taller de peinado.",0.0,0.0,1.0,computed,
f04__BULLRICH_DESAF_A_a_KARINA_MILEI_con_el_3_ESTA_SE,f04::BULLRICH DESAFÍA a KARINA MILEI con el 3%  ESTA SE::clip_0210,clip_0210,"Estaban aprendiendo. No, Nico, estaban laburando. Pusieron una peluquería, sí.","Estaban aprendiendo. No, Nico, estaban laburando, pusieron una peluquería, sí.",0.0,0.0,1.0,computed,
f04__BULLRICH_DESAF_A_a_KARINA_MILEI_con_el_3_ESTA_SE,f04::BULLRICH DESAFÍA a KARINA MILEI con el 3%  ESTA SE::clip_0211,clip_0211,"Impresionante. Taller de peinado. No, yo quiero aplaudir a estos padres.","Impresionante. Taller de peinado. No, yo quiero aplaudir a estos padres.",0.0,0.0,1.0,computed,
f04__BULLRICH_DESAF_A_a_KARINA_MILEI_con_el_3_ESTA_SE,f04::BULLRICH DESAFÍA a KARINA MILEI con el 3%  ESTA SE::clip_0212,clip_0212,"vamos a terminar el video pensé que ibas a decir otra cosa no, increíble me da una ternura impresionante","Pensé que ibas a decir otra cosa No, increíble Me da una ternura impresionante",0.2524,0.2632,0.7476,computed,
f04__BULLRICH_DESAF_A_a_KARINA_MILEI_con_el_3_ESTA_SE,f04::BULLRICH DESAFÍA a KARINA MILEI con el 3%  ESTA SE::clip_0214,clip_0214,"¿En serio? Mentira. No, por favor. Cualquier cosa, dice Nico. Cualquier cosa.","¿En serio? Mentira. No, por favor. Cualquier cosa, dice Nico, vos. Cualquier cosa. Amigos, hasta luego.",0.3333,0.3333,1.3333,computed,
f04__BULLRICH_DESAF_A_a_KARINA_MILEI_con_el_3_ESTA_SE,f04::BULLRICH DESAFÍA a KARINA MILEI con el 3%  ESTA SE::clip_0215,clip_0215,Así termina una nueva edición de Esta Semana en Springfield. Esperamos que la hayan disfrutado.,Así termina una nueva edición de esta semana en Springfield.,0.3656,0.3333,0.6344,computed,
f04__BULLRICH_DESAF_A_a_KARINA_MILEI_con_el_3_ESTA_SE,f04::BULLRICH DESAFÍA a KARINA MILEI con el 3%  ESTA SE::clip_0216,clip_0216,hayan disfrutado tanto como nosotros y recuerden que si en los últimos minutos,Hayan disfrutado tanto como nosotros y recuerden que si en los últimos minutos...,0.0,0.0,1.0,computed,
f04__BULLRICH_DESAF_A_a_KARINA_MILEI_con_el_3_ESTA_SE,f04::BULLRICH DESAFÍA a KARINA MILEI con el 3%  ESTA SE::clip_0217,clip_0217,sacamos una sonrisa pueden asociarse a Gelatina. Entrando a gelatina.com.ar o escaneando el QR.,si sacamos una sonrisa pueden asociarse a gelatina. Entrando a gelatina.com.ar o escaneando el QR.,0.0323,0.0625,1.0323,computed,
f04__BULLRICH_DESAF_A_a_KARINA_MILEI_con_el_3_ESTA_SE,f04::BULLRICH DESAFÍA a KARINA MILEI con el 3%  ESTA SE::clip_0218,clip_0218,"que está exactamente aquí. Los queremos mucho, nos vemos la próxima semana.",que está exactamente aquí los queremos mucho nos vemos la próxima,0.0972,0.0833,0.9028,computed,
f05__CHARLA_SOBRE_EL_AMOR_Y_EL_DESAMOR,f05::CHARLA SOBRE EL AMOR Y EL DESAMOR::clip_0000,clip_0000,hay un montón de gente en el chat les quiero decir algo la vida acá para,"hay un montón de gente en el chat, les quiero decir algo la vida, acá parece",0.0417,0.0625,1.0278,computed,
f05__CHARLA_SOBRE_EL_AMOR_Y_EL_DESAMOR,f05::CHARLA SOBRE EL AMOR Y EL DESAMOR::clip_0001,clip_0001,voy a parecer un hippie o esas minas que leen el horóscopo pero la vida posta que,voy a parecer un hippie o esas minas que leen el horóscopo pero la vida posta que,0.0,0.0,1.0,computed,
f05__CHARLA_SOBRE_EL_AMOR_Y_EL_DESAMOR,f05::CHARLA SOBRE EL AMOR Y EL DESAMOR::clip_0003,clip_0003,haciendo un stream a las 4 de la mañana en españa y tengo 24k de viewers hablando de fútbol algo,haciendo un stream a las 4 de la mañana en españa y tengo 24 de viewers hablando de fútbol algo total,0.0729,0.1,1.0521,computed,
f05__CHARLA_SOBRE_EL_AMOR_Y_EL_DESAMOR,f05::CHARLA SOBRE EL AMOR Y EL DESAMOR::clip_0004,clip_0004,impensado están saliendo todos los días los rankings de tweets y a mí yo ya tengo,impensado están saliendo todos los días los rankings de tweets y a mí yo ya tengo,0.0,0.0,1.0,computed,
f05__CHARLA_SOBRE_EL_AMOR_Y_EL_DESAMOR,f05::CHARLA SOBRE EL AMOR Y EL DESAMOR::clip_0005,clip_0005,"10, 11 años de streamer, no me interesa rankear, pero te la blanqueo me la su...",10 11 años de streamer no me interesa rankear pero te la blanqueo me las,0.027,0.125,0.973,computed,
f05__CHARLA_SOBRE_EL_AMOR_Y_EL_DESAMOR,f05::CHARLA SOBRE EL AMOR Y EL DESAMOR::clip_0009,clip_0009,"Esa es mi historia, por eso estoy donde estoy, por eso soy main event, estoy robando","es mi historia, por eso estoy donde estoy, por eso soy main event, estoy robando.",0.0494,0.0625,0.9506,computed,
f05__CHARLA_SOBRE_EL_AMOR_Y_EL_DESAMOR,f05::CHARLA SOBRE EL AMOR Y EL DESAMOR::clip_0013,clip_0013,"Yo veo el número y no les voy a negar, me motivo, me motivo. Las cosas están saliendo bien.","Yo veo el número y no les voy a negar, me motivo, me motivo. Las cosas están saliendo.",0.0575,0.0526,0.9425,computed,
f05__CHARLA_SOBRE_EL_AMOR_Y_EL_DESAMOR,f05::CHARLA SOBRE EL AMOR Y EL DESAMOR::clip_0014,clip_0014,bien y se lo quiero agradecer. Si yo tuviera 5k de viewers igual estaría motivado.,"bien y se los quiero agradecer, si yo tuviera 5k igual estaría motivado",0.15,0.2,0.875,computed,
f05__CHARLA_SOBRE_EL_AMOR_Y_EL_DESAMOR,f05::CHARLA SOBRE EL AMOR Y EL DESAMOR::clip_0015,clip_0015,igual diría gracias por mirarme,igual diría gracias por mirarme,0.0,0.0,1.0,computed,
f05__CHARLA_SOBRE_EL_AMOR_Y_EL_DESAMOR,f05::CHARLA SOBRE EL AMOR Y EL DESAMOR::clip_0016,clip_0016,porque yo agradecido por más que sean 2 3 4 20 50 500 22 mil,porque yo agradecido por más que sean dos tres cuatro veinte cincuenta quinientos veintidós mil,0.7833,0.4667,1.5833,computed,
f05__CHARLA_SOBRE_EL_AMOR_Y_EL_DESAMOR,f05::CHARLA SOBRE EL AMOR Y EL DESAMOR::clip_0017,clip_0017,"agradecido siempre, pero vale destacar que en un momento crítico, porque es un momento crítico para mí, las cosas están empezando","agradecido siempre. Pero vale destacar que en un momento crítico, porque es un momento crítico para mí, las cosas están empezando.",0.0,0.0,1.0,computed,
f05__CHARLA_SOBRE_EL_AMOR_Y_EL_DESAMOR,f05::CHARLA SOBRE EL AMOR Y EL DESAMOR::clip_0018,clip_0018,"a salir de nuevo, después de que llueve sale el sol, ojo después de que llueve",salió de nuevo después de que llueve sale el sol ojo después de que llueve,0.0395,0.125,0.9737,computed,
f05__CHARLA_SOBRE_EL_AMOR_Y_EL_DESAMOR,f05::CHARLA SOBRE EL AMOR Y EL DESAMOR::clip_0020,clip_0020,terminar el año ganando la velada,terminar el año ganando la velada,0.0,0.0,1.0,computed,
f05__CHARLA_SOBRE_EL_AMOR_Y_EL_DESAMOR,f05::CHARLA SOBRE EL AMOR Y EL DESAMOR::clip_0021,clip_0021,Enamorándome y eventualmente el año que viene planeando tener un hijo. Ya está. Vida.,enamorándome y eventualmente el año que viene planeando tener un hijo ya está vida,0.0,0.0,1.0,computed,
f05__CHARLA_SOBRE_EL_AMOR_Y_EL_DESAMOR,f05::CHARLA SOBRE EL AMOR Y EL DESAMOR::clip_0023,clip_0023,"cumplida, me doy vuelta el juego de la vida, no quiero más nada tres hijos, tres o dos","cumplida, me doy vuelta el juego de la vida, no quiero más nada tres hijos, tres o dos",0.0,0.0,1.0,computed,
f05__CHARLA_SOBRE_EL_AMOR_Y_EL_DESAMOR,f05::CHARLA SOBRE EL AMOR Y EL DESAMOR::clip_0024,clip_0024,un chico y una chica un hijo y una hija mínimo una novia que me ame que me vale,un chico y una chica un hijo y una hija mínimo una novia que me ame que me va,0.0253,0.0526,0.9747,computed,
f05__CHARLA_SOBRE_EL_AMOR_Y_EL_DESAMOR,f05::CHARLA SOBRE EL AMOR Y EL DESAMOR::clip_0026,clip_0026,"Poder acompañarla yo, que haga deporte Pretensiones bajas, no me importa lo demás","poder acompañarla yo, que haga deporte pretensiones bajas, no me importa lo demás",0.0,0.0,1.0,computed,
f05__CHARLA_SOBRE_EL_AMOR_Y_EL_DESAMOR,f05::CHARLA SOBRE EL AMOR Y EL DESAMOR::clip_0027,clip_0027,"Que si el culo, que si esto, no me importa No me importa Bueno, si tiene un culito","Que si el culo, que si esto, no me importa No me importa Bueno, si quiere un culito",0.038,0.0556,1.0127,computed,
f05__CHARLA_SOBRE_EL_AMOR_Y_EL_DESAMOR,f05::CHARLA SOBRE EL AMOR Y EL DESAMOR::clip_0032,clip_0032,"al fútbol, que juega al hockey, la vas a ver gritar los goles, la bancás, si está",fútbol que juega el hockey la vas a ver grita los goles la bancas si está,0.0779,0.2353,0.9481,computed,
f05__CHARLA_SOBRE_EL_AMOR_Y_EL_DESAMOR,f05::CHARLA SOBRE EL AMOR Y EL DESAMOR::clip_0033,clip_0033,está triste está triste si estás feliz está feliz con ella todos necesitamos,triste está triste si está feliz está feliz con ella todos necesitamos,0.0789,0.1538,0.9211,computed,
f05__CHARLA_SOBRE_EL_AMOR_Y_EL_DESAMOR,f05::CHARLA SOBRE EL AMOR Y EL DESAMOR::clip_0035,clip_0035,"amor, que el amor es lo más lindo que hay",amor el amor es lo más lindo que hay lo más,0.275,0.3,1.075,computed,
f05__CHARLA_SOBRE_EL_AMOR_Y_EL_DESAMOR,f05::CHARLA SOBRE EL AMOR Y EL DESAMOR::clip_0036,clip_0036,No le tengas miedo al amor. No hagan como dice este boludo.,No le tengan miedo al amor. No hagan como hizo este boludo.,0.0702,0.1667,1.0,computed,
f05__CHARLA_SOBRE_EL_AMOR_Y_EL_DESAMOR,f05::CHARLA SOBRE EL AMOR Y EL DESAMOR::clip_0037,clip_0037,"como dice tu boludo, yo tenía desde los 16 a los 23 y medio","Como dice tu boludo, yo tenía desde los 16 a los 23 y medio que conocí.",0.1897,0.1429,1.1897,computed,
f05__CHARLA_SOBRE_EL_AMOR_Y_EL_DESAMOR,f05::CHARLA SOBRE EL AMOR Y EL DESAMOR::clip_0038,clip_0038,a mi ex desde los 16 a los 23 y medio yo pensaba que la vida era agarchar no,a mi ex desde los 16 a los 23 medio yo pensaba que la vida era agarchar no,0.0263,0.0526,0.9737,computed,
f05__CHARLA_SOBRE_EL_AMOR_Y_EL_DESAMOR,f05::CHARLA SOBRE EL AMOR Y EL DESAMOR::clip_0039,clip_0039,piensen en esa boludez. Algunos estamos destinados a amar y lo que nos gusta es amar.,piensen esa boludez. Algunos estamos destinados a amar y lo que nos gusta es amar.,0.0361,0.0625,0.9639,computed,
f05__CHARLA_SOBRE_EL_AMOR_Y_EL_DESAMOR,f05::CHARLA SOBRE EL AMOR Y EL DESAMOR::clip_0135,clip_0135,"sigue ahí, lo agarrás lo agarrás, lo agarrás","sigue ahí, lo agarras lo agarras, lo agarras",0.0714,0.375,1.0,computed,
f05__CHARLA_SOBRE_EL_AMOR_Y_EL_DESAMOR,f05::CHARLA SOBRE EL AMOR Y EL DESAMOR::clip_0136,clip_0136,"Lo agarrás, lo agarrás, lo agarrás, lo agarrás y te lo metes adentro. ¿Y sabes qué haces?","lo agarras, lo agarras, lo agarras y te lo metes adentro ¿y sabes qué haces?",0.1566,0.2941,0.8675,computed,
f05__CHARLA_SOBRE_EL_AMOR_Y_EL_DESAMOR,f05::CHARLA SOBRE EL AMOR Y EL DESAMOR::clip_0138,clip_0138,"corres, corres, corres vas al gimnasio te pones mejor, te cuidas con la comida","corres, corres, corres vas al gimnasio te pones mejor, te cuidas con las comidas",0.0267,0.1429,1.0267,computed,
f05__CHARLA_SOBRE_EL_AMOR_Y_EL_DESAMOR,f05::CHARLA SOBRE EL AMOR Y EL DESAMOR::clip_0139,clip_0139,Empezás a tomar un poco menos de alcohol Empezás a dejar de boludear saliendo todos los días Salir es una parón,Empiezas a tomar un poco menos de alcohol Empezas a dejar de boludear saliendo todos los días Salir es una parada,0.0541,0.1429,1.018,computed,
f05__CHARLA_SOBRE_EL_AMOR_Y_EL_DESAMOR,f05::CHARLA SOBRE EL AMOR Y EL DESAMOR::clip_0141,clip_0141,repartir ese amor en toda la gente que,repartir ese amor en toda la gente que...,0.0,0.0,1.0,computed,
f05__CHARLA_SOBRE_EL_AMOR_Y_EL_DESAMOR,f05::CHARLA SOBRE EL AMOR Y EL DESAMOR::clip_0143,clip_0143,banco la novia te quita sin querer tiempo para tus amigos la novia te quita sin,banco la novia te quita sin querer tiempo para tus amigos la novia te quita sin,0.0,0.0,1.0,computed,
f05__CHARLA_SOBRE_EL_AMOR_Y_EL_DESAMOR,f05::CHARLA SOBRE EL AMOR Y EL DESAMOR::clip_0145,clip_0145,"para, no sé, jugar al fútbol, para hacer tu hobby, lo que te gusta, te lo quitas.",para no sé jugar al fútbol para hacer tu hobby lo que te gusta te lo quito,0.0267,0.0588,0.9867,computed,
f05__CHARLA_SOBRE_EL_AMOR_Y_EL_DESAMOR,f05::CHARLA SOBRE EL AMOR Y EL DESAMOR::clip_0146,clip_0146,¿Por qué? Porque vos querés pasar tiempo con ella. Está buenísimo.,¿por qué? porque vos querés pasar tiempo con ella está buenísimo,0.0,0.0,1.0,computed,
f05__CHARLA_SOBRE_EL_AMOR_Y_EL_DESAMOR,f05::CHARLA SOBRE EL AMOR Y EL DESAMOR::clip_0147,clip_0147,cuando esa persona se va se reparte la baraja de nuevo con una persona,"Cuando esa persona se va, se reparte la baraja de nuevo con una persona.",0.0,0.0,1.0,computed,
f05__CHARLA_SOBRE_EL_AMOR_Y_EL_DESAMOR,f05::CHARLA SOBRE EL AMOR Y EL DESAMOR::clip_0148,clip_0148,son a menos. ¿Se fue tu amor? Hay una carta.,son a menos. ¿Se fue tu amor? Hay una carta.,0.0,0.0,1.0,computed,
f05__CHARLA_SOBRE_EL_AMOR_Y_EL_DESAMOR,f05::CHARLA SOBRE EL AMOR Y EL DESAMOR::clip_0150,clip_0150,"En todos los pibes que siguen ahí, en todos tus amigos que te siguen man...","En todos los pibes que siguen ahí, en todos tus amigos que te siguen man...",0.0,0.0,1.0,computed,
f05__CHARLA_SOBRE_EL_AMOR_Y_EL_DESAMOR,f05::CHARLA SOBRE EL AMOR Y EL DESAMOR::clip_0151,clip_0151,"Y en vez de decirle, no, no pude ir a comer, Jorjito.","Y en vez de decirle, no, no pude ir a comer, Jorjito.",0.0,0.0,1.0,computed,
f05__CHARLA_SOBRE_EL_AMOR_Y_EL_DESAMOR,f05::CHARLA SOBRE EL AMOR Y EL DESAMOR::clip_0152,clip_0152,Porque tengo que quedarme viendo una peli,porque tengo que quedarme viendo una peli,0.0,0.0,1.0,computed,
f05__CHARLA_SOBRE_EL_AMOR_Y_EL_DESAMOR,f05::CHARLA SOBRE EL AMOR Y EL DESAMOR::clip_0154,clip_0154,"Vamos a comer, vamos a comer, dale, vamos a comer Amigo, posta, una de las mejores","Vamos a comer, vamos a comer, dale, vamos a comer. Amigo, posta, una de las mejores...",0.0,0.0,1.0,computed,
f05__CHARLA_SOBRE_EL_AMOR_Y_EL_DESAMOR,f05::CHARLA SOBRE EL AMOR Y EL DESAMOR::clip_0155,clip_0155,etapas que tuve yo fue cuando terminé mi relación y tenía tiempo para aprender,que tuve yo fue cuando terminé mi relación y tenía tiempo para aprender,0.0897,0.0714,0.9103,computed,
f05__CHARLA_SOBRE_EL_AMOR_Y_EL_DESAMOR,f05::CHARLA SOBRE EL AMOR Y EL DESAMOR::clip_0156,clip_0156,"todos los días, obviamente yo estuve muy mal cuando terminé mi relación, me hizo mierda","todos los días, obviamente yo estuve muy mal cuando terminé mi relación me hizo mierda",0.0,0.0,1.0,computed,
f05__CHARLA_SOBRE_EL_AMOR_Y_EL_DESAMOR,f05::CHARLA SOBRE EL AMOR Y EL DESAMOR::clip_0158,clip_0158,proyectaba todo ahí porque uno viste una persona como yo que nunca tuvo novia de golpe,proyectaba todo ahí porque una viste una persona como yo que nunca tuvo novia de golpe,0.0116,0.0625,1.0,computed,
f05__CHARLA_SOBRE_EL_AMOR_Y_EL_DESAMOR,f05::CHARLA SOBRE EL AMOR Y EL DESAMOR::clip_0159,clip_0159,Siente que hay una sola persona en el mundo que vas a amar. Ojalá no sea así.,Siente que hay una sola persona en el mundo que vas a amar. Ojalá no sea así.,0.0,0.0,1.0,computed,
f05__CHARLA_SOBRE_EL_AMOR_Y_EL_DESAMOR,f05::CHARLA SOBRE EL AMOR Y EL DESAMOR::clip_0160,clip_0160,"pero eso pensaba yo, entonces yo le",Pero eso pensaba yo Entonces Yo le,0.0,0.0,1.0,computed,
f05__CHARLA_SOBRE_EL_AMOR_Y_EL_DESAMOR,f05::CHARLA SOBRE EL AMOR Y EL DESAMOR::clip_0161,clip_0161,"Literalmente dije, se acabó el mundo para mí. Literal, se acabó el mundo para mí.","Literalmente, dije, se acabó el mundo para mí. Literal, se acabó el mundo para mí.",0.0,0.0,1.0,computed,
f05__CHARLA_SOBRE_EL_AMOR_Y_EL_DESAMOR,f05::CHARLA SOBRE EL AMOR Y EL DESAMOR::clip_0162,clip_0162,"a haber otra igual, no va a haber nunca otra persona igual, no voy a conseguir",haber otra igual no haber nunca otra persona igual no voy a conseguir,0.0921,0.1875,0.9079,computed,
f05__CHARLA_SOBRE_EL_AMOR_Y_EL_DESAMOR,f05::CHARLA SOBRE EL AMOR Y EL DESAMOR::clip_0163,clip_0163,"nunca una persona así, nunca y pensaba eso y pensaba eso y pensaba eso",nunca una persona así nunca y pensaba eso y pensaba eso y pensaba eso,0.0,0.0,1.0,computed,
f05__CHARLA_SOBRE_EL_AMOR_Y_EL_DESAMOR,f05::CHARLA SOBRE EL AMOR Y EL DESAMOR::clip_0164,clip_0164,"lloraba y hablaba con mis amigos, que le mando un saludo a los chicos de King of the...",lloraba y hablaba con mis amigos que le mando un saludo a los chicos de King of the World,0.0723,0.0556,1.0723,computed,
f05__CHARLA_SOBRE_EL_AMOR_Y_EL_DESAMOR,f05::CHARLA SOBRE EL AMOR Y EL DESAMOR::clip_0165,clip_0165,"Te congo que me habrán fumado de, no, ya soy viejo, no voy a conseguir otra persona.",como que me habrán fumado de no ya soy viejo no voy a conseguir otra vez,0.1375,0.1765,0.9,computed,
f05__CHARLA_SOBRE_EL_AMOR_Y_EL_DESAMOR,f05::CHARLA SOBRE EL AMOR Y EL DESAMOR::clip_0166,clip_0166,etcétera etcétera amigos,etcétera etcétera etcétera amigo,0.4167,0.6667,1.3333,computed,
f05__CHARLA_SOBRE_EL_AMOR_Y_EL_DESAMOR,f05::CHARLA SOBRE EL AMOR Y EL DESAMOR::clip_0167,clip_0167,Se termina y te puedo asegurar que...,se termina y te puedo asegurar que...,0.0,0.0,1.0,computed,
f05__CHARLA_SOBRE_EL_AMOR_Y_EL_DESAMOR,f05::CHARLA SOBRE EL AMOR Y EL DESAMOR::clip_0173,clip_0173,"que me gustan, si dejé la facultad, si me faltan unas materias, las reanudo.","que me gustan, si dejé la facultad, si me faltan unas materias, las reanudo. ¿Por qué?",0.1111,0.1429,1.1111,computed,
f05__CHARLA_SOBRE_EL_AMOR_Y_EL_DESAMOR,f05::CHARLA SOBRE EL AMOR Y EL DESAMOR::clip_0174,clip_0174,Porque la vida sigue. ¿Y sabés qué tenés que hacer cuando la vida sigue?,porque la vida sigue ¿y sabés que tenés que hacer cuando la vida sigue?,0.0145,0.0714,1.0,computed,
f05__CHARLA_SOBRE_EL_AMOR_Y_EL_DESAMOR,f05::CHARLA SOBRE EL AMOR Y EL DESAMOR::clip_0175,clip_0175,"Sobrevivir, ¿qué es sobrevivir? Ponerte las pilas",Sobrevivir. ¿Qué es sobrevivir? Ponerte las pilas.,0.0,0.0,1.0,computed,
f05__CHARLA_SOBRE_EL_AMOR_Y_EL_DESAMOR,f05::CHARLA SOBRE EL AMOR Y EL DESAMOR::clip_0176,clip_0176,en todo y volver a tener una vida social.,en todo y volver a tener una vida social.,0.0,0.0,1.0,computed,
f05__CHARLA_SOBRE_EL_AMOR_Y_EL_DESAMOR,f05::CHARLA SOBRE EL AMOR Y EL DESAMOR::clip_0177,clip_0177,y eventualmente volver a conseguir al amor de tu vida como se consigue,y eventualmente volver a conseguir al amor de tu vida como se consigue,0.0,0.0,1.0,computed,
f05__CHARLA_SOBRE_EL_AMOR_Y_EL_DESAMOR,f05::CHARLA SOBRE EL AMOR Y EL DESAMOR::clip_0178,clip_0178,Siga el amor de tu vida. ¿Estando hecho mierda con barba todo abandonado?,al amor de tu vida? ¿Estando hecho mierda con barba todo abandonado?,0.0714,0.1538,0.9286,computed,
f05__CHARLA_SOBRE_EL_AMOR_Y_EL_DESAMOR,f05::CHARLA SOBRE EL AMOR Y EL DESAMOR::clip_0179,clip_0179,de las pilas con tu vida y haciéndote cargo obviamente haciéndote cargo,"poniéndote las pilas con tu vida y haciéndote cargo, obviamente haciéndote cargo.",0.1127,0.0833,1.1127,computed,
f05__CHARLA_SOBRE_EL_AMOR_Y_EL_DESAMOR,f05::CHARLA SOBRE EL AMOR Y EL DESAMOR::clip_0180,clip_0180,"entonces, cuando te viene ese pensamiento",entonces cuando te viene ese pensamiento,0.0,0.0,1.0,computed,
f05__CHARLA_SOBRE_EL_AMOR_Y_EL_DESAMOR,f05::CHARLA SOBRE EL AMOR Y EL DESAMOR::clip_0181,clip_0181,de que la vida sigue y de que ese amor se fue todo es nuevo volvés a estar allá arriba te lo juro,de que la vida sigue y de que ese amor se fue todo es nuevo volvés a estar allá arriba te lo juro que es increíble,0.1753,0.1304,1.1753,computed,
f05__CHARLA_SOBRE_EL_AMOR_Y_EL_DESAMOR,f05::CHARLA SOBRE EL AMOR Y EL DESAMOR::clip_0184,clip_0184,"no tengan miedo, se termina una relación","no tengan miedo, se termina una relación",0.0,0.0,1.0,computed,
f05__CHARLA_SOBRE_EL_AMOR_Y_EL_DESAMOR,f05::CHARLA SOBRE EL AMOR Y EL DESAMOR::clip_0185,clip_0185,"es una paja, duele un montón pero termina","es una paja, duele un montón pero termina",0.0,0.0,1.0,computed,
f05__CHARLA_SOBRE_EL_AMOR_Y_EL_DESAMOR,f05::CHARLA SOBRE EL AMOR Y EL DESAMOR::clip_0187,clip_0187,La vida está llena de...,La vida está llena de...,0.0,0.0,1.0,computed,
f05__CHARLA_SOBRE_EL_AMOR_Y_EL_DESAMOR,f05::CHARLA SOBRE EL AMOR Y EL DESAMOR::clip_0188,clip_0188,Quilombos que te generan una fortaleza a la larga.,Quilombos que te generan una fortaleza a la larga.,0.0,0.0,1.0,computed,
f05__CHARLA_SOBRE_EL_AMOR_Y_EL_DESAMOR,f05::CHARLA SOBRE EL AMOR Y EL DESAMOR::clip_0189,clip_0189,"Perdiste una relación, vendrá otra. Perdiste una relación, fortaleciste todas las que...",perdiste una relación vendrá otra perdiste una relación fortaleciste todas las que,0.0,0.0,1.0,computed,
f05__CHARLA_SOBRE_EL_AMOR_Y_EL_DESAMOR,f05::CHARLA SOBRE EL AMOR Y EL DESAMOR::clip_0190,clip_0190,te quedaron perdiste un amigo porque no es sólo perder una novia a veces,"te quedaron, perdiste un amigo porque no es solo perder una novia, a veces",0.0139,0.0714,1.0,computed,
f05__CHARLA_SOBRE_EL_AMOR_Y_EL_DESAMOR,f05::CHARLA SOBRE EL AMOR Y EL DESAMOR::clip_0191,clip_0191,perdés un amigo. Fortaleces 4 de 2.,"perdés un amigo, fortaleces cuatro...",0.1818,0.4286,1.0,computed,
f05__CHARLA_SOBRE_EL_AMOR_Y_EL_DESAMOR,f05::CHARLA SOBRE EL AMOR Y EL DESAMOR::clip_0192,clip_0192,amigos que siguen ahí y que te están bancando uno se mandó una nunca,amigos que siguen ahí y que te están bancando uno se mandó una cagada nunca,0.1029,0.0714,1.1029,computed,
f05__CHARLA_SOBRE_EL_AMOR_Y_EL_DESAMOR,f05::CHARLA SOBRE EL AMOR Y EL DESAMOR::clip_0193,clip_0193,"más agil, pero hay cuatro que siguen siendo hermanos ¿y a esos hermanos?","más gil, pero hay cuatro que siguen siendo hermanos ¿y a esos hermanos?",0.0145,0.0769,0.9855,computed,
f05__CHARLA_SOBRE_EL_AMOR_Y_EL_DESAMOR,f05::CHARLA SOBRE EL AMOR Y EL DESAMOR::clip_0195,clip_0195,"Todo. ¿Charlas sad? No, no, charlas motivadoras, loco. Bueno, gente, vamos a ver el...","Todo. ¿Charla sad? No, no, charla motivadora, loco. Bueno, gente, vamos a ver el tema.",0.1081,0.2857,1.027,computed,
f05__CHARLA_SOBRE_EL_AMOR_Y_EL_DESAMOR,f05::CHARLA SOBRE EL AMOR Y EL DESAMOR::clip_0197,clip_0197,"Sepan que me gusta hablar con ustedes, que me gusta darles un consejo y que yo...","Sepan que me gusta hablar con ustedes, que me gusta darles un consejo y que yo...",0.0,0.0,1.0,computed,
f05__CHARLA_SOBRE_EL_AMOR_Y_EL_DESAMOR,f05::CHARLA SOBRE EL AMOR Y EL DESAMOR::clip_0198,clip_0198,Yo sé que parezco joven porque me cuido bien.,Yo sé que parezco joven porque me cuido.,0.1136,0.1111,0.8864,computed,
f05__CHARLA_SOBRE_EL_AMOR_Y_EL_DESAMOR,f05::CHARLA SOBRE EL AMOR Y EL DESAMOR::clip_0199,clip_0199,"Bien, y porque no tomo alcohol, que también les recomiendo que no sean pelotudos, no tomen alcohol, el alcohol es una mierda.","Y porque no tomo alcohol, que también les recomiendo que no sean pelotudos, no tomen alcohol, el alcohol suena mía.",0.1,0.1818,0.925,computed,
f05__CHARLA_SOBRE_EL_AMOR_Y_EL_DESAMOR,f05::CHARLA SOBRE EL AMOR Y EL DESAMOR::clip_0201,clip_0201,"alcohol son una mierda. Yo, ustedes hagan lo que quieran porque es su cuerpo.","alcohol son una mierda. Yo, ustedes hacen lo que quieran porque es su cuerpo.",0.027,0.0714,1.0,computed,
f05__CHARLA_SOBRE_EL_AMOR_Y_EL_DESAMOR,f05::CHARLA SOBRE EL AMOR Y EL DESAMOR::clip_0202,clip_0202,"su salud, pero yo nunca nada nunca nada","su salud, pero yo nunca nada, nunca nada.",0.0,0.0,1.0,computed,
f05__CHARLA_SOBRE_EL_AMOR_Y_EL_DESAMOR,f05::CHARLA SOBRE EL AMOR Y EL DESAMOR::clip_0203,clip_0203,"Solo cuando salió campeón de la selección, un ferneo y algunas cositas.","Solo cuando salió campeón de la selección, un ferneo y algunas cositas.",0.0,0.0,1.0,computed,
f05__CHARLA_SOBRE_EL_AMOR_Y_EL_DESAMOR,f05::CHARLA SOBRE EL AMOR Y EL DESAMOR::clip_0205,clip_0205,porro no tampoco el porro está bien dice uno en el chat para mí el porro no está bien,porro no tampoco el porro está bien dice uno en el chat para mí el porro no está bien,0.0,0.0,1.0,computed,
f05__CHARLA_SOBRE_EL_AMOR_Y_EL_DESAMOR,f05::CHARLA SOBRE EL AMOR Y EL DESAMOR::clip_0206,clip_0206,perdón eh discúlpeme para mí quiere fumar un porro te banco te respeto yo no fui,perdón discúlpeme para mí quiere fumar un porro de banco te respeto yo no fue,0.0625,0.1875,0.9625,computed,
f05__CHARLA_SOBRE_EL_AMOR_Y_EL_DESAMOR,f05::CHARLA SOBRE EL AMOR Y EL DESAMOR::clip_0208,clip_0208,"y para mí, en mi vida el porno no está bien no me importa si es natural","Y para mí, en mi vida, el porno no está bien. No me importa si es natural, ¿eh?",0.0429,0.0588,1.0429,computed,
f05__CHARLA_SOBRE_EL_AMOR_Y_EL_DESAMOR,f05::CHARLA SOBRE EL AMOR Y EL DESAMOR::clip_0209,clip_0209,"No quiero porro cerca, no me gusta el porro.",quiero porro cerca no me gusta el porro,0.0714,0.1111,0.9286,computed,
f05__CHARLA_SOBRE_EL_AMOR_Y_EL_DESAMOR,f05::CHARLA SOBRE EL AMOR Y EL DESAMOR::clip_0210,clip_0210,No me gusta el porro. Y lo digo de una.,No me gusta el porro. Y lo digo de una.,0.0,0.0,1.0,computed,
f05__CHARLA_SOBRE_EL_AMOR_Y_EL_DESAMOR,f05::CHARLA SOBRE EL AMOR Y EL DESAMOR::clip_0211,clip_0211,que quedar bien con nadie yo les digo lo que yo siento si mi mejor amigo,que quedar bien con nadie yo les digo lo que yo siento si mi mejor amigo,0.0,0.0,1.0,computed,
f05__CHARLA_SOBRE_EL_AMOR_Y_EL_DESAMOR,f05::CHARLA SOBRE EL AMOR Y EL DESAMOR::clip_0214,clip_0214,Está todo piola. Yo no voy a fumar. Nunca en mi vida voy a fumar. ¿Dijo porno o no el porno?,"Está todo piola. Yo no voy a fumar. Nunca en mi vida voy a fumar. Dijo porno, ¿no? El porno.",0.023,0.0476,0.977,computed,
f05__CHARLA_SOBRE_EL_AMOR_Y_EL_DESAMOR,f05::CHARLA SOBRE EL AMOR Y EL DESAMOR::clip_0216,clip_0216,"la marihuana, eso no me gusta.","la marihuana, eso no me gusta.",0.0,0.0,1.0,computed,
f05__CHARLA_SOBRE_EL_AMOR_Y_EL_DESAMOR,f05::CHARLA SOBRE EL AMOR Y EL DESAMOR::clip_0217,clip_0217,"Nunca me gustó, nunca sentí que la necesitaba.","Nunca me gustó, nunca sentí que las necesitaba.",0.0227,0.125,1.0227,computed,
f05__CHARLA_SOBRE_EL_AMOR_Y_EL_DESAMOR,f05::CHARLA SOBRE EL AMOR Y EL DESAMOR::clip_0218,clip_0218,Para mí te lleva a un lugar donde...,Para mí te lleva a un lugar donde...,0.0,0.0,1.0,computed,
f05__CHARLA_SOBRE_EL_AMOR_Y_EL_DESAMOR,f05::CHARLA SOBRE EL AMOR Y EL DESAMOR::clip_0219,clip_0219,no sos vos donde no sé,no sos vos donde no sé,0.0,0.0,1.0,computed,
f05__CHARLA_SOBRE_EL_AMOR_Y_EL_DESAMOR,f05::CHARLA SOBRE EL AMOR Y EL DESAMOR::clip_0221,clip_0221,"No sos vos. Pero bueno, no quiero entrar en esa discusión porque es personal. Es personal, nunca nos vamos a poner de acuerdo.","no sos vos, pero bueno no quiero entrar en esa discusión porque es personal nunca nos vamos a poner de acuerdo",0.0992,0.087,0.9008,computed,
f05__CHARLA_SOBRE_EL_AMOR_Y_EL_DESAMOR,f05::CHARLA SOBRE EL AMOR Y EL DESAMOR::clip_0222,clip_0222,nunca nos vamos a poner de acuerdo lo único que les puedo agregar es,de acuerdo nunca nos vamos a poner de acuerdo lo único que les puedo agregar,0.2059,0.2143,1.1176,computed,
f05__CHARLA_SOBRE_EL_AMOR_Y_EL_DESAMOR,f05::CHARLA SOBRE EL AMOR Y EL DESAMOR::clip_0223,clip_0223,"yo tomo alcohol para desinhibirme amigo, y si mejor no aprendes a desinhibirme","yo tomo alcohol para desinhibirme amigo, y si mejor no aprendes a desinhibir",0.026,0.0769,0.974,computed,
f05__CHARLA_SOBRE_EL_AMOR_Y_EL_DESAMOR,f05::CHARLA SOBRE EL AMOR Y EL DESAMOR::clip_0224,clip_0224,verte sin la necesidad de alcohol? ¿Y si mejor no aprendes a soltarte sin necesitar,divierte sin la necesidad de alcohol y si mejor no aprendes a soltarte si necesita,0.0617,0.2,1.0123,computed,
f05__CHARLA_SOBRE_EL_AMOR_Y_EL_DESAMOR,f05::CHARLA SOBRE EL AMOR Y EL DESAMOR::clip_0225,clip_0225,"tomar nada, es mi opinión","tomar nada, en mi opinión, ¿eh?",0.1667,0.4,1.125,computed,
f05__CHARLA_SOBRE_EL_AMOR_Y_EL_DESAMOR,f05::CHARLA SOBRE EL AMOR Y EL DESAMOR::clip_0226,clip_0226,"Arrancás a los DJs, sos tímido, te cuesta.","Arrancás a los DJs, sos tímido, te cuesta.",0.0,0.0,1.0,computed,
f05__CHARLA_SOBRE_EL_AMOR_Y_EL_DESAMOR,f05::CHARLA SOBRE EL AMOR Y EL DESAMOR::clip_0227,clip_0227,"si no tomo alcohol no me encaro una mina bueno, el problema","si no tomo alcohol no me encaro una mina bueno, el problema",0.0,0.0,1.0,computed,
f05__CHARLA_SOBRE_EL_AMOR_Y_EL_DESAMOR,f05::CHARLA SOBRE EL AMOR Y EL DESAMOR::clip_0228,clip_0228,está en tu seguridad que tenés que,está en tu seguridad que tenés que,0.0,0.0,1.0,computed,
f05__CHARLA_SOBRE_EL_AMOR_Y_EL_DESAMOR,f05::CHARLA SOBRE EL AMOR Y EL DESAMOR::clip_0230,clip_0230,"Es decir, anda de a poco, intentalo de a poco, date tiempo, a los 16 años por ahí no te preocupes.","Es decir, anda de a poco, intentalo de a poco, date tiempo a los 16 años, por ahí no...",0.1398,0.0952,0.8602,computed,
f05__CHARLA_SOBRE_EL_AMOR_Y_EL_DESAMOR,f05::CHARLA SOBRE EL AMOR Y EL DESAMOR::clip_0231,clip_0231,¿Estás listo para encarar a una persona? Es difícil encarar.,está listo para encarar de una persona. Es difícil encarar.,0.0526,0.2,1.0,computed,
f05__CHARLA_SOBRE_EL_AMOR_Y_EL_DESAMOR,f05::CHARLA SOBRE EL AMOR Y EL DESAMOR::clip_0232,clip_0232,A todos nos cuesta encarar.,A todos nos cuesta encarar.,0.0,0.0,1.0,computed,
f05__CHARLA_SOBRE_EL_AMOR_Y_EL_DESAMOR,f05::CHARLA SOBRE EL AMOR Y EL DESAMOR::clip_0233,clip_0233,¿Sobrio? Más difícil todavía. Pero yo...,"Sobrio, más difícil todavía. Pero yo...",0.0,0.0,1.0,computed,
f05__CHARLA_SOBRE_EL_AMOR_Y_EL_DESAMOR,f05::CHARLA SOBRE EL AMOR Y EL DESAMOR::clip_0234,clip_0234,nunca te voy a decir entonces anda a ponerte,"Nunca te voy a decir, entonces anda ponete.",0.0682,0.2222,0.9318,computed,
f05__CHARLA_SOBRE_EL_AMOR_Y_EL_DESAMOR,f05::CHARLA SOBRE EL AMOR Y EL DESAMOR::clip_0235,clip_0235,en pedo y en cara porque esa no es la solución en la vida no vas a estar toda la vida en pedo para,en pedo y en cara porque esa no es la solución en la vida no vas a estar toda la vida en pedo para poder,0.0612,0.0417,1.0612,computed,
f05__CHARLA_SOBRE_EL_AMOR_Y_EL_DESAMOR,f05::CHARLA SOBRE EL AMOR Y EL DESAMOR::clip_0237,clip_0237,mayor parte de tu vida sobrio y vas a tener que aprender a resolver los problemas.,parte de tu vida sobrio y vas a tener que aprender a resolver los problemas,0.0741,0.0625,0.9259,computed,
f05__CHARLA_SOBRE_EL_AMOR_Y_EL_DESAMOR,f05::CHARLA SOBRE EL AMOR Y EL DESAMOR::clip_0238,clip_0238,"sobrio, entonces porque mejor no mejoras tu lado sobrio antes de",sobrio entonces porque mejor no mejoras tu lado sobrio antes de,0.0,0.0,1.0,computed,
f05__CHARLA_SOBRE_EL_AMOR_Y_EL_DESAMOR,f05::CHARLA SOBRE EL AMOR Y EL DESAMOR::clip_0239,clip_0239,trabajar en el lado ebrio.,trabajar en el lado,0.24,0.2,0.76,computed,
f05__CHARLA_SOBRE_EL_AMOR_Y_EL_DESAMOR,f05::CHARLA SOBRE EL AMOR Y EL DESAMOR::clip_0240,clip_0240,tomen con precaución si quieren fumar fumen con precaución yo no me voy a meter,tomen con precaución si quieren fumar fumen con precaución yo no me voy a meter,0.0,0.0,1.0,computed,
f05__CHARLA_SOBRE_EL_AMOR_Y_EL_DESAMOR,f05::CHARLA SOBRE EL AMOR Y EL DESAMOR::clip_0241,clip_0241,en la vida de nadie. Simplemente les estoy diciendo qué es lo que hago yo.,"en la vida de nadie, simplemente les estoy diciendo qué es lo que hago yo",0.0,0.0,1.0,computed,
f05__CHARLA_SOBRE_EL_AMOR_Y_EL_DESAMOR,f05::CHARLA SOBRE EL AMOR Y EL DESAMOR::clip_0242,clip_0242,"¿Qué consumo yo? ¿Qué no consumo yo? Yo consumo vegetales, ahora bueno por la velada","¿Qué consumo yo? ¿Qué no consumo yo? Yo consumo vegetales. Ahora, bueno, por la velada.",0.0,0.0,1.0,computed,
f05__CHARLA_SOBRE_EL_AMOR_Y_EL_DESAMOR,f05::CHARLA SOBRE EL AMOR Y EL DESAMOR::clip_0243,clip_0243,carnes pero voy a volver a consumir vegetales porque me encanta hacer vegetales,a carnes pero voy a volver a consumir vegetales porque me encanta hacer vegetal,0.0506,0.1538,1.0,computed,
f05__CHARLA_SOBRE_EL_AMOR_Y_EL_DESAMOR,f05::CHARLA SOBRE EL AMOR Y EL DESAMOR::clip_0245,clip_0245,agüita y consumo cero drogas cero alcohol y me encanta porque tengo 31,agüita y consumo cero drogas cero alcohol y me encanta porque tengo 31 años,0.0714,0.0769,1.0714,computed,
f05__CHARLA_SOBRE_EL_AMOR_Y_EL_DESAMOR,f05::CHARLA SOBRE EL AMOR Y EL DESAMOR::clip_0246,clip_0246,y parezco de 28,y parezco de 28,0.0,0.0,1.0,computed,
f05__CHARLA_SOBRE_EL_AMOR_Y_EL_DESAMOR,f05::CHARLA SOBRE EL AMOR Y EL DESAMOR::clip_0247,clip_0247,"Yo creo, sí, en el video es de 28. De 40, no, es un...","Yo creo, sí, en el video es de 28. De 40, no, es un...",0.0,0.0,1.0,computed,
f07__DAVOO_XENEIZE_OPINA_DE_BOCA_0_UNIVERSIDAD_CATOLICA,f07::DAVOO XENEIZE OPINA DE BOCA 0 UNIVERSIDAD CATOLICA::clip_0000,clip_0000,cero frente a Universidad Católica en la,cero frente a Universidad Católica en la,0.0,0.0,1.0,computed,
f07__DAVOO_XENEIZE_OPINA_DE_BOCA_0_UNIVERSIDAD_CATOLICA,f07::DAVOO XENEIZE OPINA DE BOCA 0 UNIVERSIDAD CATOLICA::clip_0001,clip_0001,"Monera, en el estadio Alberto José Armando y queda eliminado de la Copa Libertadores en fase de grupos.",en el estadio Alberto José Armando y queda eliminado de la Copa Libertadores en fase de grupos,0.0693,0.0556,0.9307,computed,
f07__DAVOO_XENEIZE_OPINA_DE_BOCA_0_UNIVERSIDAD_CATOLICA,f07::DAVOO XENEIZE OPINA DE BOCA 0 UNIVERSIDAD CATOLICA::clip_0002,clip_0002,vez que un equipo chileno gana en la bombonera en Copa Libertadores y primera vez,vez que un equipo chileno gana en la bombonera en copa libertadores y primera,0.0494,0.0667,0.9506,computed,
f07__DAVOO_XENEIZE_OPINA_DE_BOCA_0_UNIVERSIDAD_CATOLICA,f07::DAVOO XENEIZE OPINA DE BOCA 0 UNIVERSIDAD CATOLICA::clip_0003,clip_0003,vez desde el 94 que Boca queda eliminado en la fase de grupos de esta competición.,vez desde el 94 que busca queda eliminado en la fase de grupos de esta competición,0.0247,0.0625,1.0123,computed,
f07__DAVOO_XENEIZE_OPINA_DE_BOCA_0_UNIVERSIDAD_CATOLICA,f07::DAVOO XENEIZE OPINA DE BOCA 0 UNIVERSIDAD CATOLICA::clip_0004,clip_0004,"Recién llegué de la cancha, la verdad que cuando se dan estas derrotas tan dolorosas y a la vez estas derrotas en las cuales son un fracaso, es más difícil.","Recién llegué de la cancha, la verdad que cuando se dan estas derrotas tan dolorosas y a la vez estas derrotas en las cuales son un fracaso, es más difícil.",0.0,0.0,1.0,computed,
f07__DAVOO_XENEIZE_OPINA_DE_BOCA_0_UNIVERSIDAD_CATOLICA,f07::DAVOO XENEIZE OPINA DE BOCA 0 UNIVERSIDAD CATOLICA::clip_0005,clip_0005,sinceramente opinar del partido y opinar de todo lo que pasó dentro de la,sinceramente opinar del partido y opinar de todo lo que pasó dentro de la,0.0,0.0,1.0,computed,
f07__DAVOO_XENEIZE_OPINA_DE_BOCA_0_UNIVERSIDAD_CATOLICA,f07::DAVOO XENEIZE OPINA DE BOCA 0 UNIVERSIDAD CATOLICA::clip_0006,clip_0006,"cancha, el penoso partido que jugó Boca, sabiendo lo que significa que Boca esté afuera en fase de grupo de la","cancha, el penoso partido que jugó Boca, sabiendo lo que significa que Boca esté afuera en fase del grupo de la",0.0093,0.0476,1.0093,computed,
f07__DAVOO_XENEIZE_OPINA_DE_BOCA_0_UNIVERSIDAD_CATOLICA,f07::DAVOO XENEIZE OPINA DE BOCA 0 UNIVERSIDAD CATOLICA::clip_0007,clip_0007,dramatizar cuando Boca pierde. A mí no me gusta exagerar o creer que una,dramatizar cuando boca pierde a mí no me gusta exagerar o creer que una,0.0,0.0,1.0,computed,
f07__DAVOO_XENEIZE_OPINA_DE_BOCA_0_UNIVERSIDAD_CATOLICA,f07::DAVOO XENEIZE OPINA DE BOCA 0 UNIVERSIDAD CATOLICA::clip_0008,clip_0008,boca yo no encuentro palabras para explicar el fracaso que acaba de ser boca en la copa libertadores,boca yo no encuentro palabras para explicar el fracaso que acaba de ser boca en la copa libertadores,0.0,0.0,1.0,computed,
f07__DAVOO_XENEIZE_OPINA_DE_BOCA_0_UNIVERSIDAD_CATOLICA,f07::DAVOO XENEIZE OPINA DE BOCA 0 UNIVERSIDAD CATOLICA::clip_0009,clip_0009,Yo no puedo pensar otra cosa. Para mí no se puede explicar deportivamente que Boca quede afuera en fase grupo de la Copa Libertadores. Es un fracaso.,Yo no puedo pensar otra cosa. Para mí no se puede explicar deportivamente que Boca queda fuera en fase grupo de la Copa Libertadores. Es un fracaso.,0.0137,0.0741,0.9932,computed,
f07__DAVOO_XENEIZE_OPINA_DE_BOCA_0_UNIVERSIDAD_CATOLICA,f07::DAVOO XENEIZE OPINA DE BOCA 0 UNIVERSIDAD CATOLICA::clip_0010,clip_0010,"deportivo, es una vergüenza, y es algo que no representa en absoluto la",es una vergüenza y es algo que no representa en absoluto la historia,0.2754,0.1538,0.9855,computed,
f07__DAVOO_XENEIZE_OPINA_DE_BOCA_0_UNIVERSIDAD_CATOLICA,f07::DAVOO XENEIZE OPINA DE BOCA 0 UNIVERSIDAD CATOLICA::clip_0011,clip_0011,"Y no por dramatizar la derrota, sino porque es lo que es.",de boca y no por dramatizar la derrota sino porque es lo que es,0.1455,0.1667,1.1455,computed,
f07__DAVOO_XENEIZE_OPINA_DE_BOCA_0_UNIVERSIDAD_CATOLICA,f07::DAVOO XENEIZE OPINA DE BOCA 0 UNIVERSIDAD CATOLICA::clip_0012,clip_0012,"club como Boca, que quede eliminado en la bombonera en pase del grupo de la Copa","club como Boca, que quede eliminado en la bombonera, en pase el grupo de la Copa del",0.0633,0.125,1.038,computed,
f07__DAVOO_XENEIZE_OPINA_DE_BOCA_0_UNIVERSIDAD_CATOLICA,f07::DAVOO XENEIZE OPINA DE BOCA 0 UNIVERSIDAD CATOLICA::clip_0013,clip_0013,Libertadores. Para mí es un fracaso tan grande que sinceramente ni sé por dónde,Libertadores. Para mí es un fracaso tan grande que sinceramente ni sé por dónde,0.0,0.0,1.0,computed,
f07__DAVOO_XENEIZE_OPINA_DE_BOCA_0_UNIVERSIDAD_CATOLICA,f07::DAVOO XENEIZE OPINA DE BOCA 0 UNIVERSIDAD CATOLICA::clip_0014,clip_0014,arrancar porque se te junta la tristeza se te junta la bronca se te junta,"arrancar, porque se te junta la tristeza, se te junta la bronca, se te junta...",0.0,0.0,1.0,computed,
f07__DAVOO_XENEIZE_OPINA_DE_BOCA_0_UNIVERSIDAD_CATOLICA,f07::DAVOO XENEIZE OPINA DE BOCA 0 UNIVERSIDAD CATOLICA::clip_0015,clip_0015,También el hecho de darse cuenta que este equipo ni siquiera está para no ganar la Libertadores.,También el hecho de darse cuenta que este equipo ni siquiera está para no ganar los Libertadores.,0.0211,0.0588,1.0105,computed,
f07__DAVOO_XENEIZE_OPINA_DE_BOCA_0_UNIVERSIDAD_CATOLICA,f07::DAVOO XENEIZE OPINA DE BOCA 0 UNIVERSIDAD CATOLICA::clip_0016,clip_0016,Quedar afuera por un detalle. Moca hizo un papilón en esta c...,"competirla, quedar afuera por un detalle, Moca hizo un papilón en esta...",0.2203,0.1667,1.1525,computed,
f07__DAVOO_XENEIZE_OPINA_DE_BOCA_0_UNIVERSIDAD_CATOLICA,f07::DAVOO XENEIZE OPINA DE BOCA 0 UNIVERSIDAD CATOLICA::clip_0017,clip_0017,Copa Libertadores. Desde el 1994 que Boca no queda fuera en fase grupo de la Copa Libertadores.,Copa Libertadores. Desde el 1994 que Boca no queda fuera en fase grupo de la Copa Libertadores.,0.0,0.0,1.0,computed,
f07__DAVOO_XENEIZE_OPINA_DE_BOCA_0_UNIVERSIDAD_CATOLICA,f07::DAVOO XENEIZE OPINA DE BOCA 0 UNIVERSIDAD CATOLICA::clip_0018,clip_0018,Desde ese entonces jugó muchísimas Copas Libertadores.,De ese entonces jugó muchísimas Copas Libertadores.,0.0566,0.1429,0.9434,computed,
f07__DAVOO_XENEIZE_OPINA_DE_BOCA_0_UNIVERSIDAD_CATOLICA,f07::DAVOO XENEIZE OPINA DE BOCA 0 UNIVERSIDAD CATOLICA::clip_0019,clip_0019,"La del 2000 que la ganó, la del 2001 que la ganó, la del 2002 que fue afuera en cuarto de final, la del 2003 que la ganó.","La del 2000 que la ganó, la del 2001 que la ganó, la del 2002 que fue afuera en cuarto de final, la del 2003 que la ganó.",0.0,0.0,1.0,computed,
f07__DAVOO_XENEIZE_OPINA_DE_BOCA_0_UNIVERSIDAD_CATOLICA,f07::DAVOO XENEIZE OPINA DE BOCA 0 UNIVERSIDAD CATOLICA::clip_0020,clip_0020,"ganó, la del 2004 que perdió la final, la del 2005 que perdió fueron cuartos.","ganó, la del 2004 que perdió la final, la del 2005 que perdió fueron cuartos.",0.0,0.0,1.0,computed,
f07__DAVOO_XENEIZE_OPINA_DE_BOCA_0_UNIVERSIDAD_CATOLICA,f07::DAVOO XENEIZE OPINA DE BOCA 0 UNIVERSIDAD CATOLICA::clip_0021,clip_0021,"La del 2007 que la ganó, la del 2008 que quedó afuera en semis, la del 2009 que quedó afuera en octavos, la del 2012 que...","la del 2007 que la ganó, la del 2008 que quedó afuera en semis, la del 2009 que quedó afuera en octavos, la del 2012 que...",0.0,0.0,1.0,computed,
f07__DAVOO_XENEIZE_OPINA_DE_BOCA_0_UNIVERSIDAD_CATOLICA,f07::DAVOO XENEIZE OPINA DE BOCA 0 UNIVERSIDAD CATOLICA::clip_0022,clip_0022,"La del 2018 que perdió la final, la del 2019 que perdió en semifinal.","La del 2018 que perdió la final, la del 2019 que perdió el semis, la del 2018 que perdió el semis.",0.4776,0.6429,1.4179,computed,
f07__DAVOO_XENEIZE_OPINA_DE_BOCA_0_UNIVERSIDAD_CATOLICA,f07::DAVOO XENEIZE OPINA DE BOCA 0 UNIVERSIDAD CATOLICA::clip_0026,clip_0026,Que perdió en la final 19 Copas Libertadores consecutivas de Boca.,Que perdió en la final. 19 Copas Libertadores consecutivas de Boca.,0.0,0.0,1.0,computed,
f07__DAVOO_XENEIZE_OPINA_DE_BOCA_0_UNIVERSIDAD_CATOLICA,f07::DAVOO XENEIZE OPINA DE BOCA 0 UNIVERSIDAD CATOLICA::clip_0027,clip_0027,"avanzando la fase grupo de la Copa Libertadores, era el récord.",Avanzando la fase grupo de la Copa Libertadores. Era el récord.,0.0,0.0,1.0,computed,
f07__DAVOO_XENEIZE_OPINA_DE_BOCA_0_UNIVERSIDAD_CATOLICA,f07::DAVOO XENEIZE OPINA DE BOCA 0 UNIVERSIDAD CATOLICA::clip_0028,clip_0028,En el año 95 de los 96 tuvo los dos fracasos.,25 de los 96 tuvo los dos fracasos.,0.25,0.3636,0.7727,computed,
f07__DAVOO_XENEIZE_OPINA_DE_BOCA_0_UNIVERSIDAD_CATOLICA,f07::DAVOO XENEIZE OPINA DE BOCA 0 UNIVERSIDAD CATOLICA::clip_0029,clip_0029,más grandes de Boca internacionalmente hablando de los últimos 30 años.,más grandes de Boca internacionalmente hablando de los últimos 30 años.,0.0,0.0,1.0,computed,
f07__DAVOO_XENEIZE_OPINA_DE_BOCA_0_UNIVERSIDAD_CATOLICA,f07::DAVOO XENEIZE OPINA DE BOCA 0 UNIVERSIDAD CATOLICA::clip_0030,clip_0030,ningún tipo de dudas y hasta podría ser de la historia de Boca en Copa,ningún tipo de dudas y hasta podría ser de la historia de boca en copa,0.0,0.0,1.0,computed,
f07__DAVOO_XENEIZE_OPINA_DE_BOCA_0_UNIVERSIDAD_CATOLICA,f07::DAVOO XENEIZE OPINA DE BOCA 0 UNIVERSIDAD CATOLICA::clip_0031,clip_0031,Porque el año pasado quedó afuera en el repechaje de la Copa Libertadores.,Porque el año pasado quedó afuera el repechaje de la Copa Libertadores.,0.0411,0.0769,0.9589,computed,
f07__DAVOO_XENEIZE_OPINA_DE_BOCA_0_UNIVERSIDAD_CATOLICA,f07::DAVOO XENEIZE OPINA DE BOCA 0 UNIVERSIDAD CATOLICA::clip_0032,clip_0032,se le terminó año en febrero y este año queda fuera en fase grupo de la copa libertadores,Libertadores. Se le terminó el año en febrero y este año queda fuera en fase grupo de la Copa Libertadores.,0.1798,0.1111,1.1798,computed,
f07__DAVOO_XENEIZE_OPINA_DE_BOCA_0_UNIVERSIDAD_CATOLICA,f07::DAVOO XENEIZE OPINA DE BOCA 0 UNIVERSIDAD CATOLICA::clip_0033,clip_0033,Termina el año en mayo. Ahora va a jugar playoff de Copa Sudamericana.,"Termina el año en mayo. Ahora va a jugar playoff de Copa Sudamericana, pero Boca...",0.1471,0.1538,1.1471,computed,
f07__DAVOO_XENEIZE_OPINA_DE_BOCA_0_UNIVERSIDAD_CATOLICA,f07::DAVOO XENEIZE OPINA DE BOCA 0 UNIVERSIDAD CATOLICA::clip_0034,clip_0034,Con la derrota de Elian Salimá y con esta derrota contra Universidad...,con la derrota de Alianza Lima y con esta derrota contra la Universidad...,0.1176,0.25,1.0441,computed,
f07__DAVOO_XENEIZE_OPINA_DE_BOCA_0_UNIVERSIDAD_CATOLICA,f07::DAVOO XENEIZE OPINA DE BOCA 0 UNIVERSIDAD CATOLICA::clip_0035,clip_0035,"Católica, que son dos derrotas juntas y pegadas, son las dos peores derrotas de Boca en Copa Libertadores de los últimos...","Católica, que son dos derrotas juntas y pegadas, son las dos peores derrotas de Boca en Copa Libertadores de los últimos tres.",0.0424,0.0476,1.0424,computed,
f07__DAVOO_XENEIZE_OPINA_DE_BOCA_0_UNIVERSIDAD_CATOLICA,f07::DAVOO XENEIZE OPINA DE BOCA 0 UNIVERSIDAD CATOLICA::clip_0036,clip_0036,"30 años, no tengo dudas en lo que estoy diciendo porque el dolor de perder una semi o el dolor de perder una final, ese",años no tengo dudas en lo que estoy diciendo porque el dolor de perder una semi o el dolor de perder una final ese,0.0256,0.04,0.9744,computed,
f07__DAVOO_XENEIZE_OPINA_DE_BOCA_0_UNIVERSIDAD_CATOLICA,f07::DAVOO XENEIZE OPINA DE BOCA 0 UNIVERSIDAD CATOLICA::clip_0037,clip_0037,parte el dolor también de estar cerca de ganarla y de que a veces por detalle,en parte el dolor también de estar cerca de ganarla y de que a veces por detalles,0.0519,0.125,1.0519,computed,
f07__DAVOO_XENEIZE_OPINA_DE_BOCA_0_UNIVERSIDAD_CATOLICA,f07::DAVOO XENEIZE OPINA DE BOCA 0 UNIVERSIDAD CATOLICA::clip_0038,clip_0038,No se te vea porque así es el fútbol. Vos podés perder una semi. Podés perder una...,"no se te da porque haces el fútbol, vos podés perder una semi, podés perder una f...",0.1013,0.2353,1.0,computed,
f07__DAVOO_XENEIZE_OPINA_DE_BOCA_0_UNIVERSIDAD_CATOLICA,f07::DAVOO XENEIZE OPINA DE BOCA 0 UNIVERSIDAD CATOLICA::clip_0039,clip_0039,Obviamente en el momento en que la perdés te querés morir y puteás a todos.,"Obviamente en el momento que la perdés te querés morir, puteás a todos.",0.0676,0.1333,0.9324,computed,
f07__DAVOO_XENEIZE_OPINA_DE_BOCA_0_UNIVERSIDAD_CATOLICA,f07::DAVOO XENEIZE OPINA DE BOCA 0 UNIVERSIDAD CATOLICA::clip_0040,clip_0040,"lo que quieras, pero gana uno solo. Ahora, ¿que Arsas fuera en fase de grupos? ¿En la bombonera?","lo que quieras, pero gana uno solo. ¿Ahora quedarse afuera en fase de grupos? ¿En la bombonera?",0.0449,0.1667,1.0,computed,
f07__DAVOO_XENEIZE_OPINA_DE_BOCA_0_UNIVERSIDAD_CATOLICA,f07::DAVOO XENEIZE OPINA DE BOCA 0 UNIVERSIDAD CATOLICA::clip_0041,clip_0041,"o un playoff, no hay justificación a eso, ¿eh? No hay ninguna justificación.",o a un playoff. No hay justificación a eso. No hay ninguna justificación.,0.0704,0.1538,0.9859,computed,
f07__DAVOO_XENEIZE_OPINA_DE_BOCA_0_UNIVERSIDAD_CATOLICA,f07::DAVOO XENEIZE OPINA DE BOCA 0 UNIVERSIDAD CATOLICA::clip_0042,clip_0042,que valga al papelón y fracaso deportivo que acaba de hacer Boca eso es lo que,que valga al papelón y fracaso deportivo que acaba de hacer Boca eso es lo que pi-,0.0385,0.0625,1.0385,computed,
f07__DAVOO_XENEIZE_OPINA_DE_BOCA_0_UNIVERSIDAD_CATOLICA,f07::DAVOO XENEIZE OPINA DE BOCA 0 UNIVERSIDAD CATOLICA::clip_0043,clip_0043,pienso yo. Entonces tengo muchas cosas para decir sinceramente de esta,pienso yo entonces tengo muchas cosas para decir sinceramente de esta,0.0,0.0,1.0,computed,
f07__DAVOO_XENEIZE_OPINA_DE_BOCA_0_UNIVERSIDAD_CATOLICA,f07::DAVOO XENEIZE OPINA DE BOCA 0 UNIVERSIDAD CATOLICA::clip_0044,clip_0044,"derrota de esta eliminación de los jugadores, del entrenador.","rota, de esta eliminación de los jugadores, del entrenador de la",0.1525,0.3333,1.0508,computed,
f07__DAVOO_XENEIZE_OPINA_DE_BOCA_0_UNIVERSIDAD_CATOLICA,f07::DAVOO XENEIZE OPINA DE BOCA 0 UNIVERSIDAD CATOLICA::clip_0045,clip_0045,Pero sinceramente y lamentablemente...,Pero sinceramente y lamentablemente...,0.0,0.0,1.0,computed,
f07__DAVOO_XENEIZE_OPINA_DE_BOCA_0_UNIVERSIDAD_CATOLICA,f07::DAVOO XENEIZE OPINA DE BOCA 0 UNIVERSIDAD CATOLICA::clip_0046,clip_0046,"Pareciera que este semestre del 2026, donde supuestamente algunas cosas...","Pareciera que este semestre del 2026, donde supuestamente algunas cosas...",0.0,0.0,1.0,computed,
f07__DAVOO_XENEIZE_OPINA_DE_BOCA_0_UNIVERSIDAD_CATOLICA,f07::DAVOO XENEIZE OPINA DE BOCA 0 UNIVERSIDAD CATOLICA::clip_0047,clip_0047,Estaban cambiando porque Boca clasificó a la Copa Libertadores después de dos años.,Estaban cambiando porque Boca clasificó a la Copa Libertadores después de dos años.,0.0,0.0,1.0,computed,
f07__DAVOO_XENEIZE_OPINA_DE_BOCA_0_UNIVERSIDAD_CATOLICA,f07::DAVOO XENEIZE OPINA DE BOCA 0 UNIVERSIDAD CATOLICA::clip_0048,clip_0048,Algo que también es un papelón.,"años, algo que también es un papelón.",0.1667,0.1667,1.1667,computed,
f07__DAVOO_XENEIZE_OPINA_DE_BOCA_0_UNIVERSIDAD_CATOLICA,f07::DAVOO XENEIZE OPINA DE BOCA 0 UNIVERSIDAD CATOLICA::clip_0049,clip_0049,Porque en el momento de que fue un logro.,Porque en el momento de que fue un logro...,0.0,0.0,1.0,computed,
f07__DAVOO_XENEIZE_OPINA_DE_BOCA_0_UNIVERSIDAD_CATOLICA,f07::DAVOO XENEIZE OPINA DE BOCA 0 UNIVERSIDAD CATOLICA::clip_0050,clip_0050,para Boca clasificarse a la Copa Libertadores también habla un poco de...,para Boca clasificarse a la Copa Libertadores también hablo un poco de,0.0143,0.0833,1.0,computed,
f07__DAVOO_XENEIZE_OPINA_DE_BOCA_0_UNIVERSIDAD_CATOLICA,f07::DAVOO XENEIZE OPINA DE BOCA 0 UNIVERSIDAD CATOLICA::clip_0051,clip_0051,Lo baja que está la barra en boca. Y lo mal que se han hecho las cosas en estos últimos...,lo baja que está la vara en boca y lo mal que se han hecho las cosas en estos últimos,0.0233,0.05,0.9884,computed,
f07__DAVOO_XENEIZE_OPINA_DE_BOCA_0_UNIVERSIDAD_CATOLICA,f07::DAVOO XENEIZE OPINA DE BOCA 0 UNIVERSIDAD CATOLICA::clip_0052,clip_0052,años como para que un logro sea clasificada la copa libertadores y después golpearte la cabeza contra,años como para que un logro sea clasificada a la copa libertadores y después golpearte la cabeza contra la red,0.0891,0.1765,1.0891,computed,
f07__DAVOO_XENEIZE_OPINA_DE_BOCA_0_UNIVERSIDAD_CATOLICA,f07::DAVOO XENEIZE OPINA DE BOCA 0 UNIVERSIDAD CATOLICA::clip_0053,clip_0053,"realidad. Porque hoy Boca queda fuera de la Copa Libertadores, merecidamente. Algunos",realidad. ¿Por qué hoy Boca quedó afuera de la Copa Libertadores? Merecidamente.,0.1463,0.4167,0.9268,computed,
f07__DAVOO_XENEIZE_OPINA_DE_BOCA_0_UNIVERSIDAD_CATOLICA,f07::DAVOO XENEIZE OPINA DE BOCA 0 UNIVERSIDAD CATOLICA::clip_0054,clip_0054,"Capaz van a decir, no, pero el partido con el Cruzeiro, esto, lo otro. El Boca tenía que ganarle de local a la UCA.","Pagan a decir, no, pero el partido con el Cruzeiro Esto, lo otro Hoy Boca tenía que ganarle de local A la UCA",0.0734,0.125,0.9725,computed,
f07__DAVOO_XENEIZE_OPINA_DE_BOCA_0_UNIVERSIDAD_CATOLICA,f07::DAVOO XENEIZE OPINA DE BOCA 0 UNIVERSIDAD CATOLICA::clip_0055,clip_0055,"católica, para clasificarse en el octavo de final, y casi que no patió al arco.",católica para clasificar sobre el octavo de final y casi que no pateó al arco.,0.0789,0.2,1.0132,computed,
f07__DAVOO_XENEIZE_OPINA_DE_BOCA_0_UNIVERSIDAD_CATOLICA,f07::DAVOO XENEIZE OPINA DE BOCA 0 UNIVERSIDAD CATOLICA::clip_0056,clip_0056,"tenía idea de juego, no tenía movilidad. Le pusieron una presión alta en el medio.","No tenía idea de juego, no tenía movilidad. Le pusieron una presión alta en el medio.",0.038,0.0667,1.038,computed,
f07__DAVOO_XENEIZE_OPINA_DE_BOCA_0_UNIVERSIDAD_CATOLICA,f07::DAVOO XENEIZE OPINA DE BOCA 0 UNIVERSIDAD CATOLICA::clip_0057,clip_0057,y jugó a las bandas y no hizo nada en todo el partido. Jugaron con el ritmo de un partido de torneo de verano.,Y jugó a las bandas y no hizo nada en todo el partido Jugaron con el ritmo de un partido de torneo de verano,0.0,0.0,1.0,computed,
f07__DAVOO_XENEIZE_OPINA_DE_BOCA_0_UNIVERSIDAD_CATOLICA,f07::DAVOO XENEIZE OPINA DE BOCA 0 UNIVERSIDAD CATOLICA::clip_0058,clip_0058,"jugadores de Boca hoy. Entonces, no me digan con la boludez, no, pero Boca...","jugadores de Boca hoy. Entonces, no me digan con las boludeces de, no, pero Boca...",0.1,0.2143,1.0857,computed,
f07__DAVOO_XENEIZE_OPINA_DE_BOCA_0_UNIVERSIDAD_CATOLICA,f07::DAVOO XENEIZE OPINA DE BOCA 0 UNIVERSIDAD CATOLICA::clip_0059,clip_0059,¿Por qué queda fuera la fase de grupo para la Copa Libertadores?,¿Por qué queda fuera la fase de grupo de la Copa de Libertadores?,0.1129,0.1667,1.0161,computed,
f07__DAVOO_XENEIZE_OPINA_DE_BOCA_0_UNIVERSIDAD_CATOLICA,f07::DAVOO XENEIZE OPINA DE BOCA 0 UNIVERSIDAD CATOLICA::clip_0060,clip_0060,dio porque no le dio si ganó los primeros dos partidos bien siendo,dio porque no le dio si ganó los primeros dos partidos bien siendo,0.0,0.0,1.0,computed,
f07__DAVOO_XENEIZE_OPINA_DE_BOCA_0_UNIVERSIDAD_CATOLICA,f07::DAVOO XENEIZE OPINA DE BOCA 0 UNIVERSIDAD CATOLICA::clip_0061,clip_0061,"donde todos nos ilusionamos, pero sacó un punto en los últimos 12,","donde todos nos ilusionamos, pero sacó un punto en los últimos 12.",0.0,0.0,1.0,computed,
f07__DAVOO_XENEIZE_OPINA_DE_BOCA_0_UNIVERSIDAD_CATOLICA,f07::DAVOO XENEIZE OPINA DE BOCA 0 UNIVERSIDAD CATOLICA::clip_0062,clip_0062,Barcelona ganó un solo partido en esta fase de Grupo Copa.,Barcelona ganó un solo partido en esta fase de Grupo de Copa.,0.0526,0.0909,1.0526,computed,
f07__DAVOO_XENEIZE_OPINA_DE_BOCA_0_UNIVERSIDAD_CATOLICA,f07::DAVOO XENEIZE OPINA DE BOCA 0 UNIVERSIDAD CATOLICA::clip_0063,clip_0063,libertadores contra nosotros perdiste con crucero en brasil una rota,libertadores contra nosotros perdiste con crucero en brasil una rota,0.0,0.0,1.0,computed,
f07__DAVOO_XENEIZE_OPINA_DE_BOCA_0_UNIVERSIDAD_CATOLICA,f07::DAVOO XENEIZE OPINA DE BOCA 0 UNIVERSIDAD CATOLICA::clip_0064,clip_0064,"inentendible, porque veníamos dulces. Perdiste con Barcelona en Guayaquil.","entendible, porque veníamos dulces. Perdiste el conversador en Guayaquil.",0.1831,0.3333,0.9859,computed,
f07__DAVOO_XENEIZE_OPINA_DE_BOCA_0_UNIVERSIDAD_CATOLICA,f07::DAVOO XENEIZE OPINA DE BOCA 0 UNIVERSIDAD CATOLICA::clip_0065,clip_0065,rota papelonesca un equipo que ni compitió en esta copa una expulsión,rota papelonesca un equipo que ni compitió en esta copa una expulsión,0.0,0.0,1.0,computed,
f07__DAVOO_XENEIZE_OPINA_DE_BOCA_0_UNIVERSIDAD_CATOLICA,f07::DAVOO XENEIZE OPINA DE BOCA 0 UNIVERSIDAD CATOLICA::clip_0067,clip_0067,empate polémico. Un partido en el cual para mi boca fue perjudicado. Ahora hoy,empate polémico. Un partido en el cual para mí Boca fue perjudicado. Ahora.,0.0658,0.1429,0.9474,computed,
f07__DAVOO_XENEIZE_OPINA_DE_BOCA_0_UNIVERSIDAD_CATOLICA,f07::DAVOO XENEIZE OPINA DE BOCA 0 UNIVERSIDAD CATOLICA::clip_0068,clip_0068,Hiciste un papelón con la bucatólica. Oigo que hiciste un papelón con la bucatólica.,Hiciste un papelón con la bucatólica. Hoy voy a que hice un papelón con la bucatólica.,0.122,0.2857,1.0244,computed,
f07__DAVOO_XENEIZE_OPINA_DE_BOCA_0_UNIVERSIDAD_CATOLICA,f07::DAVOO XENEIZE OPINA DE BOCA 0 UNIVERSIDAD CATOLICA::clip_0069,clip_0069,"Católica. Hoy Boca mereció perder. Me dirán, ¿cómo que mereció perder? Yo digo, Boca","hoy Boca mereció perder, me dirán, ¿cómo que mereció perder?",0.2821,0.2857,0.7179,computed,
f07__DAVOO_XENEIZE_OPINA_DE_BOCA_0_UNIVERSIDAD_CATOLICA,f07::DAVOO XENEIZE OPINA DE BOCA 0 UNIVERSIDAD CATOLICA::clip_0070,clip_0070,un católico dijo un partido mucho más inteligente que boca muchísimo más,"Ucatólica, Pateo Dolores está al arco. Ucatólica hoy juega un partido mucho más inteligente que Bovoca. Muchísimo más inteligente.",0.8194,0.9167,1.75,computed,
f07__DAVOO_XENEIZE_OPINA_DE_BOCA_0_UNIVERSIDAD_CATOLICA,f07::DAVOO XENEIZE OPINA DE BOCA 0 UNIVERSIDAD CATOLICA::clip_0071,clip_0071,"inteligente. De hecho, estoy seguro que los hinchas de otros equipos querían que",de hecho estoy seguro que los hinchas de otros equipos querían que,0.1538,0.0769,0.8462,computed,
f07__DAVOO_XENEIZE_OPINA_DE_BOCA_0_UNIVERSIDAD_CATOLICA,f07::DAVOO XENEIZE OPINA DE BOCA 0 UNIVERSIDAD CATOLICA::clip_0072,clip_0072,"pierda a Boca, que lo entiendo. Yo creo que pierde a River siempre y cargo a River.",¿Pierda a Boca? Que lo entiendo. Yo creo que pierda a River siempre y cargo a River...,0.0125,0.0588,1.0,computed,
f07__DAVOO_XENEIZE_OPINA_DE_BOCA_0_UNIVERSIDAD_CATOLICA,f07::DAVOO XENEIZE OPINA DE BOCA 0 UNIVERSIDAD CATOLICA::clip_0074,clip_0074,"a mí porque quedamos afuera. Y lo entiendo, es parte del folclore sano que pasa.","a mí porque quedamos afuera. Y lo entiendo, es parte del folclore sano que...",0.0649,0.0667,0.9351,computed,
f07__DAVOO_XENEIZE_OPINA_DE_BOCA_0_UNIVERSIDAD_CATOLICA,f07::DAVOO XENEIZE OPINA DE BOCA 0 UNIVERSIDAD CATOLICA::clip_0075,clip_0075,eso prefiero que me encarguen porque perdió boca a que me tengan lástima,Prefiero que me carguen porque perdió boca a que me tengan lástima.,0.0833,0.1538,0.9167,computed,
f07__DAVOO_XENEIZE_OPINA_DE_BOCA_0_UNIVERSIDAD_CATOLICA,f07::DAVOO XENEIZE OPINA DE BOCA 0 UNIVERSIDAD CATOLICA::clip_0076,clip_0076,Pero seguramente hasta esa gente debe estar sorprendida por el partido.,Pero seguramente hasta esa gente debe estar sorprendida por el partido.,0.0,0.0,1.0,computed,
f07__DAVOO_XENEIZE_OPINA_DE_BOCA_0_UNIVERSIDAD_CATOLICA,f07::DAVOO XENEIZE OPINA DE BOCA 0 UNIVERSIDAD CATOLICA::clip_0077,clip_0077,horroroso que hizo Boca hoy. Va más allá de lo futbolístico.,horroroso que hizo boca hoy vamos allá de lo futbolístico en abril,0.1897,0.3636,1.1379,computed,
f07__DAVOO_XENEIZE_OPINA_DE_BOCA_0_UNIVERSIDAD_CATOLICA,f07::DAVOO XENEIZE OPINA DE BOCA 0 UNIVERSIDAD CATOLICA::clip_0078,clip_0078,Actuinal. Hablo de la idea del juego. Hablo del plantel. Hablo de los jugadores que jugaron hoy. Y bueno.,"Actuinal, hablo de la idea del juego Hablo del plantel, hablo de los jugadores Que jugaron hoy, y bueno",0.0,0.0,1.0,computed,
f07__DAVOO_XENEIZE_OPINA_DE_BOCA_0_UNIVERSIDAD_CATOLICA,f07::DAVOO XENEIZE OPINA DE BOCA 0 UNIVERSIDAD CATOLICA::clip_0079,clip_0079,"Después de un 2024 en el cual para mí fue un mal año de Boca, un muy flojo año.","Después de un 2024 en el cual para mí fue un mal año de Boca, un muy flojo año.",0.0,0.0,1.0,computed,
f07__DAVOO_XENEIZE_OPINA_DE_BOCA_0_UNIVERSIDAD_CATOLICA,f07::DAVOO XENEIZE OPINA DE BOCA 0 UNIVERSIDAD CATOLICA::clip_0080,clip_0080,"de Boca, después un 2025 donde para mí también fue un mal año de Boca, que la",de boca después un 2025 donde para mí también fue un mal año de boca que la,0.0,0.0,1.0,computed,
f07__DAVOO_XENEIZE_OPINA_DE_BOCA_0_UNIVERSIDAD_CATOLICA,f07::DAVOO XENEIZE OPINA DE BOCA 0 UNIVERSIDAD CATOLICA::clip_0081,clip_0081,"Podemos dibujar con el cierre final, donde hubo un sprint de victoria, pero...","Podemos dibujar con el cierre final, donde hubo un sprint de victoria, pero...",0.0,0.0,1.0,computed,
f07__DAVOO_XENEIZE_OPINA_DE_BOCA_0_UNIVERSIDAD_CATOLICA,f07::DAVOO XENEIZE OPINA DE BOCA 0 UNIVERSIDAD CATOLICA::clip_0082,clip_0082,Si el año de Boca va a ser positivo por quedar segundo en una tabla anual.,Si el año de Boca va a ser positivo por quedar segundo en una tabla anual y no ganan...,0.1507,0.1875,1.1507,computed,
f07__DAVOO_XENEIZE_OPINA_DE_BOCA_0_UNIVERSIDAD_CATOLICA,f07::DAVOO XENEIZE OPINA DE BOCA 0 UNIVERSIDAD CATOLICA::clip_0083,clip_0083,"ningún título, estamos mal. Sin jugar la copa en todo el año. Fue un mal año de",ningún título estamos mal sin jugar la copa en todo el año fue un mal año,0.0395,0.0588,0.9605,computed,
f07__DAVOO_XENEIZE_OPINA_DE_BOCA_0_UNIVERSIDAD_CATOLICA,f07::DAVOO XENEIZE OPINA DE BOCA 0 UNIVERSIDAD CATOLICA::clip_0084,clip_0084,boca del 2025 y este 2026 que parecía un poco,boca del 2025 y este 2026 que parecía un poco,0.0,0.0,1.0,computed,
f07__DAVOO_XENEIZE_OPINA_DE_BOCA_0_UNIVERSIDAD_CATOLICA,f07::DAVOO XENEIZE OPINA DE BOCA 0 UNIVERSIDAD CATOLICA::clip_0085,clip_0085,salir de ese pozo que estaba boca,salir de ese pozo que estaba Boca,0.0,0.0,1.0,computed,
f07__DAVOO_XENEIZE_OPINA_DE_BOCA_0_UNIVERSIDAD_CATOLICA,f07::DAVOO XENEIZE OPINA DE BOCA 0 UNIVERSIDAD CATOLICA::clip_0086,clip_0086,Porque era el único grande que jugaba la Copa Libertadores.,"porque era el único grande que jugaba la Copa Libertadores, porque si bien...",0.2586,0.3,1.2586,computed,
f07__DAVOO_XENEIZE_OPINA_DE_BOCA_0_UNIVERSIDAD_CATOLICA,f07::DAVOO XENEIZE OPINA DE BOCA 0 UNIVERSIDAD CATOLICA::clip_0087,clip_0087,"arrancó flojo el año, tuvo momentos donde jugó bien, 14 partidos invictos.","arrancó flojo el año, tuvo momentos donde jugó bien, 14 partidos invictos.",0.0,0.0,1.0,computed,
f07__DAVOO_XENEIZE_OPINA_DE_BOCA_0_UNIVERSIDAD_CATOLICA,f07::DAVOO XENEIZE OPINA DE BOCA 0 UNIVERSIDAD CATOLICA::clip_0089,clip_0089,clásico que gane los primeros partidos libertadores que parecía que boca se estaba armando lindo termina,"superclásico, que gané los primeros dos partidos de Libertadores, que parecía que Boca se estaba armando lindo, termina...",0.125,0.25,1.1154,computed,
f07__DAVOO_XENEIZE_OPINA_DE_BOCA_0_UNIVERSIDAD_CATOLICA,f07::DAVOO XENEIZE OPINA DE BOCA 0 UNIVERSIDAD CATOLICA::clip_0092,clip_0092,quedar manchado por esta derrota es el tercer año consecutivo en el cual,a quedar manchado por esta derrota es el tercer año consecutivo en el cual,0.0278,0.0769,1.0278,computed,
f07__DAVOO_XENEIZE_OPINA_DE_BOCA_0_UNIVERSIDAD_CATOLICA,f07::DAVOO XENEIZE OPINA DE BOCA 0 UNIVERSIDAD CATOLICA::clip_0093,clip_0093,"poca fracasa de esta manera. Y alguno me dirá Davo, ¿vos querés que solamente de los jugadores esta derrota? ¿O vos querés","Boca fracasa de esta manera. Y alguno me dirá, Davo, ¿vos creés que es solamente de los jugadores esta derrota? ¿O vos querés...",0.0598,0.1364,1.0171,computed,
f07__DAVOO_XENEIZE_OPINA_DE_BOCA_0_UNIVERSIDAD_CATOLICA,f07::DAVOO XENEIZE OPINA DE BOCA 0 UNIVERSIDAD CATOLICA::clip_0094,clip_0094,que es de uvea nomás. Sería demasiado ingenuo creer eso.,que es de uvea nomás. Sería demasiado ingenuo creer eso.,0.0,0.0,1.0,computed,
f07__DAVOO_XENEIZE_OPINA_DE_BOCA_0_UNIVERSIDAD_CATOLICA,f07::DAVOO XENEIZE OPINA DE BOCA 0 UNIVERSIDAD CATOLICA::clip_0095,clip_0095,Así sería demasiado estúpido creer eso Todos sabemos que acá el responsable es Riquelme Y la verdad,manimos así sería demasiado estúpido creer eso. Todos sabemos que acá el responsable es Riquelme. Y la verdad...,0.0808,0.0588,1.0808,computed,
f07__DAVOO_XENEIZE_OPINA_DE_BOCA_0_UNIVERSIDAD_CATOLICA,f07::DAVOO XENEIZE OPINA DE BOCA 0 UNIVERSIDAD CATOLICA::clip_0096,clip_0096,"descubro nada diciendo esto. Riquelme es el presidente de Boca, Riquelme es el","oscuro nada diciendo esto. Riquelme es el presidente de Boca, Riquelme es el...",0.0395,0.0769,0.9737,computed,
f07__DAVOO_XENEIZE_OPINA_DE_BOCA_0_UNIVERSIDAD_CATOLICA,f07::DAVOO XENEIZE OPINA DE BOCA 0 UNIVERSIDAD CATOLICA::clip_0098,clip_0098,Boca tuvo 14 partidos jugando bien.,Boca tuvo 14 partidos jugando bien.,0.0,0.0,1.0,computed,
f07__DAVOO_XENEIZE_OPINA_DE_BOCA_0_UNIVERSIDAD_CATOLICA,f07::DAVOO XENEIZE OPINA DE BOCA 0 UNIVERSIDAD CATOLICA::clip_0099,clip_0099,Le encontró la mano al equipo Y había que reconocer Eso también es,le encontró la mano al equipo y había que reconocer eso también es,0.0,0.0,1.0,computed,
f07__DAVOO_XENEIZE_OPINA_DE_BOCA_0_UNIVERSIDAD_CATOLICA,f07::DAVOO XENEIZE OPINA DE BOCA 0 UNIVERSIDAD CATOLICA::clip_0100,clip_0100,Es cierto que boca abajo la gestión de Riquelme presidente es papelón tras papelón.,Cierto que boca abajo la gestión de Riquelme presidente es papelón tras...,0.1341,0.1429,0.8659,computed,
f07__DAVOO_XENEIZE_OPINA_DE_BOCA_0_UNIVERSIDAD_CATOLICA,f07::DAVOO XENEIZE OPINA DE BOCA 0 UNIVERSIDAD CATOLICA::clip_0104,clip_0104,Cosas lógicas. No se puede defender lo indefendible. Porque acaba de quedar a...,"cosas lógicas, no se puede defender lo indefendible, porque acaba de quedar a f***.",0.0267,0.0769,1.0267,computed,
f07__DAVOO_XENEIZE_OPINA_DE_BOCA_0_UNIVERSIDAD_CATOLICA,f07::DAVOO XENEIZE OPINA DE BOCA 0 UNIVERSIDAD CATOLICA::clip_0105,clip_0105,forman fase grupo de la copa libertadora y local contra universidad católica es un papelón,foran pase grupo la copa libertadora y local contra universidad católica es un papelón,0.0556,0.2,0.9556,computed,
f07__DAVOO_XENEIZE_OPINA_DE_BOCA_0_UNIVERSIDAD_CATOLICA,f07::DAVOO XENEIZE OPINA DE BOCA 0 UNIVERSIDAD CATOLICA::clip_0106,clip_0106,"gigantesco, es un papelón indefendible, no hay argumento para creer que estas",gigantesco es un papelón indefendible no hay argumento para creer que esta,0.0133,0.0833,0.9867,computed,
f07__DAVOO_XENEIZE_OPINA_DE_BOCA_0_UNIVERSIDAD_CATOLICA,f07::DAVOO XENEIZE OPINA DE BOCA 0 UNIVERSIDAD CATOLICA::clip_0107,clip_0107,gestión deportiva de esta dirigencia.,gestión deportiva de esta dirigencia,0.0,0.0,1.0,computed,
f07__DAVOO_XENEIZE_OPINA_DE_BOCA_0_UNIVERSIDAD_CATOLICA,f07::DAVOO XENEIZE OPINA DE BOCA 0 UNIVERSIDAD CATOLICA::clip_0109,clip_0109,Es acumulativo. ¿Ustedes se creen que yo voy a matar a un dirigente por un año?,Es acumulativo. ¿O ustedes se creen que yo voy a matar a un dirigente por un año más?,0.0789,0.125,1.0789,computed,
f07__DAVOO_XENEIZE_OPINA_DE_BOCA_0_UNIVERSIDAD_CATOLICA,f07::DAVOO XENEIZE OPINA DE BOCA 0 UNIVERSIDAD CATOLICA::clip_0110,clip_0110,"malo. Lamentablemente la derrota de Boca hoy, la eliminación de Boca hoy...","Lamentablemente, la derrota de Boca Hoy, la eliminación de Boca Hoy...",0.0714,0.0833,0.9286,computed,
f07__DAVOO_XENEIZE_OPINA_DE_BOCA_0_UNIVERSIDAD_CATOLICA,f07::DAVOO XENEIZE OPINA DE BOCA 0 UNIVERSIDAD CATOLICA::clip_0111,clip_0111,libertadores es lo que se merece boca por lo que mostró en este semestre,Libertadores es lo que se merece Boca por lo que mostró en este semestre.,0.0,0.0,1.0,computed,
f07__DAVOO_XENEIZE_OPINA_DE_BOCA_0_UNIVERSIDAD_CATOLICA,f07::DAVOO XENEIZE OPINA DE BOCA 0 UNIVERSIDAD CATOLICA::clip_0112,clip_0112,Por lo que mostró unos partidos importantes de dirigentes que son...,Por lo que mostró unos partidos importantes de dirigentes que son...,0.0,0.0,1.0,computed,
f07__DAVOO_XENEIZE_OPINA_DE_BOCA_0_UNIVERSIDAD_CATOLICA,f07::DAVOO XENEIZE OPINA DE BOCA 0 UNIVERSIDAD CATOLICA::clip_0113,clip_0113,capaces de jugadores que en momentos puntuales son estúpidos.,incapaces desde jugadores que en momentos puntuales son estúpidos porque,0.2,0.3333,1.2,computed,
f07__DAVOO_XENEIZE_OPINA_DE_BOCA_0_UNIVERSIDAD_CATOLICA,f07::DAVOO XENEIZE OPINA DE BOCA 0 UNIVERSIDAD CATOLICA::clip_0114,clip_0114,Estoy hasta las pelotas de que Boca queda fuera con uno menos en cada partido de Copa Libertadores.,Estudia hasta las pelotas de que Boca queda afuera con uno menos en cada partido de Copa Libertadores. Y el entrenador que la...,0.2857,0.3889,1.2653,computed,
f07__DAVOO_XENEIZE_OPINA_DE_BOCA_0_UNIVERSIDAD_CATOLICA,f07::DAVOO XENEIZE OPINA DE BOCA 0 UNIVERSIDAD CATOLICA::clip_0116,clip_0116,Voy a decir a UVA. Es fin de ciclo. Ahora se va a ir. Pero...,"voy a decir a Uwea. Es fin de ciclo, ahora se va a ir, pero...",0.0364,0.0667,1.0182,computed,
f07__DAVOO_XENEIZE_OPINA_DE_BOCA_0_UNIVERSIDAD_CATOLICA,f07::DAVOO XENEIZE OPINA DE BOCA 0 UNIVERSIDAD CATOLICA::clip_0117,clip_0117,"Pero al fin y al cabo, también hay que ponerle a V a Riquelme. ¿Cómo les digo?","Pero al fin y al cabo, también el que lo pone a V es a Riquelme. Como les digo, tengo muy...",0.2973,0.4118,1.1622,computed,
f07__DAVOO_XENEIZE_OPINA_DE_BOCA_0_UNIVERSIDAD_CATOLICA,f07::DAVOO XENEIZE OPINA DE BOCA 0 UNIVERSIDAD CATOLICA::clip_0118,clip_0118,"Muchas cosas por decir. El partido de hoy, de los jugadores, de entender que...","Muchas cosas por decir del partido de hoy, de los jugadores, de entender que...",0.0137,0.0714,1.0137,computed,
f07__DAVOO_XENEIZE_OPINA_DE_BOCA_0_UNIVERSIDAD_CATOLICA,f07::DAVOO XENEIZE OPINA DE BOCA 0 UNIVERSIDAD CATOLICA::clip_0120,clip_0120,por el hincha de Boca. Yo hablo por mí.,"por el hincha de boca, yo hablo por mí.",0.0,0.0,1.0,computed,
f07__DAVOO_XENEIZE_OPINA_DE_BOCA_0_UNIVERSIDAD_CATOLICA,f07::DAVOO XENEIZE OPINA DE BOCA 0 UNIVERSIDAD CATOLICA::clip_0121,clip_0121,"Seguramente muchos hinchabocas no van a coincidir conmigo, pero para mí...",Seguramente muchos hinchas de boca no van a coincidir conmigo. Pero para mí...,0.0857,0.2727,1.0571,computed,
f07__DAVOO_XENEIZE_OPINA_DE_BOCA_0_UNIVERSIDAD_CATOLICA,f07::DAVOO XENEIZE OPINA DE BOCA 0 UNIVERSIDAD CATOLICA::clip_0122,clip_0122,que asumió Riquelme como presidente,que asumió Riquelme como presidente,0.0,0.0,1.0,computed,
f07__DAVOO_XENEIZE_OPINA_DE_BOCA_0_UNIVERSIDAD_CATOLICA,f07::DAVOO XENEIZE OPINA DE BOCA 0 UNIVERSIDAD CATOLICA::clip_0124,clip_0124,Niños malos. Fueron niños malos.,"Niños malos, fueron años malos.",0.0667,0.2,0.9667,computed,
f07__DAVOO_XENEIZE_OPINA_DE_BOCA_0_UNIVERSIDAD_CATOLICA,f07::DAVOO XENEIZE OPINA DE BOCA 0 UNIVERSIDAD CATOLICA::clip_0125,clip_0125,"Para mí no hay justificación que valga, porque hace 10 años puteábamos porque...",Para mí no hay justificación que valga. Porque hace 10 años puteábamos porque...,0.0,0.0,1.0,computed,
f07__DAVOO_XENEIZE_OPINA_DE_BOCA_0_UNIVERSIDAD_CATOLICA,f07::DAVOO XENEIZE OPINA DE BOCA 0 UNIVERSIDAD CATOLICA::clip_0127,clip_0127,la primera etapa de la dirigencia.,la primera etapa de la dirigencia,0.0,0.0,1.0,computed,
f07__DAVOO_XENEIZE_OPINA_DE_BOCA_0_UNIVERSIDAD_CATOLICA,f07::DAVOO XENEIZE OPINA DE BOCA 0 UNIVERSIDAD CATOLICA::clip_0128,clip_0128,¿Por qué la suma en 2019 en diciembre?,Porque él asume en 2019 en diciembre.,0.1667,0.5,1.0,computed,
f07__DAVOO_XENEIZE_OPINA_DE_BOCA_0_UNIVERSIDAD_CATOLICA,f07::DAVOO XENEIZE OPINA DE BOCA 0 UNIVERSIDAD CATOLICA::clip_0129,clip_0129,"2023, fueron cuatro años, donde Boca ganóse el título, donde jugó las cuatro...","20-2023, fueron cuatro años, donde Boca ganó seis títulos, donde jugó las cuatro.",0.1096,0.3077,1.0548,computed,
f07__DAVOO_XENEIZE_OPINA_DE_BOCA_0_UNIVERSIDAD_CATOLICA,f07::DAVOO XENEIZE OPINA DE BOCA 0 UNIVERSIDAD CATOLICA::clip_0131,clip_0131,Boca tenía otra vara. Boca en 2022 ganó la Copa de la Liga. Ganó la Liga. Ganó los dos.,Boca tenía otra vara. Boca en 2022 ganó la Copa de la Liga. Ganó la Liga.,0.1566,0.1579,0.8434,computed,
f07__DAVOO_XENEIZE_OPINA_DE_BOCA_0_UNIVERSIDAD_CATOLICA,f07::DAVOO XENEIZE OPINA DE BOCA 0 UNIVERSIDAD CATOLICA::clip_0134,clip_0134,"esta misma dirigencia, creo que esta misma dirigencia se bajó la vara, porque","esta misma dirigencia, creo que esta misma dirigencia se bajó la vara, porque",0.0,0.0,1.0,computed,
f07__DAVOO_XENEIZE_OPINA_DE_BOCA_0_UNIVERSIDAD_CATOLICA,f07::DAVOO XENEIZE OPINA DE BOCA 0 UNIVERSIDAD CATOLICA::clip_0135,clip_0135,"Cuatro años después, Boca no sale campeón de fútbol argentino hace cuatro años.","Cuatro años después, Boca no sale campeón de fútbol argentino hace cuatro años. Estuvo dos años.",0.2078,0.2308,1.2078,computed,
f07__DAVOO_XENEIZE_OPINA_DE_BOCA_0_UNIVERSIDAD_CATOLICA,f07::DAVOO XENEIZE OPINA DE BOCA 0 UNIVERSIDAD CATOLICA::clip_0136,clip_0136,Nos seguimos sin jugar la Copa Libertadores Ahora que ya fueran pasos,No se vio sin jugar a la Copa Libertadores Ahora que después eran pases,0.2174,0.5833,1.029,computed,
f07__DAVOO_XENEIZE_OPINA_DE_BOCA_0_UNIVERSIDAD_CATOLICA,f07::DAVOO XENEIZE OPINA DE BOCA 0 UNIVERSIDAD CATOLICA::clip_0137,clip_0137,grupo se hace el papelón más grande de Boca en la libertad ahora de los últimos 30 años después de la del año pasado. Un...,Grupo que se hace el papelón más grande de Boca en la Libertad de los últimos 30 años después de la de año pasado.,0.1176,0.16,0.9496,computed,
f07__DAVOO_XENEIZE_OPINA_DE_BOCA_0_UNIVERSIDAD_CATOLICA,f07::DAVOO XENEIZE OPINA DE BOCA 0 UNIVERSIDAD CATOLICA::clip_0138,clip_0138,Boca quedó afuera de local no sé cuántas veces en el último año y medio,"Boca quedó afuera de local, no sé cuántas veces en el último año y medio.",0.0,0.0,1.0,computed,
f07__DAVOO_XENEIZE_OPINA_DE_BOCA_0_UNIVERSIDAD_CATOLICA,f07::DAVOO XENEIZE OPINA DE BOCA 0 UNIVERSIDAD CATOLICA::clip_0139,clip_0139,¿Por qué quedó afuera en la bombonera? Contra Jensen.,Porque aquí va afuera en la bombonera. Contra ya el...,0.24,0.5556,1.0,computed,
f07__DAVOO_XENEIZE_OPINA_DE_BOCA_0_UNIVERSIDAD_CATOLICA,f07::DAVOO XENEIZE OPINA DE BOCA 0 UNIVERSIDAD CATOLICA::clip_0140,clip_0140,Lima en dos mil veinticinco. Contra Independiente en dos mil veinticinco. Contra Racino en dos mil veinticinco.,"Lima en 2025, contra Independiente en 2025, contra Racing en 2025, contra",0.5093,0.5882,0.6481,computed,
f07__DAVOO_XENEIZE_OPINA_DE_BOCA_0_UNIVERSIDAD_CATOLICA,f07::DAVOO XENEIZE OPINA DE BOCA 0 UNIVERSIDAD CATOLICA::clip_0141,clip_0141,"Huracán en 2026, contra Universidad Católica en 2026. Cinco eliminaciones locales.","Huracán en 2026, contra Universidad Católica en 2026, 5 eliminaciones locales.",0.0633,0.0909,0.9494,computed,
f07__DAVOO_XENEIZE_OPINA_DE_BOCA_0_UNIVERSIDAD_CATOLICA,f07::DAVOO XENEIZE OPINA DE BOCA 0 UNIVERSIDAD CATOLICA::clip_0144,clip_0144,"para creer que hay algo en la cual uno puede pensar, bueno, igual puede zafar...","para creer que hay algo en la cual uno puede pensar, bueno, igual puede desafar.",0.04,0.0667,1.0267,computed,
f07__DAVOO_XENEIZE_OPINA_DE_BOCA_0_UNIVERSIDAD_CATOLICA,f07::DAVOO XENEIZE OPINA DE BOCA 0 UNIVERSIDAD CATOLICA::clip_0145,clip_0145,"No, no, no, porque Boca no sale campeón de fútbol argentino, porque Boca no compite internacionalmente. Boca no se...","No, no, no, porque Boca no sale campeón de fútbol argentino, porque Boca no compite internacionalmente. Boca no se...",0.0,0.0,1.0,computed,
f07__DAVOO_XENEIZE_OPINA_DE_BOCA_0_UNIVERSIDAD_CATOLICA,f07::DAVOO XENEIZE OPINA DE BOCA 0 UNIVERSIDAD CATOLICA::clip_0146,clip_0146,Voy a acostumbrar a esto. Esto es lo más doloroso también.,Voy a acostumbrar a esto. Esto es lo más doloroso también.,0.0,0.0,1.0,computed,
f07__DAVOO_XENEIZE_OPINA_DE_BOCA_0_UNIVERSIDAD_CATOLICA,f07::DAVOO XENEIZE OPINA DE BOCA 0 UNIVERSIDAD CATOLICA::clip_0147,clip_0147,Esto es lo más doloroso también. Si nos basamos en lo que es la realidad y nos basamos en lo que es la actualidad...,Esto es lo más doloroso también Si nos basamos en lo que es la realidad y nos basamos en lo que es la actualidad,0.0,0.0,1.0,computed,
f07__DAVOO_XENEIZE_OPINA_DE_BOCA_0_UNIVERSIDAD_CATOLICA,f07::DAVOO XENEIZE OPINA DE BOCA 0 UNIVERSIDAD CATOLICA::clip_0148,clip_0148,un equipo que hoy no está ni siquiera,un equipo que hoy no está ni siquiera,0.0,0.0,1.0,computed,
f07__DAVOO_XENEIZE_OPINA_DE_BOCA_0_UNIVERSIDAD_CATOLICA,f07::DAVOO XENEIZE OPINA DE BOCA 0 UNIVERSIDAD CATOLICA::clip_0149,clip_0149,"para competir en lo básico de la Copa Libertadores, creo que la vara ha bajado mucho.",para competir en lo básico de la Copa Libertadores. Creo que la vara ha bajado muy bien.,0.0723,0.125,1.0361,computed,
f07__DAVOO_XENEIZE_OPINA_DE_BOCA_0_UNIVERSIDAD_CATOLICA,f07::DAVOO XENEIZE OPINA DE BOCA 0 UNIVERSIDAD CATOLICA::clip_0150,clip_0150,el conformismo puertas adentro también porque me duele,el conformismo puertas adentro también porque me duele,0.0,0.0,1.0,computed,
f07__DAVOO_XENEIZE_OPINA_DE_BOCA_0_UNIVERSIDAD_CATOLICA,f07::DAVOO XENEIZE OPINA DE BOCA 0 UNIVERSIDAD CATOLICA::clip_0151,clip_0151,pero yo no había autocrítica puertas adentro en la realidad creo que ante cualquier crítica guante,pero yo no había autocrítica puertas adentro en la realidad creo que ante cualquier crítica guante,0.0,0.0,1.0,computed,
f07__DAVOO_XENEIZE_OPINA_DE_BOCA_0_UNIVERSIDAD_CATOLICA,f07::DAVOO XENEIZE OPINA DE BOCA 0 UNIVERSIDAD CATOLICA::clip_0152,clip_0152,cualquier comentario que uno crea que se está haciendo mal.,Cualquier comentario que uno crea que se está haciendo mal.,0.0,0.0,1.0,computed,
f07__DAVOO_XENEIZE_OPINA_DE_BOCA_0_UNIVERSIDAD_CATOLICA,f07::DAVOO XENEIZE OPINA DE BOCA 0 UNIVERSIDAD CATOLICA::clip_0153,clip_0153,actualidad de boca automáticamente algunos quieren ponerte en un partido,actualidad de boca automáticamente algunos quieren ponerte en un partido,0.0,0.0,1.0,computed,
f07__DAVOO_XENEIZE_OPINA_DE_BOCA_0_UNIVERSIDAD_CATOLICA,f07::DAVOO XENEIZE OPINA DE BOCA 0 UNIVERSIDAD CATOLICA::clip_0154,clip_0154,"político o en el otro. Y yo no soy, boludo. Yo soy consciente de toda la política.",político o en el otro yo no soy boludo yo soy consciente de toda la política,0.0256,0.0588,0.9744,computed,
f07__DAVOO_XENEIZE_OPINA_DE_BOCA_0_UNIVERSIDAD_CATOLICA,f07::DAVOO XENEIZE OPINA DE BOCA 0 UNIVERSIDAD CATOLICA::clip_0155,clip_0155,la rosca política que hay metido en el mundo Boca. Es una realidad.,la rosca política que hay metido en el mundo boca es una realidad,0.0,0.0,1.0,computed,
f07__DAVOO_XENEIZE_OPINA_DE_BOCA_0_UNIVERSIDAD_CATOLICA,f07::DAVOO XENEIZE OPINA DE BOCA 0 UNIVERSIDAD CATOLICA::clip_0156,clip_0156,"Es cierto eso. De hecho, el año que viene van a haber elecciones.","Es cierto eso, de hecho el año que viene van a haber elecciones y me va a dar muchas rojas.",0.4355,0.5385,1.4355,computed,
f07__DAVOO_XENEIZE_OPINA_DE_BOCA_0_UNIVERSIDAD_CATOLICA,f07::DAVOO XENEIZE OPINA DE BOCA 0 UNIVERSIDAD CATOLICA::clip_0157,clip_0157,"roja política metida. Ahora, en el medio hay un montón de hinchas de boca.",política metida ahora en el medio hay un montón de hinchas de boca,0.0704,0.0714,0.9296,computed,
f07__DAVOO_XENEIZE_OPINA_DE_BOCA_0_UNIVERSIDAD_CATOLICA,f07::DAVOO XENEIZE OPINA DE BOCA 0 UNIVERSIDAD CATOLICA::clip_0158,clip_0158,"medio estoy yo, que soy un hincha de Boca, que analizo la realidad de Boca y la verdad, no entiendo por qué criticar la...",medio estoy yo que soy un hincha de boca y analizo la realidad de boca y la verdad no entiendo por qué criticar la,0.0259,0.0417,0.9828,computed,
f07__DAVOO_XENEIZE_OPINA_DE_BOCA_0_UNIVERSIDAD_CATOLICA,f07::DAVOO XENEIZE OPINA DE BOCA 0 UNIVERSIDAD CATOLICA::clip_0159,clip_0159,actualidad de Boca que para mí es lo más lógico del mundo criticarla porque Boca,actualidad de Boca que para mí es lo más lógico del mundo criticarla porque,0.0625,0.0667,0.9375,computed,
f07__DAVOO_XENEIZE_OPINA_DE_BOCA_0_UNIVERSIDAD_CATOLICA,f07::DAVOO XENEIZE OPINA DE BOCA 0 UNIVERSIDAD CATOLICA::clip_0160,clip_0160,en estos últimos dos años y medio es fracaso tras fracaso automáticamente,en estos últimos dos años y medio es fracaso tras fracaso automáticamente,0.0,0.0,1.0,computed,
f07__DAVOO_XENEIZE_OPINA_DE_BOCA_0_UNIVERSIDAD_CATOLICA,f07::DAVOO XENEIZE OPINA DE BOCA 0 UNIVERSIDAD CATOLICA::clip_0161,clip_0161,"Castilla, ¿eh? Ah, claro, vos porque trabajás para el PRO. Ah, claro, vos porque...",castilla en aclaro porque trabaja para el pro aclaro,0.3056,0.6429,0.7222,computed,
f07__DAVOO_XENEIZE_OPINA_DE_BOCA_0_UNIVERSIDAD_CATOLICA,f07::DAVOO XENEIZE OPINA DE BOCA 0 UNIVERSIDAD CATOLICA::clip_0162,clip_0162,"¿Porque querés? No, maestro. No porque a Angelici también yo lo cagaba a puteadas.","que querés, no maestro, no porque Angelici también yo lo cagaba puteadas.",0.0909,0.2143,0.9091,computed,
f07__DAVOO_XENEIZE_OPINA_DE_BOCA_0_UNIVERSIDAD_CATOLICA,f07::DAVOO XENEIZE OPINA DE BOCA 0 UNIVERSIDAD CATOLICA::clip_0163,clip_0163,Angelici también se lo puteaba. El hincha boca a Angelici lo puteaba. Lo puteaba la boca.,Ancelisi también se lo puteaba. El hincha boca Ancelisi lo puteaba. Me puteé la boca.,0.1279,0.3125,0.9535,computed,
f07__DAVOO_XENEIZE_OPINA_DE_BOCA_0_UNIVERSIDAD_CATOLICA,f07::DAVOO XENEIZE OPINA DE BOCA 0 UNIVERSIDAD CATOLICA::clip_0164,clip_0164,"monedas, se lo putean a las redes sociales, perdieron las elecciones por...","Monera, se lo pusieron a las redes sociales, perdieron las elecciones por...",0.0857,0.1667,1.0143,computed,
f07__DAVOO_XENEIZE_OPINA_DE_BOCA_0_UNIVERSIDAD_CATOLICA,f07::DAVOO XENEIZE OPINA DE BOCA 0 UNIVERSIDAD CATOLICA::clip_0165,clip_0165,Y al salirse del macrismo. A mí me chupa un huevo el macrismo. Yo quiero que Boca sea un equipo competitivo.,"Y al salirse del macrismo, a mí me chupa un huevo el macrismo. Yo quiero que Boca sea un equipo competitivo.",0.0,0.0,1.0,computed,
f07__DAVOO_XENEIZE_OPINA_DE_BOCA_0_UNIVERSIDAD_CATOLICA,f07::DAVOO XENEIZE OPINA DE BOCA 0 UNIVERSIDAD CATOLICA::clip_0166,clip_0166,"Quiero que Boca represente al hincha. Esa es la dirigencia, no la representa.","Quiero que Boca representa al hincha. Cierta dirigencia, no la representa.",0.1081,0.3077,0.9595,computed,
f07__DAVOO_XENEIZE_OPINA_DE_BOCA_0_UNIVERSIDAD_CATOLICA,f07::DAVOO XENEIZE OPINA DE BOCA 0 UNIVERSIDAD CATOLICA::clip_0167,clip_0167,decirlo. Y no por criticar a Riquelme soy menos hincha de boca y no por criticar a Riquelme estoy jugando,"decirlo. Y no por criticar a Riquelme soy menos hincha de boca, y no por criticar a Riquelme estoy jugando",0.0,0.0,1.0,computed,
f07__DAVOO_XENEIZE_OPINA_DE_BOCA_0_UNIVERSIDAD_CATOLICA,f07::DAVOO XENEIZE OPINA DE BOCA 0 UNIVERSIDAD CATOLICA::clip_0168,clip_0168,"políticamente para tal, porque ese tal, el día de mañana, va a estar en la política.","Políticamente para tal, porque ese tal, el día de mañana, va a estar en la política.",0.0,0.0,1.0,computed,
f07__DAVOO_XENEIZE_OPINA_DE_BOCA_0_UNIVERSIDAD_CATOLICA,f07::DAVOO XENEIZE OPINA DE BOCA 0 UNIVERSIDAD CATOLICA::clip_0169,clip_0169,"política de boca y hace las cosas mal, también lo voy a criticar yo hablo como","política de boca y hace las cosas mal, también lo voy a criticar, yo hablo como...",0.0,0.0,1.0,computed,
f07__DAVOO_XENEIZE_OPINA_DE_BOCA_0_UNIVERSIDAD_CATOLICA,f07::DAVOO XENEIZE OPINA DE BOCA 0 UNIVERSIDAD CATOLICA::clip_0170,clip_0170,"hincha de boca. Y lo digo porque ya sé lo que va a pasar. No, Dabo dice esto por eso.","Y lo digo porque ya sé lo que va a pasar. No, Davos dice esto por eso.",0.2099,0.2,0.8272,computed,
f07__DAVOO_XENEIZE_OPINA_DE_BOCA_0_UNIVERSIDAD_CATOLICA,f07::DAVOO XENEIZE OPINA DE BOCA 0 UNIVERSIDAD CATOLICA::clip_0172,clip_0172,"Como hincha de boca, no tolero ver a Boca quedarse afuera en pase.","Boca como hincha de Boca, no tolero ver a Boca quedarse afuera en fase grupo.",0.1875,0.2308,1.1719,computed,
f07__DAVOO_XENEIZE_OPINA_DE_BOCA_0_UNIVERSIDAD_CATOLICA,f07::DAVOO XENEIZE OPINA DE BOCA 0 UNIVERSIDAD CATOLICA::clip_0173,clip_0173,"Copa Libertadores. Mucha gente no lo va a entender porque, reitero, es todo...","Copa Libertadores. Mucha gente lo va a entender porque reitero, es todo",0.0417,0.0769,0.9583,computed,
f07__DAVOO_XENEIZE_OPINA_DE_BOCA_0_UNIVERSIDAD_CATOLICA,f07::DAVOO XENEIZE OPINA DE BOCA 0 UNIVERSIDAD CATOLICA::clip_0174,clip_0174,ahora como hincha de boca si me deja analizar la actualidad,"Ahora, como hincha de boca, si me dejan analizar la actualidad del...",0.0847,0.1818,1.0847,computed,
f07__DAVOO_XENEIZE_OPINA_DE_BOCA_0_UNIVERSIDAD_CATOLICA,f07::DAVOO XENEIZE OPINA DE BOCA 0 UNIVERSIDAD CATOLICA::clip_0175,clip_0175,no pudo tolerar como hincha de boca la cantidad de fracasos transformados,"club, no pudo tolerar como hincha de boca la cantidad de fracasos tras...",0.1918,0.1667,0.9452,computed,
f07__DAVOO_XENEIZE_OPINA_DE_BOCA_0_UNIVERSIDAD_CATOLICA,f07::DAVOO XENEIZE OPINA DE BOCA 0 UNIVERSIDAD CATOLICA::clip_0176,clip_0176,"que está sintiendo, que estoy sintiendo yo como hincha.",fracaso que estoy sintiendo yo como hincha.,0.3019,0.3333,0.7925,computed,
f07__DAVOO_XENEIZE_OPINA_DE_BOCA_0_UNIVERSIDAD_CATOLICA,f07::DAVOO XENEIZE OPINA DE BOCA 0 UNIVERSIDAD CATOLICA::clip_0177,clip_0177,Me refiero a un análisis de la actualidad de Boca.,Me refiero a un análisis de la actualidad de Boca.,0.0,0.0,1.0,computed,
f07__DAVOO_XENEIZE_OPINA_DE_BOCA_0_UNIVERSIDAD_CATOLICA,f07::DAVOO XENEIZE OPINA DE BOCA 0 UNIVERSIDAD CATOLICA::clip_0178,clip_0178,"Boca pierda 40 partidos seguidos. Nada, le va a cambiar la infasión por Boca. Me chupa.",Boca pierda 40 partidos seguidos. Nada va a cambiar mi pasión por Boca. Me chupa.,0.0964,0.1875,0.9398,computed,
f07__DAVOO_XENEIZE_OPINA_DE_BOCA_0_UNIVERSIDAD_CATOLICA,f07::DAVOO XENEIZE OPINA DE BOCA 0 UNIVERSIDAD CATOLICA::clip_0179,clip_0179,"huevo, eso es hincha boca, si",Seguimos a ver el video.,0.8519,1.0,0.8519,computed,
f07__DAVOO_XENEIZE_OPINA_DE_BOCA_0_UNIVERSIDAD_CATOLICA,f07::DAVOO XENEIZE OPINA DE BOCA 0 UNIVERSIDAD CATOLICA::clip_0180,clip_0180,"importar, gano o pierda, sin importar, nada de lo que pase, pero sí, sí tengo que",gano pierdas sin importar nada de lo que pase pero sí sí tengo que,0.1579,0.1875,0.8684,computed,
f07__DAVOO_XENEIZE_OPINA_DE_BOCA_0_UNIVERSIDAD_CATOLICA,f07::DAVOO XENEIZE OPINA DE BOCA 0 UNIVERSIDAD CATOLICA::clip_0181,clip_0181,"analizar y tengo que dar una opinión de la actualidad de Boca, me duele mucho.",y tengo que dar una opinión de la actualidad de boca no duele mucho,0.1447,0.1333,0.8816,computed,
f07__DAVOO_XENEIZE_OPINA_DE_BOCA_0_UNIVERSIDAD_CATOLICA,f07::DAVOO XENEIZE OPINA DE BOCA 0 UNIVERSIDAD CATOLICA::clip_0182,clip_0182,"decirlo, pero creo que en estos dos años y medio, puertas adentro del club, o sea,",pero pero creo que en estos dos años y medio puertas adentro del club,0.1282,0.1875,0.8846,computed,
f07__DAVOO_XENEIZE_OPINA_DE_BOCA_0_UNIVERSIDAD_CATOLICA,f07::DAVOO XENEIZE OPINA DE BOCA 0 UNIVERSIDAD CATOLICA::clip_0183,clip_0183,"ha demostrado que no han estado a la altura de las circunstancias, y yo no sé si",demostrado que no han estado a la altura las circunstancias y yo no sé si,0.0759,0.1176,0.9241,computed,
f07__DAVOO_XENEIZE_OPINA_DE_BOCA_0_UNIVERSIDAD_CATOLICA,f07::DAVOO XENEIZE OPINA DE BOCA 0 UNIVERSIDAD CATOLICA::clip_0184,clip_0184,"sinceramente, puertas adentro del club, ¿esto se piensa o se analiza?","sinceramente, puertas adentro del club, esto se piensa o se analiza.",0.0,0.0,1.0,computed,
f07__DAVOO_XENEIZE_OPINA_DE_BOCA_0_UNIVERSIDAD_CATOLICA,f07::DAVOO XENEIZE OPINA DE BOCA 0 UNIVERSIDAD CATOLICA::clip_0185,clip_0185,lo que más me duele es eso también el hecho de creer que no se sabe cuál es el pro,lo que más me duele es eso también el hecho de creer que no se sabe cuál es el,0.0488,0.05,0.9512,computed,
f07__DAVOO_XENEIZE_OPINA_DE_BOCA_0_UNIVERSIDAD_CATOLICA,f07::DAVOO XENEIZE OPINA DE BOCA 0 UNIVERSIDAD CATOLICA::clip_0187,clip_0187,"Capaz estoy dramatizando muchísimo, capaz estoy exagerando para algunos.","Capaz estoy dramatizando muchísimo, capaz estoy exagerando para algunos.",0.0,0.0,1.0,computed,
f07__DAVOO_XENEIZE_OPINA_DE_BOCA_0_UNIVERSIDAD_CATOLICA,f07::DAVOO XENEIZE OPINA DE BOCA 0 UNIVERSIDAD CATOLICA::clip_0188,clip_0188,Pero para mí es muy duro que Boca en 2024 no juegue la Copa Libertadores.,Pero para mí es muy duro que Boca en 2024 no juegue la Copa Libertadores.,0.0,0.0,1.0,computed,
f07__DAVOO_XENEIZE_OPINA_DE_BOCA_0_UNIVERSIDAD_CATOLICA,f07::DAVOO XENEIZE OPINA DE BOCA 0 UNIVERSIDAD CATOLICA::clip_0189,clip_0189,que fueran los playoffs y en el 2016 que fueran pases de grupos.,25 que ya fueran los playoffs y en el 2016 que ya fueran pase de grupos.,0.1587,0.3077,1.127,computed,
f07__DAVOO_XENEIZE_OPINA_DE_BOCA_0_UNIVERSIDAD_CATOLICA,f07::DAVOO XENEIZE OPINA DE BOCA 0 UNIVERSIDAD CATOLICA::clip_0190,clip_0190,Es muy duro porque pierde prestigio y porque no es lo que la historia evoca.,Es muy duro porque pierde prestigio y porque no es lo que la historia de Boca...,0.04,0.1333,1.0267,computed,
f07__DAVOO_XENEIZE_OPINA_DE_BOCA_0_UNIVERSIDAD_CATOLICA,f07::DAVOO XENEIZE OPINA DE BOCA 0 UNIVERSIDAD CATOLICA::clip_0191,clip_0191,demanda. Boca tiene que ser campeón del fútbol argentino y llegar lejos en Copa Libertadores.,demanda. Boca tiene que ser campeón del fútbol argentino y llegar lejos en Copa Libertadores.,0.0,0.0,1.0,computed,
f07__DAVOO_XENEIZE_OPINA_DE_BOCA_0_UNIVERSIDAD_CATOLICA,f07::DAVOO XENEIZE OPINA DE BOCA 0 UNIVERSIDAD CATOLICA::clip_0192,clip_0192,"Y hasta no ganar la copa, nunca vas a dejar a la hincha conforme. Pasó de eso a...","Y hasta no vas a dar la copa, nunca vas a dejar a la hincha conforme. Pasó de eso a no se...",0.1558,0.2778,1.1299,computed,
f07__DAVOO_XENEIZE_OPINA_DE_BOCA_0_UNIVERSIDAD_CATOLICA,f07::DAVOO XENEIZE OPINA DE BOCA 0 UNIVERSIDAD CATOLICA::clip_0193,clip_0193,"ser campeón del fútbol argentino, en un fútbol argentino en el cual vivimos",ser campeón del fútbol argentino en un fútbol argentino en el cual vivimos,0.0,0.0,1.0,computed,
f07__DAVOO_XENEIZE_OPINA_DE_BOCA_0_UNIVERSIDAD_CATOLICA,f07::DAVOO XENEIZE OPINA DE BOCA 0 UNIVERSIDAD CATOLICA::clip_0194,clip_0194,"diciendo que nivela para abajo, que antes era más difícil y demás cosas.","diciendo que nivela para abajo, que antes era más difícil y demás cosas.",0.0,0.0,1.0,computed,
f07__DAVOO_XENEIZE_OPINA_DE_BOCA_0_UNIVERSIDAD_CATOLICA,f07::DAVOO XENEIZE OPINA DE BOCA 0 UNIVERSIDAD CATOLICA::clip_0195,clip_0195,si Boca no puede salir campeón y tampoco compite internacionalmente,si Boca no puede salir campeón y tampoco compite internacionalmente,0.0,0.0,1.0,computed,
f07__DAVOO_XENEIZE_OPINA_DE_BOCA_0_UNIVERSIDAD_CATOLICA,f07::DAVOO XENEIZE OPINA DE BOCA 0 UNIVERSIDAD CATOLICA::clip_0196,clip_0196,"Ahora le queda la clausura, hasta fin de año no sabes para quién está.",Ahora le queda el clausura. Hasta fin de año no sabés para quién está.,0.0441,0.1429,1.0,computed,
f07__DAVOO_XENEIZE_OPINA_DE_BOCA_0_UNIVERSIDAD_CATOLICA,f07::DAVOO XENEIZE OPINA DE BOCA 0 UNIVERSIDAD CATOLICA::clip_0197,clip_0197,"puede ganar cualquiera. Ahora le queda también la sudamericana, queda lejos.","puede ganar cualquiera, ahora le queda también la sudamericana, queda lejos.",0.0,0.0,1.0,computed,
f07__DAVOO_XENEIZE_OPINA_DE_BOCA_0_UNIVERSIDAD_CATOLICA,f07::DAVOO XENEIZE OPINA DE BOCA 0 UNIVERSIDAD CATOLICA::clip_0198,clip_0198,Igual porque después del Mundial. Pero creo que en estos últimos años...,"igual porque después del mundial, pero creo que en estos últimos años...",0.0,0.0,1.0,computed,
f07__DAVOO_XENEIZE_OPINA_DE_BOCA_0_UNIVERSIDAD_CATOLICA,f07::DAVOO XENEIZE OPINA DE BOCA 0 UNIVERSIDAD CATOLICA::clip_0199,clip_0199,"hecho tan mal las cosas, que a Boca ni siquiera le alcanza para competir en",hecho tan mal las cosas que a boca ni siquiera le alcanza para competir en,0.0,0.0,1.0,computed,
f07__DAVOO_XENEIZE_OPINA_DE_BOCA_0_UNIVERSIDAD_CATOLICA,f07::DAVOO XENEIZE OPINA DE BOCA 0 UNIVERSIDAD CATOLICA::clip_0200,clip_0200,Copa Libertadores y para ser campeón del fútbol argentino.,Copa Libertadores y para ser campeón del fútbol argentino.,0.0,0.0,1.0,computed,
f07__DAVOO_XENEIZE_OPINA_DE_BOCA_0_UNIVERSIDAD_CATOLICA,f07::DAVOO XENEIZE OPINA DE BOCA 0 UNIVERSIDAD CATOLICA::clip_0201,clip_0201,"que hubo veranitos donde Boca estuvo bien, pero Boca se está...","Fluminense que hubo veranitos donde Boca estuvo bien, pero Boca se está",0.1864,0.0909,1.1864,computed,
f07__DAVOO_XENEIZE_OPINA_DE_BOCA_0_UNIVERSIDAD_CATOLICA,f07::DAVOO XENEIZE OPINA DE BOCA 0 UNIVERSIDAD CATOLICA::clip_0202,clip_0202,acostumbrando a tener un mes y medio bueno por año.,acostumbrando a tener un mes y medio bueno por año.,0.0,0.0,1.0,computed,
f07__DAVOO_XENEIZE_OPINA_DE_BOCA_0_UNIVERSIDAD_CATOLICA,f07::DAVOO XENEIZE OPINA DE BOCA 0 UNIVERSIDAD CATOLICA::clip_0204,clip_0204,"salir campeón, te chocás la cabeza contra la pared y de vuelta lo mismo.","salí campeón, te chocás la cabeza contra la pared y de vuelta lo mismo.",0.0286,0.0714,0.9857,computed,
f07__DAVOO_XENEIZE_OPINA_DE_BOCA_0_UNIVERSIDAD_CATOLICA,f07::DAVOO XENEIZE OPINA DE BOCA 0 UNIVERSIDAD CATOLICA::clip_0205,clip_0205,"Si uno repasa los últimos años de Boca, en 2024 tuvo dos meses buenos con Mariano.","Si uno repasa los últimos años de Boca, en 2024 tuvo dos meses buenos.",0.15,0.125,0.85,computed,
f07__DAVOO_XENEIZE_OPINA_DE_BOCA_0_UNIVERSIDAD_CATOLICA,f07::DAVOO XENEIZE OPINA DE BOCA 0 UNIVERSIDAD CATOLICA::clip_0206,clip_0206,martínez donde jugó bien le ganó a rasen ganó a san lorenzo le ganó a river muy bien fuera con él,"Martínez, donde jugó bien, donde le ganó a Racing le ganó a San Lorenzo, le ganó a River, muy bien Cuida afuera con este",0.2371,0.2857,1.1959,computed,
f07__DAVOO_XENEIZE_OPINA_DE_BOCA_0_UNIVERSIDAD_CATOLICA,f07::DAVOO XENEIZE OPINA DE BOCA 0 UNIVERSIDAD CATOLICA::clip_0207,clip_0207,"estudiantes, fracaso en Sudamericana, playoffs, no inscriben los refuerzos con...","estudiantes, fracaso en Sudamericana, playoffs, no inscriben los refuerzos con...",0.0,0.0,1.0,computed,
f07__DAVOO_XENEIZE_OPINA_DE_BOCA_0_UNIVERSIDAD_CATOLICA,f07::DAVOO XENEIZE OPINA DE BOCA 0 UNIVERSIDAD CATOLICA::clip_0208,clip_0208,Independiente del Valle. Quedamos hasta el final de octavo con Cruzeiro. En la liga hacemos un papelón.,"Independiente del Valle, quedamos con Cruzero En la liga hacemos un papelón",0.26,0.3529,0.74,computed,
f07__DAVOO_XENEIZE_OPINA_DE_BOCA_0_UNIVERSIDAD_CATOLICA,f07::DAVOO XENEIZE OPINA DE BOCA 0 UNIVERSIDAD CATOLICA::clip_0212,clip_0212,"Fuera con Independiente, todo un desastre En la recta final levantás un poco",Fuera con Independiente Todo un desastre En la recta final Levantás un poco,0.0,0.0,1.0,computed,
f07__DAVOO_XENEIZE_OPINA_DE_BOCA_0_UNIVERSIDAD_CATOLICA,f07::DAVOO XENEIZE OPINA DE BOCA 0 UNIVERSIDAD CATOLICA::clip_0214,clip_0214,"a Tigre, le ganan los octavos a Talleres los cuartos a Argentinos","a Tigre, le ganan los octavos a Talleres los cuartos a Argentinos",0.0,0.0,1.0,computed,
f07__DAVOO_XENEIZE_OPINA_DE_BOCA_0_UNIVERSIDAD_CATOLICA,f07::DAVOO XENEIZE OPINA DE BOCA 0 UNIVERSIDAD CATOLICA::clip_0215,clip_0215,perdí la semicon racing y ahí termina el año cuánto tiempo jugaste bien un mes y medio dos meses,"perdí la semi con Racing y ahí termina el año. ¿Cuánto tiempo jugaste bien? Un mes y medio, dos meses.",0.0104,0.1053,1.0104,computed,
f07__DAVOO_XENEIZE_OPINA_DE_BOCA_0_UNIVERSIDAD_CATOLICA,f07::DAVOO XENEIZE OPINA DE BOCA 0 UNIVERSIDAD CATOLICA::clip_0216,clip_0216,mismo con 2024. Pero clasificaste mañana directo a la Copa Libertadores.,"mismo con 2024, pero clasificaste Mayna directa a la Copa Libertadores.",0.0429,0.1818,0.9857,computed,
f07__DAVOO_XENEIZE_OPINA_DE_BOCA_0_UNIVERSIDAD_CATOLICA,f07::DAVOO XENEIZE OPINA DE BOCA 0 UNIVERSIDAD CATOLICA::clip_0217,clip_0217,"Ahora, fíjate que en los últimos dos años Boca no ganó el clausura, no ganó el...","Ahora, fíjate que en los últimos dos años, Boca no ganó el clausura, no ganó.",0.0395,0.0625,0.9605,computed,
f07__DAVOO_XENEIZE_OPINA_DE_BOCA_0_UNIVERSIDAD_CATOLICA,f07::DAVOO XENEIZE OPINA DE BOCA 0 UNIVERSIDAD CATOLICA::clip_0218,clip_0218,en 2004 la liga o la copa la liga no ganó la copa argentina,apertura o en 2024 la liga o la copa de la liga no ganó la copa argentina,0.2542,0.2857,1.2373,computed,
f07__DAVOO_XENEIZE_OPINA_DE_BOCA_0_UNIVERSIDAD_CATOLICA,f07::DAVOO XENEIZE OPINA DE BOCA 0 UNIVERSIDAD CATOLICA::clip_0221,clip_0221,clasificarse mañana directo a la Copa Libertadores. En este año 96 lo mismo.,clasificarse mañana directa a la Copa Libertadores. En este año 96 lo mismo.,0.0135,0.0769,1.0,computed,
f07__DAVOO_XENEIZE_OPINA_DE_BOCA_0_UNIVERSIDAD_CATOLICA,f07::DAVOO XENEIZE OPINA DE BOCA 0 UNIVERSIDAD CATOLICA::clip_0222,clip_0222,"Lamentablemente va a pasar lo mismo. Arrancó mal, jugando espantoso.","Lamentablemente va a pasar lo mismo. Arrancó mal, jugando espantoso.",0.0,0.0,1.0,computed,
f07__DAVOO_XENEIZE_OPINA_DE_BOCA_0_UNIVERSIDAD_CATOLICA,f07::DAVOO XENEIZE OPINA DE BOCA 0 UNIVERSIDAD CATOLICA::clip_0223,clip_0223,"Partiendo feo en la unidad, partiendo feo en la plata, tuvo una levantada.","perdiendo feo en las unidades, perdiendo feo en la plata, tuvo una levantada.",0.0986,0.3077,1.0423,computed,
f07__DAVOO_XENEIZE_OPINA_DE_BOCA_0_UNIVERSIDAD_CATOLICA,f07::DAVOO XENEIZE OPINA DE BOCA 0 UNIVERSIDAD CATOLICA::clip_0224,clip_0224,"donde jugó bien, donde ganó partidos con la aparición de Aranda, partidos sin","donde jugó bien, donde ganó partidos, con la perdición de Aranda, partidos sin...",0.04,0.0769,1.0,computed,
f07__DAVOO_XENEIZE_OPINA_DE_BOCA_0_UNIVERSIDAD_CATOLICA,f07::DAVOO XENEIZE OPINA DE BOCA 0 UNIVERSIDAD CATOLICA::clip_0225,clip_0225,"importantes, arrancó bien la copa, ganó clásico, se pinchó y así terminas el semestre.","importantes, arrancó bien la copa, ganó clásico, se pinchó y así terminas el semestre.",0.0,0.0,1.0,computed,
f07__DAVOO_XENEIZE_OPINA_DE_BOCA_0_UNIVERSIDAD_CATOLICA,f07::DAVOO XENEIZE OPINA DE BOCA 0 UNIVERSIDAD CATOLICA::clip_0227,clip_0227,"CONUCATÓLICA, FUERA EN PASO GRUPO DE COPA LIBERTADORES, SEIS MESES QUE FALTAN DE LA","con un Católica, fuera en fase del Grupo de Copa Libertadores, seis meses que faltan del año.",0.1605,0.5,1.1111,computed,
f07__DAVOO_XENEIZE_OPINA_DE_BOCA_0_UNIVERSIDAD_CATOLICA,f07::DAVOO XENEIZE OPINA DE BOCA 0 UNIVERSIDAD CATOLICA::clip_0228,clip_0228,...en la cual el hincha de boca ya lo va a...,año en la cual el hincha de boca ya lo,0.2308,0.2727,0.9744,computed,
f07__DAVOO_XENEIZE_OPINA_DE_BOCA_0_UNIVERSIDAD_CATOLICA,f07::DAVOO XENEIZE OPINA DE BOCA 0 UNIVERSIDAD CATOLICA::clip_0229,clip_0229,resignado porque futbolísticamente este plantel no ha demostrado nada,resignado porque futbolísticamente este plantel no ha demostrado nada,0.0,0.0,1.0,computed,
f07__DAVOO_XENEIZE_OPINA_DE_BOCA_0_UNIVERSIDAD_CATOLICA,f07::DAVOO XENEIZE OPINA DE BOCA 0 UNIVERSIDAD CATOLICA::clip_0230,clip_0230,"También obviamente, si bien creo y pienso que el mayor responsable de...","También, obviamente, si bien creo y pienso que el mayor responsable es...",0.0294,0.0833,1.0,computed,
f07__DAVOO_XENEIZE_OPINA_DE_BOCA_0_UNIVERSIDAD_CATOLICA,f07::DAVOO XENEIZE OPINA DE BOCA 0 UNIVERSIDAD CATOLICA::clip_0231,clip_0231,el que él me apoya este presidente y porque es el que decide obviamente,"Riquelme, porque es el presidente y porque es el que decide. Obviamente",0.1831,0.4286,0.9718,computed,
f07__DAVOO_XENEIZE_OPINA_DE_BOCA_0_UNIVERSIDAD_CATOLICA,f07::DAVOO XENEIZE OPINA DE BOCA 0 UNIVERSIDAD CATOLICA::clip_0232,clip_0232,"hay más responsables, que hay cosas que uno no puede predecir. Por ejemplo, yo estoy...","Hay más responsables, que hay cosas que uno no puede predecir. Por ejemplo, yo...",0.0741,0.0667,0.9259,computed,
f07__DAVOO_XENEIZE_OPINA_DE_BOCA_0_UNIVERSIDAD_CATOLICA,f07::DAVOO XENEIZE OPINA DE BOCA 0 UNIVERSIDAD CATOLICA::clip_0234,clip_0234,"la contratación del ruso a Casidara. Me pareció un tipo de jerarquía, un tipo...","La contratación del ruso a Hasidar. Me parecía un tipo de jerarquía, un tipo...",0.0533,0.1429,0.9867,computed,
f07__DAVOO_XENEIZE_OPINA_DE_BOCA_0_UNIVERSIDAD_CATOLICA,f07::DAVOO XENEIZE OPINA DE BOCA 0 UNIVERSIDAD CATOLICA::clip_0236,clip_0236,"Ecuador, en la cuarta fecha en Guayaquil. Es una razón más por la cual hoy quedás a...",En la cuarta fecha en Guayaquil Es una razón más por la cual hoy quedas a,0.1111,0.1176,0.9012,computed,
f07__DAVOO_XENEIZE_OPINA_DE_BOCA_0_UNIVERSIDAD_CATOLICA,f07::DAVOO XENEIZE OPINA DE BOCA 0 UNIVERSIDAD CATOLICA::clip_0238,clip_0238,jugó a Boca con uno menos todo el partido y se perdió los próximos dos partidos.,Juego a Boca con uno menos todo el partido y se perdió los próximos dos partidos.,0.0253,0.0625,1.0127,computed,
f07__DAVOO_XENEIZE_OPINA_DE_BOCA_0_UNIVERSIDAD_CATOLICA,f07::DAVOO XENEIZE OPINA DE BOCA 0 UNIVERSIDAD CATOLICA::clip_0239,clip_0239,se ha aportado acá si verá igual equipo y así te puedo nombrar un montón,ese portavoz que así verá igual equipo. Y así te puedo nombrar un montón,0.1667,0.3333,0.9861,computed,
f07__DAVOO_XENEIZE_OPINA_DE_BOCA_0_UNIVERSIDAD_CATOLICA,f07::DAVOO XENEIZE OPINA DE BOCA 0 UNIVERSIDAD CATOLICA::clip_0240,clip_0240,de pelotudeces que le fueron pasando a Boca en esta fase del grupo de Copa,de pelotudeces que le fueron pasando a boca en esta fase del grupo de Copa Línea.,0.0811,0.0667,1.0811,computed,
f07__DAVOO_XENEIZE_OPINA_DE_BOCA_0_UNIVERSIDAD_CATOLICA,f07::DAVOO XENEIZE OPINA DE BOCA 0 UNIVERSIDAD CATOLICA::clip_0241,clip_0241,"de subestimar algunos partidos, de hacer idioteces, de creerse que ganó algo cuando no lo hizo.","libertadores, de subestimar algunos partidos, de hacer idioteses, de creerse que dan algo cuando no lo hicieron.",0.2283,0.25,1.1739,computed,
f07__DAVOO_XENEIZE_OPINA_DE_BOCA_0_UNIVERSIDAD_CATOLICA,f07::DAVOO XENEIZE OPINA DE BOCA 0 UNIVERSIDAD CATOLICA::clip_0242,clip_0242,hicieron de tener un técnico que la verdad le voy a ser honesto,hicieron de tener un técnico que la verdad le voy a ser honesto,0.0,0.0,1.0,computed,
f07__DAVOO_XENEIZE_OPINA_DE_BOCA_0_UNIVERSIDAD_CATOLICA,f07::DAVOO XENEIZE OPINA DE BOCA 0 UNIVERSIDAD CATOLICA::clip_0243,clip_0243,Vuea se tiene que ir. Pero era fácil sputear a Vuea también. Para mí es manera,Uwea se tiene que ir. Pero era fácil es putear a Uwea también. Para mí es más...,0.1447,0.3125,0.9868,computed,
f07__DAVOO_XENEIZE_OPINA_DE_BOCA_0_UNIVERSIDAD_CATOLICA,f07::DAVOO XENEIZE OPINA DE BOCA 0 UNIVERSIDAD CATOLICA::clip_0244,clip_0244,riquelme y de los jugadores que el entrenador los jugadores porque el momento es importante,Riquelme y de los jugadores que del entrenador los jugadores porque en momentos importantes,0.0549,0.3333,1.0,computed,
f07__DAVOO_XENEIZE_OPINA_DE_BOCA_0_UNIVERSIDAD_CATOLICA,f07::DAVOO XENEIZE OPINA DE BOCA 0 UNIVERSIDAD CATOLICA::clip_0245,clip_0245,"Para mí, en esta Copa Libertadores, tuvieron jugadas en las...",importantes para mí en esta Copa Libertadores tuvieron jugadas en la...,0.2281,0.2,1.193,computed,
f07__DAVOO_XENEIZE_OPINA_DE_BOCA_0_UNIVERSIDAD_CATOLICA,f07::DAVOO XENEIZE OPINA DE BOCA 0 UNIVERSIDAD CATOLICA::clip_0246,clip_0246,"cuales un jugador de Ucancoma Libertad no las tiene que tener. En algunas jugadas puntuales, la estupidez humana...","En algunas jugadas puntuales, la estupidez humana.",0.5636,0.6111,0.4364,computed,
f07__DAVOO_XENEIZE_OPINA_DE_BOCA_0_UNIVERSIDAD_CATOLICA,f07::DAVOO XENEIZE OPINA DE BOCA 0 UNIVERSIDAD CATOLICA::clip_0247,clip_0247,"pudo más. La dirigencia porque no es solamente esto, es lo que viene pasando.","pudo más. La dirigencia porque no es solamente esto, es lo que viene pasando.",0.0,0.0,1.0,computed,
f07__DAVOO_XENEIZE_OPINA_DE_BOCA_0_UNIVERSIDAD_CATOLICA,f07::DAVOO XENEIZE OPINA DE BOCA 0 UNIVERSIDAD CATOLICA::clip_0249,clip_0249,esto. Creo que esta eliminación es una más de las que venimos arrastrando.,Creo que esta eliminación es una más de las que venimos arrastrando.,0.0694,0.0769,0.9306,computed,
f07__DAVOO_XENEIZE_OPINA_DE_BOCA_0_UNIVERSIDAD_CATOLICA,f07::DAVOO XENEIZE OPINA DE BOCA 0 UNIVERSIDAD CATOLICA::clip_0250,clip_0250,"Entonces, da mucha bronca, la verdad. Da mucha bronca. Voy a hablar un poco...","Entonces, da mucha bronca, la verdad. Da mucha bronca. Voy a hablar un poco...",0.0,0.0,1.0,computed,
f07__DAVOO_XENEIZE_OPINA_DE_BOCA_0_UNIVERSIDAD_CATOLICA,f07::DAVOO XENEIZE OPINA DE BOCA 0 UNIVERSIDAD CATOLICA::clip_0251,clip_0251,partido de hoy. Poca bugatólica.,partido de hoy poco católica,0.1333,0.4,0.9333,computed,
f07__DAVOO_XENEIZE_OPINA_DE_BOCA_0_UNIVERSIDAD_CATOLICA,f07::DAVOO XENEIZE OPINA DE BOCA 0 UNIVERSIDAD CATOLICA::clip_0252,clip_0252,"Boca necesitaba la victoria, necesitaba ganar sí o sí para clasificarse.","Boca necesitaba la victoria, necesitaba ganar sí o sí para clasificarse.",0.0,0.0,1.0,computed,
f07__DAVOO_XENEIZE_OPINA_DE_BOCA_0_UNIVERSIDAD_CATOLICA,f07::DAVOO XENEIZE OPINA DE BOCA 0 UNIVERSIDAD CATOLICA::clip_0253,clip_0253,"la previa había optimismo, en la previa por lo menos había buenas vibras, yo fui","En la previa había optimismo, en la previa por lo menos había buenas vibras.",0.1282,0.2,0.9487,computed,
f07__DAVOO_XENEIZE_OPINA_DE_BOCA_0_UNIVERSIDAD_CATOLICA,f07::DAVOO XENEIZE OPINA DE BOCA 0 UNIVERSIDAD CATOLICA::clip_0254,clip_0254,"pensando que Boca hoy iba a ganar, por un",pensando que Boca hoy iba a ganar por un...,0.0,0.0,1.0,computed,
f07__DAVOO_XENEIZE_OPINA_DE_BOCA_0_UNIVERSIDAD_CATOLICA,f07::DAVOO XENEIZE OPINA DE BOCA 0 UNIVERSIDAD CATOLICA::clip_0255,clip_0255,"El tema de que Boca en esta fase de Grupo Copa Libertadores, en la vida ha ganado Católica.",El tema de que Boca en esta fase de Grupo de Copa Libertadores en la vida ha ganado Católica.,0.0337,0.0556,1.0337,computed,
f07__DAVOO_XENEIZE_OPINA_DE_BOCA_0_UNIVERSIDAD_CATOLICA,f07::DAVOO XENEIZE OPINA DE BOCA 0 UNIVERSIDAD CATOLICA::clip_0256,clip_0256,"Chile, para mí, jugando mejor y siendo superior. Volvió a Barcelona a la mamonera.","Chile para mí jugando mejor y siendo superior, volvió a Barcelona la mamonera",0.0256,0.0714,0.9744,computed,
f07__DAVOO_XENEIZE_OPINA_DE_BOCA_0_UNIVERSIDAD_CATOLICA,f07::DAVOO XENEIZE OPINA DE BOCA 0 UNIVERSIDAD CATOLICA::clip_0258,clip_0258,"Corzontes, faltando 10 minutos, con un jugador menos, errores de UVA en los casos.","Horizontes, faltando 10 minutos, con un jugador menos, errores de UVA en los casos.",0.0256,0.0714,1.0128,computed,
f07__DAVOO_XENEIZE_OPINA_DE_BOCA_0_UNIVERSIDAD_CATOLICA,f07::DAVOO XENEIZE OPINA DE BOCA 0 UNIVERSIDAD CATOLICA::clip_0259,clip_0259,Era como una derrota entendible. Perdió con Barcelona en Guadalajara.,era como una derrota entendible perdió con barcelona,0.2239,0.2,0.7761,computed,
f07__DAVOO_XENEIZE_OPINA_DE_BOCA_0_UNIVERSIDAD_CATOLICA,f07::DAVOO XENEIZE OPINA DE BOCA 0 UNIVERSIDAD CATOLICA::clip_0260,clip_0260,"a Shaquille, una derrota muy dura y para mí papelonesca, y bueno, su novela","a Shaquille, una derrota muy dura y para mí papelonesca, y bueno, uno ve la",0.0556,0.2143,1.0,computed,
f07__DAVOO_XENEIZE_OPINA_DE_BOCA_0_UNIVERSIDAD_CATOLICA,f07::DAVOO XENEIZE OPINA DE BOCA 0 UNIVERSIDAD CATOLICA::clip_0261,clip_0261,"La BX Barcelona tiene tres puntos, así que esta derrota, la verdad...","La verdad es que Barcelona tiene 3 puntos, así que esta derrota la verdad que...",0.3281,0.4167,1.1875,computed,
f07__DAVOO_XENEIZE_OPINA_DE_BOCA_0_UNIVERSIDAD_CATOLICA,f07::DAVOO XENEIZE OPINA DE BOCA 0 UNIVERSIDAD CATOLICA::clip_0262,clip_0262,Que rompe mucho las pelotas Pero un partido en el cual En el primer tiempo no hice,Que rompe mucho las pelotas Pero un partido en el cual Primer tiempo no hice,0.0732,0.1176,0.9268,computed,
f07__DAVOO_XENEIZE_OPINA_DE_BOCA_0_UNIVERSIDAD_CATOLICA,f07::DAVOO XENEIZE OPINA DE BOCA 0 UNIVERSIDAD CATOLICA::clip_0263,clip_0263,"Pudo jugar por el campo de juego, pero Boca tuvo chances claras.","Pudo jugar por el campo de juego, pero Boca tuvo chances claras.",0.0,0.0,1.0,computed,
f07__DAVOO_XENEIZE_OPINA_DE_BOCA_0_UNIVERSIDAD_CATOLICA,f07::DAVOO XENEIZE OPINA DE BOCA 0 UNIVERSIDAD CATOLICA::clip_0265,clip_0265,"Para mí, en los primeros 15, 20 minutos lo pasó por arriba, arrancó ganando.","Para mí, en los primeros 15-20 minutos lo pasó por arriba, arrancó ganando.",0.0,0.0,1.0,computed,
f07__DAVOO_XENEIZE_OPINA_DE_BOCA_0_UNIVERSIDAD_CATOLICA,f07::DAVOO XENEIZE OPINA DE BOCA 0 UNIVERSIDAD CATOLICA::clip_0266,clip_0266,"tuvo muchísimas jugadas claras y después, bueno, lo empataron.","Tuvo muchísimas jugadas claras. Y después, bueno, lo empataron.",0.0,0.0,1.0,computed,
f07__DAVOO_XENEIZE_OPINA_DE_BOCA_0_UNIVERSIDAD_CATOLICA,f07::DAVOO XENEIZE OPINA DE BOCA 0 UNIVERSIDAD CATOLICA::clip_0267,clip_0267,"perjudicaron. Entonces, ¿qué pensaba yo del partido de hoy? Le ganaste en","perjudicaron. Entonces, ¿qué pensaba yo del partido de hoy? ¿Le ganaste en ch...",0.0435,0.0833,1.0435,computed,
f07__DAVOO_XENEIZE_OPINA_DE_BOCA_0_UNIVERSIDAD_CATOLICA,f07::DAVOO XENEIZE OPINA DE BOCA 0 UNIVERSIDAD CATOLICA::clip_0268,clip_0268,"Chile, el último partido que había sido hace ocho días, saliste a jugarlo de una manera","Chile, el último partido que había sido hace ocho días, está lista a jugarlo de una manera",0.0588,0.125,1.0353,computed,
f07__DAVOO_XENEIZE_OPINA_DE_BOCA_0_UNIVERSIDAD_CATOLICA,f07::DAVOO XENEIZE OPINA DE BOCA 0 UNIVERSIDAD CATOLICA::clip_0269,clip_0269,extraordinaria porque los primeros 15 minutos con crucero le comió la,extraordinaria porque los primeros 15 minutos con crucero le comió la,0.0,0.0,1.0,computed,
f07__DAVOO_XENEIZE_OPINA_DE_BOCA_0_UNIVERSIDAD_CATOLICA,f07::DAVOO XENEIZE OPINA DE BOCA 0 UNIVERSIDAD CATOLICA::clip_0270,clip_0270,"gancha, fue muy superior se replicaba hoy y arrancaba ganando",gancha fue muy superior y si se replicaba hoy y arrancaba ganando solo,0.1667,0.3,1.1667,computed,
f07__DAVOO_XENEIZE_OPINA_DE_BOCA_0_UNIVERSIDAD_CATOLICA,f07::DAVOO XENEIZE OPINA DE BOCA 0 UNIVERSIDAD CATOLICA::clip_0271,clip_0271,"visualizaba a uno católico empatando y remontando. Yo imaginaba, boca arranca...","visualizaba a uno católico empatando y remontando. Yo imaginaba, boca arranca...",0.0,0.0,1.0,computed,
f07__DAVOO_XENEIZE_OPINA_DE_BOCA_0_UNIVERSIDAD_CATOLICA,f07::DAVOO XENEIZE OPINA DE BOCA 0 UNIVERSIDAD CATOLICA::clip_0272,clip_0272,"Ganando hoy en la bombonera y el partido, si somos inteligentes, lo vamos a tener nosotros.",ganando hoy en la bomonera y el partido si somos inteligentes lo vamos a tener,0.1136,0.125,0.8864,computed,
f07__DAVOO_XENEIZE_OPINA_DE_BOCA_0_UNIVERSIDAD_CATOLICA,f07::DAVOO XENEIZE OPINA DE BOCA 0 UNIVERSIDAD CATOLICA::clip_0274,clip_0274,Cansado a buscar el empate porque con el empate se clasificaba. Más sabiendo que...,Cansado a buscar el empate porque con el empate se clasificaba. Más sabiendo que...,0.0,0.0,1.0,computed,
f07__DAVOO_XENEIZE_OPINA_DE_BOCA_0_UNIVERSIDAD_CATOLICA,f07::DAVOO XENEIZE OPINA DE BOCA 0 UNIVERSIDAD CATOLICA::clip_0275,clip_0275,crucero iba ganando. Y con los espacios Boca la podía liquidar. Ahora...,crucero iba ganando. Y con los espacios Boca la podía liquidar. Ahora.,0.0,0.0,1.0,computed,
f07__DAVOO_XENEIZE_OPINA_DE_BOCA_0_UNIVERSIDAD_CATOLICA,f07::DAVOO XENEIZE OPINA DE BOCA 0 UNIVERSIDAD CATOLICA::clip_0276,clip_0276,El partido de Boca.,El partido de Boca.,0.0,0.0,1.0,computed,
f07__DAVOO_XENEIZE_OPINA_DE_BOCA_0_UNIVERSIDAD_CATOLICA,f07::DAVOO XENEIZE OPINA DE BOCA 0 UNIVERSIDAD CATOLICA::clip_0277,clip_0277,"paupérrimo el partido que jugó Boca, que sinceramente quiero ver la formación.",paupérrimo el partido que jugó Boca que sinceramente quiero ver la formación,0.0,0.0,1.0,computed,
f07__DAVOO_XENEIZE_OPINA_DE_BOCA_0_UNIVERSIDAD_CATOLICA,f07::DAVOO XENEIZE OPINA DE BOCA 0 UNIVERSIDAD CATOLICA::clip_0278,clip_0278,que hoy para mí un poco lo erra también el planteamiento,Que hoy para mí Un poco erra también el planteamiento,0.0536,0.0909,0.9464,computed,
f07__DAVOO_XENEIZE_OPINA_DE_BOCA_0_UNIVERSIDAD_CATOLICA,f07::DAVOO XENEIZE OPINA DE BOCA 0 UNIVERSIDAD CATOLICA::clip_0279,clip_0279,Pero es verdad que la cantidad de lesionados que tiene Boca. Ayrton Kosta.,Pero es verdad que la cantidad de lesionados que tiene Boca ha abierto en Costa.,0.125,0.3077,1.0972,computed,
f07__DAVOO_XENEIZE_OPINA_DE_BOCA_0_UNIVERSIDAD_CATOLICA,f07::DAVOO XENEIZE OPINA DE BOCA 0 UNIVERSIDAD CATOLICA::clip_0280,clip_0280,no juego por amarilla ha sido al que no jugó por sanción marchesín que no,no jugó por amarilla a casilla que no jugó por sanción marchesin que no,0.137,0.3333,0.9726,computed,
f07__DAVOO_XENEIZE_OPINA_DE_BOCA_0_UNIVERSIDAD_CATOLICA,f07::DAVOO XENEIZE OPINA DE BOCA 0 UNIVERSIDAD CATOLICA::clip_0281,clip_0281,"jugó por el Estudio, un vareiro que no jugó por el Estudio.","jugó por el estilo, en Vareiro que no jugó por el...",0.2105,0.25,0.8421,computed,
f07__DAVOO_XENEIZE_OPINA_DE_BOCA_0_UNIVERSIDAD_CATOLICA,f07::DAVOO XENEIZE OPINA DE BOCA 0 UNIVERSIDAD CATOLICA::clip_0282,clip_0282,"lesión, Rey que no jugó por lesión, que tampoco iba a jugar, Cavani que vive...","lesión, Rey, que no jugó por lesión, que tampoco iba a jugar, Cavani, que vive",0.0,0.0,1.0,computed,
f07__DAVOO_XENEIZE_OPINA_DE_BOCA_0_UNIVERSIDAD_CATOLICA,f07::DAVOO XENEIZE OPINA DE BOCA 0 UNIVERSIDAD CATOLICA::clip_0283,clip_0283,"seleccionados, Palacios y otros jugadores más que tampoco estuvieron disponibles.","seleccionados, palacios, y otros jugadores más que tampoco estuvieron disponibles.",0.0,0.0,1.0,computed,
f07__DAVOO_XENEIZE_OPINA_DE_BOCA_0_UNIVERSIDAD_CATOLICA,f07::DAVOO XENEIZE OPINA DE BOCA 0 UNIVERSIDAD CATOLICA::clip_0284,clip_0284,"Y bueno, Bataglia y otros les sonaba más que bueno Acá van a aparecer por ahí varios Pero el planteo que puso Uwe Daol Yo lo tomé","Y bueno, Bataglia y otros les sonaba más que bueno Acá van a aparecer por ahí varios Pero el planteo que puso Hugo de Abol yo lo tomé",0.0469,0.1111,1.0312,computed,
f07__DAVOO_XENEIZE_OPINA_DE_BOCA_0_UNIVERSIDAD_CATOLICA,f07::DAVOO XENEIZE OPINA DE BOCA 0 UNIVERSIDAD CATOLICA::clip_0288,clip_0288,delanteros. La dupla delantera de Boca Ideal es Vareiro-Merentiel. Vareiro el,La dupla delantera de Boca Ideal es Vareiro-Merentiel.,0.2933,0.25,0.7067,computed,
f07__DAVOO_XENEIZE_OPINA_DE_BOCA_0_UNIVERSIDAD_CATOLICA,f07::DAVOO XENEIZE OPINA DE BOCA 0 UNIVERSIDAD CATOLICA::clip_0289,clip_0289,"lamentablemente no está por lesión, Merentier lo mismo, jugó Jiménez.","lamentablemente no está por lesión, Merentier lo mismo, jugó Jiménez.",0.0,0.0,1.0,computed,
f07__DAVOO_XENEIZE_OPINA_DE_BOCA_0_UNIVERSIDAD_CATOLICA,f07::DAVOO XENEIZE OPINA DE BOCA 0 UNIVERSIDAD CATOLICA::clip_0290,clip_0290,"Seballos, lo entiendo, pero ¿por qué Seballos por un sector, Aranda por el otro?","Ceballos, lo entiendo, pero ¿por qué Ceballos por un sector aranda por el otro?",0.0267,0.1429,1.0,computed,
f07__DAVOO_XENEIZE_OPINA_DE_BOCA_0_UNIVERSIDAD_CATOLICA,f07::DAVOO XENEIZE OPINA DE BOCA 0 UNIVERSIDAD CATOLICA::clip_0293,clip_0293,"7 minutos tuvo la primera Clara, arrancando el partido como lo suele hacer.","Siete minutos tuvo la primera clara, arrancando el partido como lo suele hacer.",0.0685,0.0769,1.0548,computed,
f07__DAVOO_XENEIZE_OPINA_DE_BOCA_0_UNIVERSIDAD_CATOLICA,f07::DAVOO XENEIZE OPINA DE BOCA 0 UNIVERSIDAD CATOLICA::clip_0294,clip_0294,"con mucha paciencia, teniendo la","con mucha paciencia, teniendo la pelota.",0.2258,0.2,1.2258,computed,
f07__DAVOO_XENEIZE_OPINA_DE_BOCA_0_UNIVERSIDAD_CATOLICA,f07::DAVOO XENEIZE OPINA DE BOCA 0 UNIVERSIDAD CATOLICA::clip_0295,clip_0295,"Estamos viendo de un lado hacia el otro Tira el centro blanco, la controla",está muy de un lado hacia el otro tira el centro blanco la controla,0.137,0.1429,0.9178,computed,
f07__DAVOO_XENEIZE_OPINA_DE_BOCA_0_UNIVERSIDAD_CATOLICA,f07::DAVOO XENEIZE OPINA DE BOCA 0 UNIVERSIDAD CATOLICA::clip_0297,clip_0297,¿Verdad que los primeros 30 minutos de boca del partido fueron malos? Fueron p...,"La verdad que los primeros 30 minutos de boca del partido fueron malos, fueron p***es.",0.0789,0.1429,1.0789,computed,
f07__DAVOO_XENEIZE_OPINA_DE_BOCA_0_UNIVERSIDAD_CATOLICA,f07::DAVOO XENEIZE OPINA DE BOCA 0 UNIVERSIDAD CATOLICA::clip_0300,clip_0300,"lado hacia el otro sin tener una puta idea de juego, yo creo que a Boca le falta",hacia el otro sin tener una idea de juego yo creo que a boca,0.2405,0.2222,0.7595,computed,
f07__DAVOO_XENEIZE_OPINA_DE_BOCA_0_UNIVERSIDAD_CATOLICA,f07::DAVOO XENEIZE OPINA DE BOCA 0 UNIVERSIDAD CATOLICA::clip_0301,clip_0301,faltó mucha movilidad y mucho juego interior en el primer tiempo.,"faltó mucha movilidad y mucho juego interior en el primer tiempo, y Católica también.",0.2969,0.2727,1.2969,computed,
f07__DAVOO_XENEIZE_OPINA_DE_BOCA_0_UNIVERSIDAD_CATOLICA,f07::DAVOO XENEIZE OPINA DE BOCA 0 UNIVERSIDAD CATOLICA::clip_0302,clip_0302,"También supo dónde bloquear. Católica presionó bien a Paredes, presionó bien.","también supo dónde bloquear. Católica presionó bien a paredes, presionó bien.",0.0,0.0,1.0,computed,
f07__DAVOO_XENEIZE_OPINA_DE_BOCA_0_UNIVERSIDAD_CATOLICA,f07::DAVOO XENEIZE OPINA DE BOCA 0 UNIVERSIDAD CATOLICA::clip_0304,clip_0304,"bandas, dejó que reciba todas las veces que quiera solo Blanco o Braida, no capaz",Dejó que reciba toda la vez el que quiera solo Blanco o Braida.,0.2658,0.4667,0.7848,computed,
f07__DAVOO_XENEIZE_OPINA_DE_BOCA_0_UNIVERSIDAD_CATOLICA,f07::DAVOO XENEIZE OPINA DE BOCA 0 UNIVERSIDAD CATOLICA::clip_0306,clip_0306,"el sector izquierdo, el sector derecho. Y en el juego directo, más allá de...","el sector izquierdo y el sector derecho. Y en el juego directo, más allá de...",0.0282,0.0714,1.0282,computed,
f07__DAVOO_XENEIZE_OPINA_DE_BOCA_0_UNIVERSIDAD_CATOLICA,f07::DAVOO XENEIZE OPINA DE BOCA 0 UNIVERSIDAD CATOLICA::clip_0307,clip_0307,un pase largo de paredes que hoy,un pase largo de paredes que,0.125,0.1429,0.875,computed,
f07__DAVOO_XENEIZE_OPINA_DE_BOCA_0_UNIVERSIDAD_CATOLICA,f07::DAVOO XENEIZE OPINA DE BOCA 0 UNIVERSIDAD CATOLICA::clip_0308,clip_0308,"para ellos, para mí tuvo un mal partido. Boca tampoco crece en el juego.","para ellos, para mí tuvo un mal partido. Boca tampoco crece en el juego.",0.0,0.0,1.0,computed,
f07__DAVOO_XENEIZE_OPINA_DE_BOCA_0_UNIVERSIDAD_CATOLICA,f07::DAVOO XENEIZE OPINA DE BOCA 0 UNIVERSIDAD CATOLICA::clip_0309,clip_0309,"Entonces, creo yo que el primer tipo de boca fue horripilante.","directo. Entonces, creo yo que que el primer tipo de Boca fue horripilante.",0.2,0.1818,1.2,computed,
f07__DAVOO_XENEIZE_OPINA_DE_BOCA_0_UNIVERSIDAD_CATOLICA,f07::DAVOO XENEIZE OPINA DE BOCA 0 UNIVERSIDAD CATOLICA::clip_0310,clip_0310,"Primero por el planteamiento de UVA, poniendo a Ceballos, de hecho...","Primero por el planteamiento de Úbeda, poniendo a Ceballos, de hecho...",0.0625,0.0909,1.0312,computed,
f07__DAVOO_XENEIZE_OPINA_DE_BOCA_0_UNIVERSIDAD_CATOLICA,f07::DAVOO XENEIZE OPINA DE BOCA 0 UNIVERSIDAD CATOLICA::clip_0311,clip_0311,"Ay, José terminó jugando por derecha.","Ay, yo soy, terminó jugando por derecha.",0.1143,0.3333,1.0571,computed,
f07__DAVOO_XENEIZE_OPINA_DE_BOCA_0_UNIVERSIDAD_CATOLICA,f07::DAVOO XENEIZE OPINA DE BOCA 0 UNIVERSIDAD CATOLICA::clip_0312,clip_0312,"al principio, después cambió con Aranda, Aranda de extremo izquierdo, Herrera y Paz","al principio, después cambió con Aranda, Aranda de extremo izquierdo, Herrera y Paz",0.0,0.0,1.0,computed,
f07__DAVOO_XENEIZE_OPINA_DE_BOCA_0_UNIVERSIDAD_CATOLICA,f07::DAVOO XENEIZE OPINA DE BOCA 0 UNIVERSIDAD CATOLICA::clip_0316,clip_0316,"Está en el aire y no se mueve. No te pivotea una, no te gana una, no te...","Está en el aire, no se mueve. No te pivotea una, no te gana una, no te...",0.0294,0.0556,0.9706,computed,
f07__DAVOO_XENEIZE_OPINA_DE_BOCA_0_UNIVERSIDAD_CATOLICA,f07::DAVOO XENEIZE OPINA DE BOCA 0 UNIVERSIDAD CATOLICA::clip_0317,clip_0317,Controla una. No puede ser el nuevo Camilton Jiménez. Entiendo.,"controla una. No puede ser el nuevo Camilton Jiménez. Entiendo, ven a decirlo.",0.2333,0.3,1.2333,computed,
f07__DAVOO_XENEIZE_OPINA_DE_BOCA_0_UNIVERSIDAD_CATOLICA,f07::DAVOO XENEIZE OPINA DE BOCA 0 UNIVERSIDAD CATOLICA::clip_0318,clip_0318,"es el tercer 9. No, es el único 9 que tuve disponible en el partido.","es el tercer nueve. No, es el único nueve que tuve disponible en el partido de Madrid.",0.3077,0.2667,1.2769,computed,
f07__DAVOO_XENEIZE_OPINA_DE_BOCA_0_UNIVERSIDAD_CATOLICA,f07::DAVOO XENEIZE OPINA DE BOCA 0 UNIVERSIDAD CATOLICA::clip_0319,clip_0319,"importantes del semestre. Valentín lesionado, Vareiro lesionado, Cavani que...","importante del semestre. Valentí lesionado, Vareiro lesionado, Cavani que...",0.0278,0.2222,0.9722,computed,
f07__DAVOO_XENEIZE_OPINA_DE_BOCA_0_UNIVERSIDAD_CATOLICA,f07::DAVOO XENEIZE OPINA DE BOCA 0 UNIVERSIDAD CATOLICA::clip_0320,clip_0320,"vive lesionado, entiendo que es mala leche la lesión, es mala suerte que valió",Vive lesionado. Entiendo que es mala leche la lesión. Es mala suerte que vaya a estar.,0.1316,0.2143,1.0921,computed,
f07__DAVOO_XENEIZE_OPINA_DE_BOCA_0_UNIVERSIDAD_CATOLICA,f07::DAVOO XENEIZE OPINA DE BOCA 0 UNIVERSIDAD CATOLICA::clip_0321,clip_0321,"seleccionado. Es mala suerte la ley de Merentiel. Ahora, a Merentiel lo criticamos por...",seleccionado de mala suerte la de Marentiel ahora Marentiel lo criticamos,0.1687,0.4286,0.8795,computed,
f07__DAVOO_XENEIZE_OPINA_DE_BOCA_0_UNIVERSIDAD_CATOLICA,f07::DAVOO XENEIZE OPINA DE BOCA 0 UNIVERSIDAD CATOLICA::clip_0322,clip_0322,Porque erra goles. Para errar hay que generar. Jiménez ni siquiera genera. Y también erra.,"porque erra goles, para errar hay que generar, Jiménez ni siquiera genera, y también erra.",0.0,0.0,1.0,computed,
f07__DAVOO_XENEIZE_OPINA_DE_BOCA_0_UNIVERSIDAD_CATOLICA,f07::DAVOO XENEIZE OPINA DE BOCA 0 UNIVERSIDAD CATOLICA::clip_0323,clip_0323,"Pero, como les decía, un primer tiempo en el cual Boca no generó...","Pero, como les decía, un primer tiempo en el cual Boca no generó...",0.0,0.0,1.0,computed,
f07__DAVOO_XENEIZE_OPINA_DE_BOCA_0_UNIVERSIDAD_CATOLICA,f07::DAVOO XENEIZE OPINA DE BOCA 0 UNIVERSIDAD CATOLICA::clip_0325,clip_0325,"partido muy inteligente, porque le tapó la mitad de la cancha, no le dejó",muy inteligente porque le tapó la mitad de la cancha no le dejó,0.1127,0.0714,0.8873,computed,
f07__DAVOO_XENEIZE_OPINA_DE_BOCA_0_UNIVERSIDAD_CATOLICA,f07::DAVOO XENEIZE OPINA DE BOCA 0 UNIVERSIDAD CATOLICA::clip_0326,clip_0326,jugar por el medio y Boca por las bandas no se le cae una idea y creo que fue,jugar por el medio y Boca por las bandas no se le cae una idea y creo que fue,0.0,0.0,1.0,computed,
f07__DAVOO_XENEIZE_OPINA_DE_BOCA_0_UNIVERSIDAD_CATOLICA,f07::DAVOO XENEIZE OPINA DE BOCA 0 UNIVERSIDAD CATOLICA::clip_0328,clip_0328,boca verdaderamente lo digo fue una improvisación constante y acá no solamente le caigo también,"de boca. Verdaderamente lo digo, eh. Fue una improvisación constante. Y acá no solamente le caigo a Úbeda, también a los jugadores.",0.3158,0.4667,1.3158,computed,
f07__DAVOO_XENEIZE_OPINA_DE_BOCA_0_UNIVERSIDAD_CATOLICA,f07::DAVOO XENEIZE OPINA DE BOCA 0 UNIVERSIDAD CATOLICA::clip_0329,clip_0329,obviamente por hacer porque poca también queda eliminado por él,obviamente por hacer porque boca también queda eliminado por el,0.0317,0.2,1.0,computed,
f07__DAVOO_XENEIZE_OPINA_DE_BOCA_0_UNIVERSIDAD_CATOLICA,f07::DAVOO XENEIZE OPINA DE BOCA 0 UNIVERSIDAD CATOLICA::clip_0330,clip_0330,El pésimo partido que hacen los jugadores de Boca hoy. Si me preguntás...,Pésimo partido que hacen los jugadores de Boca hoy Si me preguntás,0.0435,0.0769,0.9565,computed,
f07__DAVOO_XENEIZE_OPINA_DE_BOCA_0_UNIVERSIDAD_CATOLICA,f07::DAVOO XENEIZE OPINA DE BOCA 0 UNIVERSIDAD CATOLICA::clip_0331,clip_0331,"pero que ningún jugador hoy jugó bien. El único que zafa, el único que...","pero que ningún jugador hoy jugó bien. El único que zafa, el único que hay...",0.0588,0.0714,1.0588,computed,
f07__DAVOO_XENEIZE_OPINA_DE_BOCA_0_UNIVERSIDAD_CATOLICA,f07::DAVOO XENEIZE OPINA DE BOCA 0 UNIVERSIDAD CATOLICA::clip_0332,clip_0332,correlo del foco de las críticas,correo del foco de las críticas.,0.0312,0.1667,0.9688,computed,
f07__DAVOO_XENEIZE_OPINA_DE_BOCA_0_UNIVERSIDAD_CATOLICA,f07::DAVOO XENEIZE OPINA DE BOCA 0 UNIVERSIDAD CATOLICA::clip_0333,clip_0333,porque fue el que más intentó.,Porque fue el que más intentó.,0.0,0.0,1.0,computed,
f07__DAVOO_XENEIZE_OPINA_DE_BOCA_0_UNIVERSIDAD_CATOLICA,f07::DAVOO XENEIZE OPINA DE BOCA 0 UNIVERSIDAD CATOLICA::clip_0334,clip_0334,"más gambetío, el que más generó, el que mejores jugadas hizo, el que dio la cara.","más gambeteó, el que más generó, el que mejores jugadas hizo, el que dio la ca...",0.0519,0.125,0.974,computed,
f07__DAVOO_XENEIZE_OPINA_DE_BOCA_0_UNIVERSIDAD_CATOLICA,f07::DAVOO XENEIZE OPINA DE BOCA 0 UNIVERSIDAD CATOLICA::clip_0335,clip_0335,es Tomás Aranda sacando a Aranda hoy Boca jugó pésimo también a nivel,"es Tomás Aranda, sacando Aranda hoy, Boca jugó pésimo también a nivel",0.029,0.0769,0.971,computed,
f07__DAVOO_XENEIZE_OPINA_DE_BOCA_0_UNIVERSIDAD_CATOLICA,f07::DAVOO XENEIZE OPINA DE BOCA 0 UNIVERSIDAD CATOLICA::clip_0337,clip_0337,salió a jugar este partido como debería haberlo salido a jugar. Hoy era una f...,salió a jugar este partido como debería haberlo salido a jugar. O era una f...,0.0263,0.0667,0.9737,computed,
f07__DAVOO_XENEIZE_OPINA_DE_BOCA_0_UNIVERSIDAD_CATOLICA,f07::DAVOO XENEIZE OPINA DE BOCA 0 UNIVERSIDAD CATOLICA::clip_0338,clip_0338,"Hoy tenés que ganar para clasificar, tenés que presionar, tenés que...",hoy tenés que ganar para clasificar tenés que presionar tenés,0.0615,0.0909,0.9385,computed,
f07__DAVOO_XENEIZE_OPINA_DE_BOCA_0_UNIVERSIDAD_CATOLICA,f07::DAVOO XENEIZE OPINA DE BOCA 0 UNIVERSIDAD CATOLICA::clip_0339,clip_0339,"plantarte en bloque alto, tenés que hacer más rápido el juego.","que plantarte en bloque alto, tenés que hacer más rápido el juego.",0.0667,0.0909,1.0667,computed,
f07__DAVOO_XENEIZE_OPINA_DE_BOCA_0_UNIVERSIDAD_CATOLICA,f07::DAVOO XENEIZE OPINA DE BOCA 0 UNIVERSIDAD CATOLICA::clip_0340,clip_0340,"Central para el 5, el 5 para el central, que vuelva para vos, que vuelva.","Central para el 5, el 5 para el central, que vuelva para vos, que vuelva para vos.",0.1304,0.1333,1.1304,computed,
f07__DAVOO_XENEIZE_OPINA_DE_BOCA_0_UNIVERSIDAD_CATOLICA,f07::DAVOO XENEIZE OPINA DE BOCA 0 UNIVERSIDAD CATOLICA::clip_0341,clip_0341,"Para vos que te la doy. Ven a decir, sos un antifuggo, el flaco. Hay que moverlo.","para vos que te la doy, me van a decir, sos un antifugio, el flaco, hay que moverlo.",0.0658,0.1765,1.0395,computed,
f07__DAVOO_XENEIZE_OPINA_DE_BOCA_0_UNIVERSIDAD_CATOLICA,f07::DAVOO XENEIZE OPINA DE BOCA 0 UNIVERSIDAD CATOLICA::clip_0342,clip_0342,"la pelota de un lado hacia el otro para que el rival se pierda en la marca, pero chupame la pija boludo, están 20","la pelota de un lado hacia el otro para que el rival se pierda en la marca. Pero chupame la pija, boludo. Están 20...",0.0,0.0,1.0,computed,
f07__DAVOO_XENEIZE_OPINA_DE_BOCA_0_UNIVERSIDAD_CATOLICA,f07::DAVOO XENEIZE OPINA DE BOCA 0 UNIVERSIDAD CATOLICA::clip_0343,clip_0343,Uno tocando de un lado hacia el otro para tirar un centro de mierda.,Uno tocando la un lado hacia el otro. Pateo un centro de mierda.,0.1343,0.2143,0.9254,computed,
f07__DAVOO_XENEIZE_OPINA_DE_BOCA_0_UNIVERSIDAD_CATOLICA,f07::DAVOO XENEIZE OPINA DE BOCA 0 UNIVERSIDAD CATOLICA::clip_0344,clip_0344,Dejate romper las pelotas. Algo diferente tienen que hacer. Hazte lento.,Dejate romper las pelotas. Algo diferente tienen que hacer. Hazte el lento al m***.,0.1159,0.2727,1.1159,computed,
f07__DAVOO_XENEIZE_OPINA_DE_BOCA_0_UNIVERSIDAD_CATOLICA,f07::DAVOO XENEIZE OPINA DE BOCA 0 UNIVERSIDAD CATOLICA::clip_0345,clip_0345,juego. Hasta que llega el gol de Eucatólica que encima es un golazo.,juego hasta que llega el gol de bu católica que encima es un golazo,0.0303,0.1538,1.0152,computed,
f07__DAVOO_XENEIZE_OPINA_DE_BOCA_0_UNIVERSIDAD_CATOLICA,f07::DAVOO XENEIZE OPINA DE BOCA 0 UNIVERSIDAD CATOLICA::clip_0346,clip_0346,"Encima es un golazo, es un contraataque, después un centro al área que...","Encima es un golazo, es un contraataque, después de un centro al área que...",0.0441,0.0769,1.0441,computed,
f07__DAVOO_XENEIZE_OPINA_DE_BOCA_0_UNIVERSIDAD_CATOLICA,f07::DAVOO XENEIZE OPINA DE BOCA 0 UNIVERSIDAD CATOLICA::clip_0347,clip_0347,"Despejan, una buena jugada colectiva.",despejan. Una buena jugada colectiva.,0.0,0.0,1.0,computed,
f07__DAVOO_XENEIZE_OPINA_DE_BOCA_0_UNIVERSIDAD_CATOLICA,f07::DAVOO XENEIZE OPINA DE BOCA 0 UNIVERSIDAD CATOLICA::clip_0348,clip_0348,Que queda mal parado Y el muchacho,porque queda mal parado y el muchacho,0.0882,0.1429,1.0882,computed,
f07__DAVOO_XENEIZE_OPINA_DE_BOCA_0_UNIVERSIDAD_CATOLICA,f07::DAVOO XENEIZE OPINA DE BOCA 0 UNIVERSIDAD CATOLICA::clip_0349,clip_0349,católica se acomode la clava en un ángulo un verdadero golazo nada que,"católica se acomode, la clava en un ángulo, un verdadero golazo, nada que hacer.",0.0857,0.0769,1.0857,computed,
f07__DAVOO_XENEIZE_OPINA_DE_BOCA_0_UNIVERSIDAD_CATOLICA,f07::DAVOO XENEIZE OPINA DE BOCA 0 UNIVERSIDAD CATOLICA::clip_0351,clip_0351,pero bueno creo que el primer tiempo de boca por,"Pero bueno, creo que el primer tiempo de Boca...",0.0833,0.1,0.9167,computed,
f07__DAVOO_XENEIZE_OPINA_DE_BOCA_0_UNIVERSIDAD_CATOLICA,f07::DAVOO XENEIZE OPINA DE BOCA 0 UNIVERSIDAD CATOLICA::clip_0353,clip_0353,"Había un clima que nos quedábamos afuera de la Copa Libertadores. No, Patiolar.",Había un clima que nos quedábamos afuera de la Copa Libertadores. No patio al arco.,0.0658,0.2308,1.0658,computed,
f07__DAVOO_XENEIZE_OPINA_DE_BOCA_0_UNIVERSIDAD_CATOLICA,f07::DAVOO XENEIZE OPINA DE BOCA 0 UNIVERSIDAD CATOLICA::clip_0354,clip_0354,"no generó juego, un católica se defendió mejor, y cuando atacó lo hizo con más...","no generó juego, un católica se defendió mejor y cuando atacó lo hizo con más...",0.0,0.0,1.0,computed,
f07__DAVOO_XENEIZE_OPINA_DE_BOCA_0_UNIVERSIDAD_CATOLICA,f07::DAVOO XENEIZE OPINA DE BOCA 0 UNIVERSIDAD CATOLICA::clip_0355,clip_0355,"idea, si ven el gol obviamente es una barbaridad el gol que mete ese","idea, si ven el gol obviamente es una barbaridad el gol que mete ese mucho",0.0896,0.0714,1.0896,computed,
f07__DAVOO_XENEIZE_OPINA_DE_BOCA_0_UNIVERSIDAD_CATOLICA,f07::DAVOO XENEIZE OPINA DE BOCA 0 UNIVERSIDAD CATOLICA::clip_0356,clip_0356,muchachos. Atacó con muchos jugadores subcatólicas en esa jugada. Está yendo que le,"muchachos, que atacó con muchos jugadores subcatólicos en esa jugada, está lindo que le",0.0864,0.2308,1.0494,computed,
f07__DAVOO_XENEIZE_OPINA_DE_BOCA_0_UNIVERSIDAD_CATOLICA,f07::DAVOO XENEIZE OPINA DE BOCA 0 UNIVERSIDAD CATOLICA::clip_0357,clip_0357,"Y reitero, hoy Boca tenía que forzar que Boca-Católica se me...","Y reitero, hoy Boca tenía que forzar que Boca Católica se me...",0.0,0.0,1.0,computed,
f07__DAVOO_XENEIZE_OPINA_DE_BOCA_0_UNIVERSIDAD_CATOLICA,f07::DAVOO XENEIZE OPINA DE BOCA 0 UNIVERSIDAD CATOLICA::clip_0359,clip_0359,que U Católica tenga miedo de jugar el partido. ¿Ustedes creen que pasó eso?,Que Ucatólica tenga miedo de jugar el partido. ¿Ustedes creen que pasó eso?,0.0137,0.1429,0.9863,computed,
f07__DAVOO_XENEIZE_OPINA_DE_BOCA_0_UNIVERSIDAD_CATOLICA,f07::DAVOO XENEIZE OPINA DE BOCA 0 UNIVERSIDAD CATOLICA::clip_0360,clip_0360,Si el arquero de Eucatólica hizo el tiempo que tenía que hacer porque...,Si de la arquero educatólica hizo el tiempo que tenía que hacer porque...,0.087,0.3077,1.0145,computed,
f07__DAVOO_XENEIZE_OPINA_DE_BOCA_0_UNIVERSIDAD_CATOLICA,f07::DAVOO XENEIZE OPINA DE BOCA 0 UNIVERSIDAD CATOLICA::clip_0361,clip_0361,Yo no vi en ningún momento a un Católica en el partido nervioso.,yo no vi en ningún momento un católica en el partido nervioso,0.0317,0.0769,0.9683,computed,
f07__DAVOO_XENEIZE_OPINA_DE_BOCA_0_UNIVERSIDAD_CATOLICA,f07::DAVOO XENEIZE OPINA DE BOCA 0 UNIVERSIDAD CATOLICA::clip_0362,clip_0362,"Porque Boca le ha dado un gol o metido atrás. Ni siquiera Boca tuvo, por lo menos,","porque Boca le daba un gol o metido atrás. Ni siquiera Boca tuvo, por lo menos,",0.0633,0.1176,0.962,computed,
f07__DAVOO_XENEIZE_OPINA_DE_BOCA_0_UNIVERSIDAD_CATOLICA,f07::DAVOO XENEIZE OPINA DE BOCA 0 UNIVERSIDAD CATOLICA::clip_0363,clip_0363,con más huevo o empujo que fue.,Con más huevo o empuje que fue.,0.0333,0.1429,1.0,computed,
f07__DAVOO_XENEIZE_OPINA_DE_BOCA_0_UNIVERSIDAD_CATOLICA,f07::DAVOO XENEIZE OPINA DE BOCA 0 UNIVERSIDAD CATOLICA::clip_0364,clip_0364,la valentía de esforzar errores rivales o de incomodar al rival.,fútbol la valentía de esforzar errores rivales o de incomodar al rival.,0.1111,0.0909,1.1111,computed,
f07__DAVOO_XENEIZE_OPINA_DE_BOCA_0_UNIVERSIDAD_CATOLICA,f07::DAVOO XENEIZE OPINA DE BOCA 0 UNIVERSIDAD CATOLICA::clip_0365,clip_0365,el empate clasificada y encima nos gana. En el entretiempo entra Alan Velasco por,empate clasificada y encima nos gana. En el entretiempo entra Alan Velasco por...,0.0375,0.0714,0.9625,computed,
f07__DAVOO_XENEIZE_OPINA_DE_BOCA_0_UNIVERSIDAD_CATOLICA,f07::DAVOO XENEIZE OPINA DE BOCA 0 UNIVERSIDAD CATOLICA::clip_0367,clip_0367,"Pero a la vez, uno ve los suplentes de Boca y tenía a Merentiel, que estaba...","pero a la vez uno ve los suplentes de Boca y tenía a Merentiel, que estaba...",0.0,0.0,1.0,computed,
f07__DAVOO_XENEIZE_OPINA_DE_BOCA_0_UNIVERSIDAD_CATOLICA,f07::DAVOO XENEIZE OPINA DE BOCA 0 UNIVERSIDAD CATOLICA::clip_0372,clip_0372,"suplente de Boca hoy. ¡Eh, UVA! ¡Hacé bien los cambios, hijo de puta! ¡Qué c...","suplente de boca hoy. Eh, Uwea, hacé bien los cambios, hijo de puta, ¿qué?",0.0588,0.1333,0.9853,computed,
f07__DAVOO_XENEIZE_OPINA_DE_BOCA_0_UNIVERSIDAD_CATOLICA,f07::DAVOO XENEIZE OPINA DE BOCA 0 UNIVERSIDAD CATOLICA::clip_0374,clip_0374,"defienda, Úbeda, me chupa un huevo, Úbeda, se va a ir ahora de boca, se va a ir.","defienda, me chupa un huevo a mí. Uveda se va a ir ahora de boca. Se va a ir.",0.1757,0.2222,0.9865,computed,
f07__DAVOO_XENEIZE_OPINA_DE_BOCA_0_UNIVERSIDAD_CATOLICA,f07::DAVOO XENEIZE OPINA DE BOCA 0 UNIVERSIDAD CATOLICA::clip_0375,clip_0375,"ahora, lo que digo yo es que no creo","ahora, lo que digo yo es que no creo",0.0,0.0,1.0,computed,
f07__DAVOO_XENEIZE_OPINA_DE_BOCA_0_UNIVERSIDAD_CATOLICA,f07::DAVOO XENEIZE OPINA DE BOCA 0 UNIVERSIDAD CATOLICA::clip_0376,clip_0376,que sea tan fácil la solución de es culpa del técnico se va uve asume otro,sea tan fácil la solución de es culpa del técnico se va uve asume otro,0.0541,0.0625,0.9459,computed,
f07__DAVOO_XENEIZE_OPINA_DE_BOCA_0_UNIVERSIDAD_CATOLICA,f07::DAVOO XENEIZE OPINA DE BOCA 0 UNIVERSIDAD CATOLICA::clip_0377,clip_0377,ya está porque hace ocho técnicos que es la culpa del técnico.,"Ya está porque hace ocho técnicos que la culpa es del técnico. No, es de la...",0.2951,0.5,1.1967,computed,
f07__DAVOO_XENEIZE_OPINA_DE_BOCA_0_UNIVERSIDAD_CATOLICA,f07::DAVOO XENEIZE OPINA DE BOCA 0 UNIVERSIDAD CATOLICA::clip_0378,clip_0378,vigencia y de los jugadores más que el entrenador hay veces que sí hay más,vigencia y de los jugadores más que el entrenador hay veces que sí hay más,0.0,0.0,1.0,computed,
f07__DAVOO_XENEIZE_OPINA_DE_BOCA_0_UNIVERSIDAD_CATOLICA,f07::DAVOO XENEIZE OPINA DE BOCA 0 UNIVERSIDAD CATOLICA::clip_0380,clip_0380,dirigencia de este caso no únicamente a alan velasco por andén,dirigencia de este caso no obviamente a alan velasco por ande,0.0968,0.1818,0.9839,computed,
f07__DAVOO_XENEIZE_OPINA_DE_BOCA_0_UNIVERSIDAD_CATOLICA,f07::DAVOO XENEIZE OPINA DE BOCA 0 UNIVERSIDAD CATOLICA::clip_0381,clip_0381,carrera. Para mi duda se equivoca en el planteo.,"para mí dudas se equivocan en el planteo, ¿eh?",0.3043,0.5556,0.9348,computed,
f07__DAVOO_XENEIZE_OPINA_DE_BOCA_0_UNIVERSIDAD_CATOLICA,f07::DAVOO XENEIZE OPINA DE BOCA 0 UNIVERSIDAD CATOLICA::clip_0382,clip_0382,porque generalmente hace malos cambios hoy se quedó en el planteo pero tampoco tiene mucho más,plantea mal porque buea generalmente hace mal los cambios hoy se quedó con el planteo pero tampoco tiene mucho más,0.2234,0.375,1.2128,computed,
f07__DAVOO_XENEIZE_OPINA_DE_BOCA_0_UNIVERSIDAD_CATOLICA,f07::DAVOO XENEIZE OPINA DE BOCA 0 UNIVERSIDAD CATOLICA::clip_0383,clip_0383,"¿Qué es esto? La realidad es que Boca tiene un solo 9 disponible, que era Milton G.","esto? La realidad es que hoy Boca tiene un solo nuevo disponible, que era Milton...",0.2278,0.2941,0.9873,computed,
f07__DAVOO_XENEIZE_OPINA_DE_BOCA_0_UNIVERSIDAD_CATOLICA,f07::DAVOO XENEIZE OPINA DE BOCA 0 UNIVERSIDAD CATOLICA::clip_0384,clip_0384,"Jiménez, meta Velasco por Herrera, Velasco tuvo un intento apenas ingresa.",metá velasco por herrera velasco tuvo un intento apenas ingresa,0.1268,0.1818,0.8873,computed,
f07__DAVOO_XENEIZE_OPINA_DE_BOCA_0_UNIVERSIDAD_CATOLICA,f07::DAVOO XENEIZE OPINA DE BOCA 0 UNIVERSIDAD CATOLICA::clip_0385,clip_0385,la verdad es que el segundo tiempo,la verdad es que el segundo tiempo,0.0,0.0,1.0,computed,
f07__DAVOO_XENEIZE_OPINA_DE_BOCA_0_UNIVERSIDAD_CATOLICA,f07::DAVOO XENEIZE OPINA DE BOCA 0 UNIVERSIDAD CATOLICA::clip_0386,clip_0386,"también fue muy power, casi que ni generó peligro, hubo una trina de","también fue muy power, casi que ni generó peligro, hubo una chenina de...",0.0606,0.0769,1.0303,computed,
f07__DAVOO_XENEIZE_OPINA_DE_BOCA_0_UNIVERSIDAD_CATOLICA,f07::DAVOO XENEIZE OPINA DE BOCA 0 UNIVERSIDAD CATOLICA::clip_0387,clip_0387,Jiménez que pasó cerca del palo. Después entró Romero por Pelegrino al minuto 16.,Jiménez que pasó cerca del palo. Después entró Romero por Pelegrino al minuto 17.,0.0127,0.0714,1.0,computed,
f07__DAVOO_XENEIZE_OPINA_DE_BOCA_0_UNIVERSIDAD_CATOLICA,f07::DAVOO XENEIZE OPINA DE BOCA 0 UNIVERSIDAD CATOLICA::clip_0388,clip_0388,"17, faltaba media hora y Boca ya estaba jugando con Paredes y Di Loro, duplas.",Faltaba media hora y Boca ya estaba jugando con paredes y Lolo duplas.,0.0933,0.2,0.92,computed,
f07__DAVOO_XENEIZE_OPINA_DE_BOCA_0_UNIVERSIDAD_CATOLICA,f07::DAVOO XENEIZE OPINA DE BOCA 0 UNIVERSIDAD CATOLICA::clip_0390,clip_0390,"jugando Ángel Romero, Alan Velasco, Ceballos, Milton Jiménez, Aranda, todos a","jugando Ángel Romero, Alan Velasco, Ceballos, Milton Jiménez, Aranda, todos...",0.0278,0.0909,0.9722,computed,
f07__DAVOO_XENEIZE_OPINA_DE_BOCA_0_UNIVERSIDAD_CATOLICA,f07::DAVOO XENEIZE OPINA DE BOCA 0 UNIVERSIDAD CATOLICA::clip_0392,clip_0392,"adentro en la cancha, y la verdad que se notaba en el partido que era un equipo.",adentro en la cancha y la verdad que se notaba en el partido que era un equipo,0.0,0.0,1.0,computed,
f07__DAVOO_XENEIZE_OPINA_DE_BOCA_0_UNIVERSIDAD_CATOLICA,f07::DAVOO XENEIZE OPINA DE BOCA 0 UNIVERSIDAD CATOLICA::clip_0393,clip_0393,"Que no está acostumbrado a jugar juntos, sin movilidad, nos hacían una puta pared.","Que no está acostumbrado a jugar juntos, sin movilidad, nos hacían una puta pared.",0.0,0.0,1.0,computed,
f07__DAVOO_XENEIZE_OPINA_DE_BOCA_0_UNIVERSIDAD_CATOLICA,f07::DAVOO XENEIZE OPINA DE BOCA 0 UNIVERSIDAD CATOLICA::clip_0394,clip_0394,"No se encontraban entre ellos, cada uno hacía su jugada, no había nada para...","no se encontraban entre ellos, cada uno hacía su jugada, no había nada para...",0.0,0.0,1.0,computed,
f07__DAVOO_XENEIZE_OPINA_DE_BOCA_0_UNIVERSIDAD_CATOLICA,f07::DAVOO XENEIZE OPINA DE BOCA 0 UNIVERSIDAD CATOLICA::clip_0396,clip_0396,como para que se entienda rápido porque entró ángel romero,"como para que se entienda rápido, porque entró Ángel Romero.",0.0,0.0,1.0,computed,
f07__DAVOO_XENEIZE_OPINA_DE_BOCA_0_UNIVERSIDAD_CATOLICA,f07::DAVOO XENEIZE OPINA DE BOCA 0 UNIVERSIDAD CATOLICA::clip_0397,clip_0397,La verdad es que en Boca no tuvo un partido bueno hasta ahora.,La verdad que en Boca no tuvo un partido bueno hasta ahora. Entró Alan Benz.,0.3115,0.3077,1.2131,computed,
f07__DAVOO_XENEIZE_OPINA_DE_BOCA_0_UNIVERSIDAD_CATOLICA,f07::DAVOO XENEIZE OPINA DE BOCA 0 UNIVERSIDAD CATOLICA::clip_0398,clip_0398,"el asco que, si bien no es culpa de él,",asco que si bien no es culpa de él,0.0811,0.1,0.9189,computed,
f07__DAVOO_XENEIZE_OPINA_DE_BOCA_0_UNIVERSIDAD_CATOLICA,f07::DAVOO XENEIZE OPINA DE BOCA 0 UNIVERSIDAD CATOLICA::clip_0399,clip_0399,La derrota de hoy hace un año y medio que está en boca y todavía no hemos...,La derrota de hoy hace un año y medio que está en Boca.,0.2603,0.2353,0.7397,computed,
f07__DAVOO_XENEIZE_OPINA_DE_BOCA_0_UNIVERSIDAD_CATOLICA,f07::DAVOO XENEIZE OPINA DE BOCA 0 UNIVERSIDAD CATOLICA::clip_0400,clip_0400,"otro a su mejor nivel, el pibe alante el único que zafa, Milton Jiménez para mí","otro lado su mejor nivel, el pibe Aranda es el único que zafa, Milton Jiménez, para mí",0.1039,0.1875,1.0779,computed,
f07__DAVOO_XENEIZE_OPINA_DE_BOCA_0_UNIVERSIDAD_CATOLICA,f07::DAVOO XENEIZE OPINA DE BOCA 0 UNIVERSIDAD CATOLICA::clip_0401,clip_0401,"Un jugador que directamente no le da para jugar en Boca. Ceballos, que tampoco tuvo un buen partido.","Un jugador que directamente no le da para jugar en Boca. Ceballos, que tampoco tuvo un buen partido y seguramente...",0.1443,0.1111,1.1443,computed,
f07__DAVOO_XENEIZE_OPINA_DE_BOCA_0_UNIVERSIDAD_CATOLICA,f07::DAVOO XENEIZE OPINA DE BOCA 0 UNIVERSIDAD CATOLICA::clip_0402,clip_0402,"ya ahora después de este partido. Y bueno, Aranda que zafa, pero tampoco es que","Ya ahora después de este partido Y bueno, Aranda que zafa, pero tampoco es que",0.0,0.0,1.0,computed,
f07__DAVOO_XENEIZE_OPINA_DE_BOCA_0_UNIVERSIDAD_CATOLICA,f07::DAVOO XENEIZE OPINA DE BOCA 0 UNIVERSIDAD CATOLICA::clip_0403,clip_0403,Los delanteros que están en la cancha te van a hacer ganar el partido Dos minutos pasaron Una jugada,"que los delanteros que están en la cancha te van a hacer ganar el partido. Dos minutos pasaron, una jugada...",0.04,0.0526,1.04,computed,
f07__DAVOO_XENEIZE_OPINA_DE_BOCA_0_UNIVERSIDAD_CATOLICA,f07::DAVOO XENEIZE OPINA DE BOCA 0 UNIVERSIDAD CATOLICA::clip_0404,clip_0404,"carambola, la cual la sacó la línea a un jugador de Católica, otra más que se le",carambola la cual la sacó la línea un jugador de católica otra más que se le,0.0256,0.0588,0.9744,computed,
f07__DAVOO_XENEIZE_OPINA_DE_BOCA_0_UNIVERSIDAD_CATOLICA,f07::DAVOO XENEIZE OPINA DE BOCA 0 UNIVERSIDAD CATOLICA::clip_0410,clip_0410,Boca en Copa Libertadores lo tiene muy,Boca en Copa Libertadores lo tiene muy...,0.0,0.0,1.0,computed,
f07__DAVOO_XENEIZE_OPINA_DE_BOCA_0_UNIVERSIDAD_CATOLICA,f07::DAVOO XENEIZE OPINA DE BOCA 0 UNIVERSIDAD CATOLICA::clip_0411,clip_0411,ganado por su historia. Boca ha jugado,"ganado por su historia, Boca ha jugado",0.0,0.0,1.0,computed,
f07__DAVOO_XENEIZE_OPINA_DE_BOCA_0_UNIVERSIDAD_CATOLICA,f07::DAVOO XENEIZE OPINA DE BOCA 0 UNIVERSIDAD CATOLICA::clip_0412,clip_0412,el 50% de las semifinales de Copa Libertadores en el siglo XXI. La mitad.,el 50% de las semifinales de Copa Libertadores en el siglo XXI. La mitad.,0.0,0.0,1.0,computed,
f07__DAVOO_XENEIZE_OPINA_DE_BOCA_0_UNIVERSIDAD_CATOLICA,f07::DAVOO XENEIZE OPINA DE BOCA 0 UNIVERSIDAD CATOLICA::clip_0413,clip_0413,"Boca en este siglo, si no me equivoco.","Boca en este siglo, si no me equivoco.",0.0,0.0,1.0,computed,
f07__DAVOO_XENEIZE_OPINA_DE_BOCA_0_UNIVERSIDAD_CATOLICA,f07::DAVOO XENEIZE OPINA DE BOCA 0 UNIVERSIDAD CATOLICA::clip_0414,clip_0414,"Jugó dos semifinales de Copa Libertadores. De bueno, 26 que se jugaron.","Jugó 12 semifinales de Copa Libertadores. De bueno, 26 que se jugaron.",0.0441,0.0833,0.9853,computed,
f07__DAVOO_XENEIZE_OPINA_DE_BOCA_0_UNIVERSIDAD_CATOLICA,f07::DAVOO XENEIZE OPINA DE BOCA 0 UNIVERSIDAD CATOLICA::clip_0415,clip_0415,"el 50%, el 45%, pero casi la mitad de la",el 50 por ciento del 45 pero casi la mitad de la,0.3333,0.3,1.3333,computed,
f07__DAVOO_XENEIZE_OPINA_DE_BOCA_0_UNIVERSIDAD_CATOLICA,f07::DAVOO XENEIZE OPINA DE BOCA 0 UNIVERSIDAD CATOLICA::clip_0416,clip_0416,"Copa Libertadores del siglo XXI, Boca-Chuva semifinales Entonces, ¿qué hará?","Copa Libertadores del siglo XXI, vos que ayudas a semifinales. Entonces, ¿qué hará?",0.1667,0.3636,1.0833,computed,
f07__DAVOO_XENEIZE_OPINA_DE_BOCA_0_UNIVERSIDAD_CATOLICA,f07::DAVOO XENEIZE OPINA DE BOCA 0 UNIVERSIDAD CATOLICA::clip_0417,clip_0417,"fueran pases de grupo, de local. Si bien es verdad que Boca le tocó el grupo a la mona.","fueran pases de grupo, de local, si bien es verdad que a Boca le atacó el grupo de la monja,",0.0833,0.2105,1.0595,computed,
f07__DAVOO_XENEIZE_OPINA_DE_BOCA_0_UNIVERSIDAD_CATOLICA,f07::DAVOO XENEIZE OPINA DE BOCA 0 UNIVERSIDAD CATOLICA::clip_0418,clip_0418,"muerte, le atacó un grupo complicado. No hay justificación alguna para mí, más porque",La atacó un grupo complicado. No hay justificación alguna para mí. Más porque...,0.0976,0.1429,0.9146,computed,
f07__DAVOO_XENEIZE_OPINA_DE_BOCA_0_UNIVERSIDAD_CATOLICA,f07::DAVOO XENEIZE OPINA DE BOCA 0 UNIVERSIDAD CATOLICA::clip_0419,clip_0419,"En el arco del chico Brady A ver, ¿en el culo tiene respuesta?",de hoy en el arco el chico brevi a ver en el color tiene,0.3898,0.4615,0.9492,computed,
f07__DAVOO_XENEIZE_OPINA_DE_BOCA_0_UNIVERSIDAD_CATOLICA,f07::DAVOO XENEIZE OPINA DE BOCA 0 UNIVERSIDAD CATOLICA::clip_0420,clip_0420,Tampoco es el culpable de la eliminación.,Tampoco es el culpable de la eliminación.,0.0,0.0,1.0,computed,
f07__DAVOO_XENEIZE_OPINA_DE_BOCA_0_UNIVERSIDAD_CATOLICA,f07::DAVOO XENEIZE OPINA DE BOCA 0 UNIVERSIDAD CATOLICA::clip_0421,clip_0421,"Creo yo que, bueno, el arquero titular de Boca es Marchesin, lamentablemente se le...","Creo yo que, bueno, el arquero titular de Boca es Marchesin. Lamentablemente es el...",0.0506,0.1429,1.0,computed,
f07__DAVOO_XENEIZE_OPINA_DE_BOCA_0_UNIVERSIDAD_CATOLICA,f07::DAVOO XENEIZE OPINA DE BOCA 0 UNIVERSIDAD CATOLICA::clip_0422,clip_0422,"Mencionó, no pudo estar en la recta final de la fase de grupos.",No pudo estar en la recta final de la fase de grupos.,0.1475,0.0769,0.8525,computed,
f07__DAVOO_XENEIZE_OPINA_DE_BOCA_0_UNIVERSIDAD_CATOLICA,f07::DAVOO XENEIZE OPINA DE BOCA 0 UNIVERSIDAD CATOLICA::clip_0423,clip_0423,ha cambiado mucho tampoco creo que brey es un arquero en el cual boca tiene que,cambió mucho tampoco. Creo que Breit es un arquero en el cual Boca tiene que...,0.1013,0.1875,0.9494,computed,
f07__DAVOO_XENEIZE_OPINA_DE_BOCA_0_UNIVERSIDAD_CATOLICA,f07::DAVOO XENEIZE OPINA DE BOCA 0 UNIVERSIDAD CATOLICA::clip_0424,clip_0424,Buscar en él que tenga más ritmo. No sé si Boca va a ir a buscar un arquero.,en él que tenga más ritmo no sé si boca va a ir a buscar un arquero a mí,0.1622,0.1667,0.973,computed,
f07__DAVOO_XENEIZE_OPINA_DE_BOCA_0_UNIVERSIDAD_CATOLICA,f07::DAVOO XENEIZE OPINA DE BOCA 0 UNIVERSIDAD CATOLICA::clip_0425,clip_0425,de año no yo le soy sincero yo imaginaba pasar a octavos a mitad de año,de año no yo les soy sincero yo imaginaba pasar octavos y a mitad,0.169,0.3125,0.9155,computed,
f07__DAVOO_XENEIZE_OPINA_DE_BOCA_0_UNIVERSIDAD_CATOLICA,f07::DAVOO XENEIZE OPINA DE BOCA 0 UNIVERSIDAD CATOLICA::clip_0427,clip_0427,"quedaste afuera, yo iría a buscar igual un arquero iría a buscar igual un cu...","queda hasta afuera, yo iría a buscar igual a un arquero. Iría a buscar igual a un...",0.1333,0.3333,1.0533,computed,
f07__DAVOO_XENEIZE_OPINA_DE_BOCA_0_UNIVERSIDAD_CATOLICA,f07::DAVOO XENEIZE OPINA DE BOCA 0 UNIVERSIDAD CATOLICA::clip_0430,clip_0430,"tener un plantel a la altura, porque yo sé que ahora estamos...","tener un plantel a la altura, porque yo sé que ahora estamos...",0.0,0.0,1.0,computed,
f07__DAVOO_XENEIZE_OPINA_DE_BOCA_0_UNIVERSIDAD_CATOLICA,f07::DAVOO XENEIZE OPINA DE BOCA 0 UNIVERSIDAD CATOLICA::clip_0431,clip_0431,"Contra Calientes. Y ahora estamos, pero que nos chupan huevo todo.",contra calientes y ahora estamos pero que nos chupa un huevo todo porque,0.1429,0.2727,1.1429,computed,
f07__DAVOO_XENEIZE_OPINA_DE_BOCA_0_UNIVERSIDAD_CATOLICA,f07::DAVOO XENEIZE OPINA DE BOCA 0 UNIVERSIDAD CATOLICA::clip_0432,clip_0432,perdimos la libertadores pero quieras o no va a arrancar el segundo semestre,perdimos la libertadores pero quieras o no va a arrancar el segundo semestre,0.0,0.0,1.0,computed,
f07__DAVOO_XENEIZE_OPINA_DE_BOCA_0_UNIVERSIDAD_CATOLICA,f07::DAVOO XENEIZE OPINA DE BOCA 0 UNIVERSIDAD CATOLICA::clip_0433,clip_0433,"a jugar la primera fecha, vamos a jugar la anual, y si Boca pierde vamos a",a jugar la primera fecha vamos a jugar la anual y si boca pierde vamos,0.0278,0.0625,0.9722,computed,
f07__DAVOO_XENEIZE_OPINA_DE_BOCA_0_UNIVERSIDAD_CATOLICA,f07::DAVOO XENEIZE OPINA DE BOCA 0 UNIVERSIDAD CATOLICA::clip_0434,clip_0434,ir a las futbolistas y si hubo que ganar vamos a estar felices porque el fútbol,seguir a las posibilidades y si lo que hagan vamos a estar felices porque el fútbol,0.2405,0.25,1.0506,computed,
f07__DAVOO_XENEIZE_OPINA_DE_BOCA_0_UNIVERSIDAD_CATOLICA,f07::DAVOO XENEIZE OPINA DE BOCA 0 UNIVERSIDAD CATOLICA::clip_0435,clip_0435,así y boca tiene una oportunidad en la tabla anual estás tercero en la anual,así. Ioca tiene una oportunidad en la tabla anual. Estás tercero en la anual.,0.0395,0.1333,0.9737,computed,
f07__DAVOO_XENEIZE_OPINA_DE_BOCA_0_UNIVERSIDAD_CATOLICA,f07::DAVOO XENEIZE OPINA DE BOCA 0 UNIVERSIDAD CATOLICA::clip_0436,clip_0436,Tiene la oportunidad de ser campeón de liga. No está tan lejos de un Independiente de Rivadavia que encima va a jugar.,Tiene la oportunidad de ser campeón de liga. No está tan lejos de un independiente de Rivadavia que encima va a jugar.,0.0,0.0,1.0,computed,
f07__DAVOO_XENEIZE_OPINA_DE_BOCA_0_UNIVERSIDAD_CATOLICA,f07::DAVOO XENEIZE OPINA DE BOCA 0 UNIVERSIDAD CATOLICA::clip_0437,clip_0437,¿Cuál es su octavo de libertadores? Boca se tiene que armar para salir campeón.,jugar a los octavos de Libertadores. Bucas se tiene que armar para salir campeón.,0.1579,0.3571,1.0395,computed,
f07__DAVOO_XENEIZE_OPINA_DE_BOCA_0_UNIVERSIDAD_CATOLICA,f07::DAVOO XENEIZE OPINA DE BOCA 0 UNIVERSIDAD CATOLICA::clip_0438,clip_0438,"porque si nos parece un fracaso que ahora fueran fase de grupo, si nos parece un fracaso,","porque si nos parece un fracaso que ahora fueran fase de grupo, si nos parece un fracaso,",0.0,0.0,1.0,computed,
f07__DAVOO_XENEIZE_OPINA_DE_BOCA_0_UNIVERSIDAD_CATOLICA,f07::DAVOO XENEIZE OPINA DE BOCA 0 UNIVERSIDAD CATOLICA::clip_0440,clip_0440,predios de la Libertadores. También es un fracaso que Boca no sea la campeón.,"periodos de la Libertadores, también es un fracaso que busca no ser la campeón.",0.0933,0.2143,1.0267,computed,
f07__DAVOO_XENEIZE_OPINA_DE_BOCA_0_UNIVERSIDAD_CATOLICA,f07::DAVOO XENEIZE OPINA DE BOCA 0 UNIVERSIDAD CATOLICA::clip_0441,clip_0441,"Algunos me dirán, pero qué, Boca ganando una liga salva el año. Mira, te soy honesto, para lo que es la vara de Boca.","Alguno me dirá, pero qué, Boca ganando una liga salva al año. Mira, te soy honesto, para lo que es la vara de Boca.",0.027,0.125,0.982,computed,
f07__DAVOO_XENEIZE_OPINA_DE_BOCA_0_UNIVERSIDAD_CATOLICA,f07::DAVOO XENEIZE OPINA DE BOCA 0 UNIVERSIDAD CATOLICA::clip_0442,clip_0442,"no debería salvar el año o ganar una liga. O mejor dicho, para lo que es","no debería salvar el año de ganar una liga. O mejor dicho, para lo que es...",0.0286,0.0625,1.0143,computed,
f07__DAVOO_XENEIZE_OPINA_DE_BOCA_0_UNIVERSIDAD_CATOLICA,f07::DAVOO XENEIZE OPINA DE BOCA 0 UNIVERSIDAD CATOLICA::clip_0443,clip_0443,El fútbol argentino de mierda en el que estamos ahora. Capaz en el 2005 vos.,El fútbol argentino de mierda en el que estamos ahora. Capaz en el 2005.,0.0541,0.0667,0.9459,computed,
f07__DAVOO_XENEIZE_OPINA_DE_BOCA_0_UNIVERSIDAD_CATOLICA,f07::DAVOO XENEIZE OPINA DE BOCA 0 UNIVERSIDAD CATOLICA::clip_0444,clip_0444,ganabas en la apertura y si te salvabas era un señor torneo,"ganabas en la apertura y si te salvaba al año, era un señor torneo.",0.1186,0.25,1.1017,computed,
f07__DAVOO_XENEIZE_OPINA_DE_BOCA_0_UNIVERSIDAD_CATOLICA,f07::DAVOO XENEIZE OPINA DE BOCA 0 UNIVERSIDAD CATOLICA::clip_0445,clip_0445,"Torneo, Falopa, que hay ocho campeones por año. Quieras o no, no se festeja.","torneo falopa, que hay ocho campeones por año, quédate o no, no se festeja.",0.0704,0.0714,1.0,computed,
f07__DAVOO_XENEIZE_OPINA_DE_BOCA_0_UNIVERSIDAD_CATOLICA,f07::DAVOO XENEIZE OPINA DE BOCA 0 UNIVERSIDAD CATOLICA::clip_0447,clip_0447,digo que Boca está teniendo muchos problemas hace tiempo.,digo que boca está teniendo muchos problemas hace tiempo porque,0.125,0.1111,1.125,computed,
f07__DAVOO_XENEIZE_OPINA_DE_BOCA_0_UNIVERSIDAD_CATOLICA,f07::DAVOO XENEIZE OPINA DE BOCA 0 UNIVERSIDAD CATOLICA::clip_0448,clip_0448,"La dirigencia no está a la altura. Y porque los jugadores no responden, es muy difícil salir campeón así.","dirigencia no está en la altura y porque los jugadores no responden, es muy difícil salir campeón así. Entonces...",0.1373,0.1579,1.0686,computed,
f07__DAVOO_XENEIZE_OPINA_DE_BOCA_0_UNIVERSIDAD_CATOLICA,f07::DAVOO XENEIZE OPINA DE BOCA 0 UNIVERSIDAD CATOLICA::clip_0449,clip_0449,Cualquier título en este momento para mí vale oro.,Cualquier título en este momento para mí vale oro. Por la situación en la que está...,0.6531,0.7778,1.6531,computed,
f07__DAVOO_XENEIZE_OPINA_DE_BOCA_0_UNIVERSIDAD_CATOLICA,f07::DAVOO XENEIZE OPINA DE BOCA 0 UNIVERSIDAD CATOLICA::clip_0450,clip_0450,porque no estoy viendo la luz al fondo del túnel porque evoca precisas,porque no estoy viendo la luz al fondo del túnel porque boca precisa,0.0429,0.1538,0.9714,computed,
f07__DAVOO_XENEIZE_OPINA_DE_BOCA_0_UNIVERSIDAD_CATOLICA,f07::DAVOO XENEIZE OPINA DE BOCA 0 UNIVERSIDAD CATOLICA::clip_0452,clip_0452,cancha para salir campeón. Para mí este fútbol argentino puede salir campeón.,cansa para salir campeón para mí este fútbol argentino puede salir campeón,0.0267,0.0833,0.9867,computed,
f07__DAVOO_XENEIZE_OPINA_DE_BOCA_0_UNIVERSIDAD_CATOLICA,f07::DAVOO XENEIZE OPINA DE BOCA 0 UNIVERSIDAD CATOLICA::clip_0453,clip_0453,"cualquier equipo, cualquier equipo puede salir campeón. No me parece una locura.",Cualquier equipo puede salir campeón. No me parece una locura.,0.2208,0.1667,0.7792,computed,
f07__DAVOO_XENEIZE_OPINA_DE_BOCA_0_UNIVERSIDAD_CATOLICA,f07::DAVOO XENEIZE OPINA DE BOCA 0 UNIVERSIDAD CATOLICA::clip_0454,clip_0454,"Si Boca se refuerza como corresponde, puede salir campeón de la liga.","Si Boca hace respuesta como corresponde, puede salir campeón de la liga.",0.1045,0.1667,1.0448,computed,
f07__DAVOO_XENEIZE_OPINA_DE_BOCA_0_UNIVERSIDAD_CATOLICA,f07::DAVOO XENEIZE OPINA DE BOCA 0 UNIVERSIDAD CATOLICA::clip_0455,clip_0455,no va a jugar esta copa libertadores de ahí a que se haga ya no depende de mí,no va a jugar esta copa libertadores de ahí a que se haga ya no depende de mí,0.0,0.0,1.0,computed,
f07__DAVOO_XENEIZE_OPINA_DE_BOCA_0_UNIVERSIDAD_CATOLICA,f07::DAVOO XENEIZE OPINA DE BOCA 0 UNIVERSIDAD CATOLICA::clip_0457,clip_0457,Yo no sé qué pensarán.,Yo no sé qué pensarán.,0.0,0.0,1.0,computed,
f07__DAVOO_XENEIZE_OPINA_DE_BOCA_0_UNIVERSIDAD_CATOLICA,f07::DAVOO XENEIZE OPINA DE BOCA 0 UNIVERSIDAD CATOLICA::clip_0460,clip_0460,"quedamos afuera porque el fútbol es así, o buscar una frase conformista en este momento.",quedamos afuera porque el fútbol es así o buscar una frase conformista en este momento,0.0,0.0,1.0,computed,
f07__DAVOO_XENEIZE_OPINA_DE_BOCA_0_UNIVERSIDAD_CATOLICA,f07::DAVOO XENEIZE OPINA DE BOCA 0 UNIVERSIDAD CATOLICA::clip_0461,clip_0461,de en el cual boca no debería pasar porque hasta no salir este,"momento de mierda en el cual Boca no debería pasar, porque hasta no salir ese...",0.2581,0.2308,1.2258,computed,
f07__DAVOO_XENEIZE_OPINA_DE_BOCA_0_UNIVERSIDAD_CATOLICA,f07::DAVOO XENEIZE OPINA DE BOCA 0 UNIVERSIDAD CATOLICA::clip_0462,clip_0462,"Conformismo nunca vas a progresar, soy puertas adentro.","Conformismo nunca vas a progresar, soy puertas adentro, hay bronca.",0.2075,0.25,1.2075,computed,
f07__DAVOO_XENEIZE_OPINA_DE_BOCA_0_UNIVERSIDAD_CATOLICA,f07::DAVOO XENEIZE OPINA DE BOCA 0 UNIVERSIDAD CATOLICA::clip_0465,clip_0465,licampeón. Pero cambia la ecuación.,al campeón. Pero cambia la ecuación.,0.0606,0.4,1.0303,computed,
f07__DAVOO_XENEIZE_OPINA_DE_BOCA_0_UNIVERSIDAD_CATOLICA,f07::DAVOO XENEIZE OPINA DE BOCA 0 UNIVERSIDAD CATOLICA::clip_0466,clip_0466,"Ahora, Boca arrancó el año con Weyand de 4. A Boca el año pasado se fue al...","ahora, Boca arrancó el año con Wayan de 4 a Boca el año pasado se fue al",0.0278,0.0588,0.9861,computed,
f07__DAVOO_XENEIZE_OPINA_DE_BOCA_0_UNIVERSIDAD_CATOLICA,f07::DAVOO XENEIZE OPINA DE BOCA 0 UNIVERSIDAD CATOLICA::clip_0467,clip_0467,"víncula, se fue a Blondel y Boca armó una",Se fue Blondel y Boca armó una...,0.25,0.2222,0.75,computed,
f07__DAVOO_XENEIZE_OPINA_DE_BOCA_0_UNIVERSIDAD_CATOLICA,f07::DAVOO XENEIZE OPINA DE BOCA 0 UNIVERSIDAD CATOLICA::clip_0468,clip_0468,"...en el cual los goles de la Tierra de Derecho iban a ser Marinaga y Weygan, que no hace...","en el cual los golas traen derechos y van a ser Marinaga y Weygan, que no hace...",0.2,0.3684,0.9059,computed,
f07__DAVOO_XENEIZE_OPINA_DE_BOCA_0_UNIVERSIDAD_CATOLICA,f07::DAVOO XENEIZE OPINA DE BOCA 0 UNIVERSIDAD CATOLICA::clip_0469,clip_0469,Falta ser Pep Guardiola para darse cuenta que ninguno de los dos es un...,Falta hacer Pep Guardiola para darse cuenta de que ninguno de los dos es un...,0.0857,0.1429,1.0714,computed,
f07__DAVOO_XENEIZE_OPINA_DE_BOCA_0_UNIVERSIDAD_CATOLICA,f07::DAVOO XENEIZE OPINA DE BOCA 0 UNIVERSIDAD CATOLICA::clip_0470,clip_0470,para Boca. Y Boca nos queda afuera solamente por eso. Pero eso es una otra...,4 para boca y boca no queda fuera solamente por eso pero es una otra,0.1111,0.2667,0.9444,computed,
f07__DAVOO_XENEIZE_OPINA_DE_BOCA_0_UNIVERSIDAD_CATOLICA,f07::DAVOO XENEIZE OPINA DE BOCA 0 UNIVERSIDAD CATOLICA::clip_0471,clip_0471,"Otra cosa más, y creo que el 4 de Boca sea huégano, Marín Haga.","Otra cosa más. Y creo que el 4 de Boca sea huelga. No, Marinaga. También es culpa...",0.35,0.4286,1.2833,computed,
f07__DAVOO_XENEIZE_OPINA_DE_BOCA_0_UNIVERSIDAD_CATOLICA,f07::DAVOO XENEIZE OPINA DE BOCA 0 UNIVERSIDAD CATOLICA::clip_0472,clip_0472,"la dirigencia, que se conforma con un 4 que se sabe que no está a la altura de vos.","la dirigencia, que se conforma con un 4 que se sabe que no está a la altura de vos.",0.0,0.0,1.0,computed,
f07__DAVOO_XENEIZE_OPINA_DE_BOCA_0_UNIVERSIDAD_CATOLICA,f07::DAVOO XENEIZE OPINA DE BOCA 0 UNIVERSIDAD CATOLICA::clip_0474,clip_0474,"jerarquía, un jugador que marca la diferencia y pues esa es la pelotudez que hizo","jerarquía, un jugador que marca la diferencia y pues es de la pelotudes que hizo",0.05,0.2,0.9875,computed,
f07__DAVOO_XENEIZE_OPINA_DE_BOCA_0_UNIVERSIDAD_CATOLICA,f07::DAVOO XENEIZE OPINA DE BOCA 0 UNIVERSIDAD CATOLICA::clip_0475,clip_0475,"Ahí yo me lo agarro con Azkazibar, porque ese tipo sí tiene calidad para jugar en bot.","Ahí yo me lo agarro con Ascacíbar, porque ese tipo sí tiene calidad para jugar en bola.",0.0714,0.1176,1.0119,computed,
f07__DAVOO_XENEIZE_OPINA_DE_BOCA_0_UNIVERSIDAD_CATOLICA,f07::DAVOO XENEIZE OPINA DE BOCA 0 UNIVERSIDAD CATOLICA::clip_0476,clip_0476,si tiene técnica para jugar en boca si es un jugador para boca que,si tiene técnica para jugar en boca si es un jugador para boca que,0.0,0.0,1.0,computed,
f07__DAVOO_XENEIZE_OPINA_DE_BOCA_0_UNIVERSIDAD_CATOLICA,f07::DAVOO XENEIZE OPINA DE BOCA 0 UNIVERSIDAD CATOLICA::clip_0477,clip_0477,Es una pelotudez. Boca no tiene un 4 hoy en día de jerarquía para...,Y es una pelotudez. Boca nos tiene un 4 hoy en día de jerarquía para...,0.0469,0.1429,1.0469,computed,
f07__DAVOO_XENEIZE_OPINA_DE_BOCA_0_UNIVERSIDAD_CATOLICA,f07::DAVOO XENEIZE OPINA DE BOCA 0 UNIVERSIDAD CATOLICA::clip_0478,clip_0478,ganan la copa. ¿Y por qué hay que esperar a mitad de año para pasar a...,ganan la copa. ¿Y por qué hay que esperar a mitad de año para pasar a...,0.0,0.0,1.0,computed,
f07__DAVOO_XENEIZE_OPINA_DE_BOCA_0_UNIVERSIDAD_CATOLICA,f07::DAVOO XENEIZE OPINA DE BOCA 0 UNIVERSIDAD CATOLICA::clip_0479,clip_0479,para traerlo porque ahora te quedaste afuera y aquí vas a traer ahora que van a decir no nos,"optamos para traerlo. Porque ahora te quedas hasta afuera. ¿Y a quién vas a traer? ¿Ahora qué van a decir? No, no jugamos a la...",0.3261,0.5263,1.2935,computed,
f07__DAVOO_XENEIZE_OPINA_DE_BOCA_0_UNIVERSIDAD_CATOLICA,f07::DAVOO XENEIZE OPINA DE BOCA 0 UNIVERSIDAD CATOLICA::clip_0480,clip_0480,"copa, no traemos ninguno. Entonces, ¿cuándo se va a reforzar Boca como copa?","la copa, no traemos ninguno. Entonces, ¿cuándo se va a reforzar Boca como...",0.1127,0.1538,0.9718,computed,
f07__DAVOO_XENEIZE_OPINA_DE_BOCA_0_UNIVERSIDAD_CATOLICA,f07::DAVOO XENEIZE OPINA DE BOCA 0 UNIVERSIDAD CATOLICA::clip_0481,clip_0481,"responde. Volviendo a lo que es el chico Bray. No creo que sea su culpa, ni en pedo me lo voy a agarrar con Bray.","responde, volviendo a lo que es el chico Bray, no creo que sea su culpa, ni en video me lo voy a agarrar con Bray, no sé",0.0826,0.12,1.0642,computed,
f07__DAVOO_XENEIZE_OPINA_DE_BOCA_0_UNIVERSIDAD_CATOLICA,f07::DAVOO XENEIZE OPINA DE BOCA 0 UNIVERSIDAD CATOLICA::clip_0482,clip_0482,no es responsable para mí de esta eliminación de Boca.,no es responsable para mí de esta eliminación de Boca,0.0,0.0,1.0,computed,
f07__DAVOO_XENEIZE_OPINA_DE_BOCA_0_UNIVERSIDAD_CATOLICA,f07::DAVOO XENEIZE OPINA DE BOCA 0 UNIVERSIDAD CATOLICA::clip_0483,clip_0483,Que Boca tiene que ver con el arquero de jerarquía Pero no porque el chico sea,que boca tiene que ver con arquero de jerarquía pero no porque el chico sea,0.0385,0.0625,0.9615,computed,
f07__DAVOO_XENEIZE_OPINA_DE_BOCA_0_UNIVERSIDAD_CATOLICA,f07::DAVOO XENEIZE OPINA DE BOCA 0 UNIVERSIDAD CATOLICA::clip_0484,clip_0484,"al arquero, sino porque tiene 23 años porque es una edad en la cual un arquero",el arquero sino porque tiene 23 años porque es una edad en la cual un arquero,0.013,0.0625,1.0,computed,
f07__DAVOO_XENEIZE_OPINA_DE_BOCA_0_UNIVERSIDAD_CATOLICA,f07::DAVOO XENEIZE OPINA DE BOCA 0 UNIVERSIDAD CATOLICA::clip_0486,clip_0486,"salir mal 80 veces, comerse 500 goles.","Salir mal 80 veces, comerse 500 goles.",0.0,0.0,1.0,computed,
f07__DAVOO_XENEIZE_OPINA_DE_BOCA_0_UNIVERSIDAD_CATOLICA,f07::DAVOO XENEIZE OPINA DE BOCA 0 UNIVERSIDAD CATOLICA::clip_0487,clip_0487,"volver a Boca con más experiencia, más maduro. Al fin y al cabo, algo similar.",volver a boca con más experiencia más maduro al fin y al cabo algo similar,0.0,0.0,1.0,computed,
f07__DAVOO_XENEIZE_OPINA_DE_BOCA_0_UNIVERSIDAD_CATOLICA,f07::DAVOO XENEIZE OPINA DE BOCA 0 UNIVERSIDAD CATOLICA::clip_0488,clip_0488,"pasó con Agustín Rocha en su momento y a Boca le vino muy bien eso, hubo un Rocha.",Pasó con Agustín Roche en su momento y a Boca le vino muy bien eso.,0.1875,0.2222,0.825,computed,
f07__DAVOO_XENEIZE_OPINA_DE_BOCA_0_UNIVERSIDAD_CATOLICA,f07::DAVOO XENEIZE OPINA DE BOCA 0 UNIVERSIDAD CATOLICA::clip_0489,clip_0489,2018 y otro Rossi en 2022. En el medio fue a préstamo a Lanús. Creo que cuando volvió Rossi y reemplazó a,2018 y otro Rossi en 2022. En el medio fue a préstamo Lanús. Creo que cuando volvió Rossi y reemplazó a,0.0194,0.0455,0.9806,computed,
f07__DAVOO_XENEIZE_OPINA_DE_BOCA_0_UNIVERSIDAD_CATOLICA,f07::DAVOO XENEIZE OPINA DE BOCA 0 UNIVERSIDAD CATOLICA::clip_0490,clip_0490,lo hizo hasta mejor y siendo un arquero joven,Iván András lo hizo hasta mejor y siendo un arquero joven.,0.2667,0.2222,1.2667,computed,
f07__DAVOO_XENEIZE_OPINA_DE_BOCA_0_UNIVERSIDAD_CATOLICA,f07::DAVOO XENEIZE OPINA DE BOCA 0 UNIVERSIDAD CATOLICA::clip_0491,clip_0491,Creo que Bray es un buen arquero. No sé si para ser arquero ahora titular de Boca.,Creo que Bray es un buen arquero. No sé si para ser arquero ahora titular de gol.,0.0375,0.0588,0.9875,computed,
f07__DAVOO_XENEIZE_OPINA_DE_BOCA_0_UNIVERSIDAD_CATOLICA,f07::DAVOO XENEIZE OPINA DE BOCA 0 UNIVERSIDAD CATOLICA::clip_0492,clip_0492,"Y Marchesin está lesionado, una pena la verdad la lesión de Marchesin, pero también creo que entre la lesión...","Y Marchesin está lesionado, una pena la verdad la lesión de Marchesin, pero también creo que entre la lesión y la...",0.0472,0.1053,1.0472,computed,
f07__DAVOO_XENEIZE_OPINA_DE_BOCA_0_UNIVERSIDAD_CATOLICA,f07::DAVOO XENEIZE OPINA DE BOCA 0 UNIVERSIDAD CATOLICA::clip_0493,clip_0493,"La edad que tiene, Boca tiene que apuntar a un futuro con otro.","La edad que tiene, Boca tiene que apuntar a un futuro con otro.",0.0,0.0,1.0,computed,
f07__DAVOO_XENEIZE_OPINA_DE_BOCA_0_UNIVERSIDAD_CATOLICA,f07::DAVOO XENEIZE OPINA DE BOCA 0 UNIVERSIDAD CATOLICA::clip_0494,clip_0494,En la defensa jugó el lateral derecho Malcom Braida.,En la defensa jugó de lateral derecho Malcom Braida.,0.0392,0.1111,1.0,computed,
f07__DAVOO_XENEIZE_OPINA_DE_BOCA_0_UNIVERSIDAD_CATOLICA,f07::DAVOO XENEIZE OPINA DE BOCA 0 UNIVERSIDAD CATOLICA::clip_0495,clip_0495,"tío Braida para mí, pero que Braida","partido Braida para mí, pero que Braida...",0.1471,0.1429,1.1176,computed,
f07__DAVOO_XENEIZE_OPINA_DE_BOCA_0_UNIVERSIDAD_CATOLICA,f07::DAVOO XENEIZE OPINA DE BOCA 0 UNIVERSIDAD CATOLICA::clip_0496,clip_0496,"Termina jugando el lateral derecho, te habla de la improvisación que ha tenido.","Termina jugando lateral derecho, te habla de la improvisación que ha tenido...",0.039,0.0769,0.961,computed,
f07__DAVOO_XENEIZE_OPINA_DE_BOCA_0_UNIVERSIDAD_CATOLICA,f07::DAVOO XENEIZE OPINA DE BOCA 0 UNIVERSIDAD CATOLICA::clip_0498,clip_0498,de pronunciación que ha tenido Boca en este campeonato. En 2024 me acuerdo,improvisación que ha tenido Boca en este campeonato. En 2024 me acuerdo,0.1096,0.1538,0.9589,computed,
f07__DAVOO_XENEIZE_OPINA_DE_BOCA_0_UNIVERSIDAD_CATOLICA,f07::DAVOO XENEIZE OPINA DE BOCA 0 UNIVERSIDAD CATOLICA::clip_0499,clip_0499,Porque yo estuve todo el mercado de...,Porque yo estuve todo el mercado de...,0.0,0.0,1.0,computed,
f07__DAVOO_XENEIZE_OPINA_DE_BOCA_0_UNIVERSIDAD_CATOLICA,f07::DAVOO XENEIZE OPINA DE BOCA 0 UNIVERSIDAD CATOLICA::clip_0500,clip_0500,pase todo el primer semestre diciendo que a Boca le faltaban cuatro suplentes.,Paso y todo el primer semestre diciendo que a Boca le faltaban cuatro suplentes.,0.039,0.1538,1.026,computed,
f07__DAVOO_XENEIZE_OPINA_DE_BOCA_0_UNIVERSIDAD_CATOLICA,f07::DAVOO XENEIZE OPINA DE BOCA 0 UNIVERSIDAD CATOLICA::clip_0501,clip_0501,"Que Boca jugaba cada tres días, que el 4 era víncula, que estaban...","Que Boca jugaba cada tres días, que el 4 era la víncula que estaba en un...",0.127,0.3077,1.127,computed,
f07__DAVOO_XENEIZE_OPINA_DE_BOCA_0_UNIVERSIDAD_CATOLICA,f07::DAVOO XENEIZE OPINA DE BOCA 0 UNIVERSIDAD CATOLICA::clip_0502,clip_0502,ni bien en ese entonces pero que si no está la víncula jugaba o final de cual,buen nivel en ese entonces pero que si no está la víncula jugaba o final de,0.1558,0.1765,0.974,computed,
f07__DAVOO_XENEIZE_OPINA_DE_BOCA_0_UNIVERSIDAD_CATOLICA,f07::DAVOO XENEIZE OPINA DE BOCA 0 UNIVERSIDAD CATOLICA::clip_0503,clip_0503,"o Dilolo de 4. No trajeron a nadie, se conformaron con solamente a Dil...","o Dilolo de 4. No trajeron a nadie, se conformaron con solamente a Dilolo de 4.",0.1176,0.2143,1.1176,computed,
f07__DAVOO_XENEIZE_OPINA_DE_BOCA_0_UNIVERSIDAD_CATOLICA,f07::DAVOO XENEIZE OPINA DE BOCA 0 UNIVERSIDAD CATOLICA::clip_0507,clip_0507,"juega todo el partido con uno menos, sin lateral derecho, queda eliminado.","juega todo el partido con uno menos sin lateral derecho, queda eliminado.",0.0,0.0,1.0,computed,
f07__DAVOO_XENEIZE_OPINA_DE_BOCA_0_UNIVERSIDAD_CATOLICA,f07::DAVOO XENEIZE OPINA DE BOCA 0 UNIVERSIDAD CATOLICA::clip_0508,clip_0508,días que traen a Marinaga. Sobrepagado porque estaba por cerrar el mercado.,días que trae navarinaga sobrepagado porque estaba por cerrar el mercado,0.0548,0.25,0.9863,computed,
f07__DAVOO_XENEIZE_OPINA_DE_BOCA_0_UNIVERSIDAD_CATOLICA,f07::DAVOO XENEIZE OPINA DE BOCA 0 UNIVERSIDAD CATOLICA::clip_0509,clip_0509,"más se sabe el grano. Es decir, ocho meses.","se sabe el grano. Es decir, ocho meses.",0.1,0.1111,0.9,computed,
f07__DAVOO_XENEIZE_OPINA_DE_BOCA_0_UNIVERSIDAD_CATOLICA,f07::DAVOO XENEIZE OPINA DE BOCA 0 UNIVERSIDAD CATOLICA::clip_0510,clip_0510,Después se dan cuenta que a Boca le hace falta un 4 suplente. Y lo traen cuando ya quedamos afuera. Ahora lo mismo.,Después se dan cuenta que a Boca le hace falta un 4 suplente. Y lo traen cuando yo quedamos afuera. Ahora lo mismo.,0.0089,0.0435,1.0,computed,
f07__DAVOO_XENEIZE_OPINA_DE_BOCA_0_UNIVERSIDAD_CATOLICA,f07::DAVOO XENEIZE OPINA DE BOCA 0 UNIVERSIDAD CATOLICA::clip_0512,clip_0512,"Los dos, cuatro que tenés no rinden. Y el otro, qué bueno, qué gorosito.","Los dos cuatro que tenés no rinden. Y el otro, qué bueno, qué grosito.",0.0149,0.0714,0.9851,computed,
f07__DAVOO_XENEIZE_OPINA_DE_BOCA_0_UNIVERSIDAD_CATOLICA,f07::DAVOO XENEIZE OPINA DE BOCA 0 UNIVERSIDAD CATOLICA::clip_0513,clip_0513,Entonces es culpa de Braia la eliminación de Boca.,¿Esto es culpa de Brian la eliminación de Boca? Cuando hoy tuvo que jugar.,0.6735,0.7778,1.449,computed,
f07__DAVOO_XENEIZE_OPINA_DE_BOCA_0_UNIVERSIDAD_CATOLICA,f07::DAVOO XENEIZE OPINA DE BOCA 0 UNIVERSIDAD CATOLICA::clip_0514,clip_0514,"de cuatro. Dupla central, Dilolo Pellegrino. Dilolo lamentablemente bajó su nivel.","jugar de 4. Dupla central, Dilolo Pellegrino. Dilolo lamentablemente bajó su nivel.",0.1282,0.1818,1.0128,computed,
f07__DAVOO_XENEIZE_OPINA_DE_BOCA_0_UNIVERSIDAD_CATOLICA,f07::DAVOO XENEIZE OPINA DE BOCA 0 UNIVERSIDAD CATOLICA::clip_0515,clip_0515,Tuvo meses muy buenos Tantos meses,estuvo meses muy buenos,0.4412,0.5,0.6765,computed,
f07__DAVOO_XENEIZE_OPINA_DE_BOCA_0_UNIVERSIDAD_CATOLICA,f07::DAVOO XENEIZE OPINA DE BOCA 0 UNIVERSIDAD CATOLICA::clip_0516,clip_0516,"sorprendió, pero creo que en esta recta final del semestre ha mostrado quizás su","sorprendió, pero creo que en esta recta final del semestre ha mostrado quizás su",0.0,0.0,1.0,computed,
f07__DAVOO_XENEIZE_OPINA_DE_BOCA_0_UNIVERSIDAD_CATOLICA,f07::DAVOO XENEIZE OPINA DE BOCA 0 UNIVERSIDAD CATOLICA::clip_0517,clip_0517,"operación con la camiseta de Boca, pero creo que ha superado las expectativas. Miralo.","peor presión con la camiseta de boca, pero yo creo que has superado las expectativas, miralo.",0.1325,0.2857,1.0843,computed,
f07__DAVOO_XENEIZE_OPINA_DE_BOCA_0_UNIVERSIDAD_CATOLICA,f07::DAVOO XENEIZE OPINA DE BOCA 0 UNIVERSIDAD CATOLICA::clip_0518,clip_0518,"Vino a Boca a ser suplente, se bancó jugar cuando no había nadie, se bancó jugar de lateral, se bancó jugar de central.","vino a Boca a ser suplente, se bancó jugar cuando no había nadie, se bancó jugar de lateral, se bancó jugar de...",0.0696,0.0435,0.9304,computed,
f07__DAVOO_XENEIZE_OPINA_DE_BOCA_0_UNIVERSIDAD_CATOLICA,f07::DAVOO XENEIZE OPINA DE BOCA 0 UNIVERSIDAD CATOLICA::clip_0521,clip_0521,"juega nunca, jugó porque no estaba a costa. Me parece bueno Peregrino a mí.",juega nunca y jugó porque no estaba costa no parece buena peregrino,0.1667,0.4286,0.9306,computed,
f07__DAVOO_XENEIZE_OPINA_DE_BOCA_0_UNIVERSIDAD_CATOLICA,f07::DAVOO XENEIZE OPINA DE BOCA 0 UNIVERSIDAD CATOLICA::clip_0524,clip_0524,"buen partido blanco hoy, pero tampoco creo que sea su culpa. ¿Qué quieren que les diga? Y no por defenderlo, es no por un",buen partido blanco hoy pero tampoco creo que sea su culpa que quieren que les diga y no por defenderlo,0.1207,0.2083,0.8879,computed,
f07__DAVOO_XENEIZE_OPINA_DE_BOCA_0_UNIVERSIDAD_CATOLICA,f07::DAVOO XENEIZE OPINA DE BOCA 0 UNIVERSIDAD CATOLICA::clip_0526,clip_0526,juego. Todo el partido de Boca fue tener,todo el partido de boca fue tener,0.1538,0.125,0.8462,computed,
f07__DAVOO_XENEIZE_OPINA_DE_BOCA_0_UNIVERSIDAD_CATOLICA,f07::DAVOO XENEIZE OPINA DE BOCA 0 UNIVERSIDAD CATOLICA::clip_0527,clip_0527,"bloquear la mitad de la cancha y jugar para las bandas. Que alguno dirá, no, pero...",bloquear a la mitad de la cancha y jugar para las bandas.,0.3333,0.375,0.7179,computed,
f07__DAVOO_XENEIZE_OPINA_DE_BOCA_0_UNIVERSIDAD_CATOLICA,f07::DAVOO XENEIZE OPINA DE BOCA 0 UNIVERSIDAD CATOLICA::clip_0528,clip_0528,Blanco la agarra y siempre hace la misma y tira el centro de mierda. ¡Qué pija!,blanco la agarra y siempre hace la misma y tira el centro de mierda que pija,0.0132,0.0625,1.0,computed,
f07__DAVOO_XENEIZE_OPINA_DE_BOCA_0_UNIVERSIDAD_CATOLICA,f07::DAVOO XENEIZE OPINA DE BOCA 0 UNIVERSIDAD CATOLICA::clip_0529,clip_0529,¿Querés que haga un lateral izquierdo con dos tipos en signo cuando se la dan cada tres minutos?,¿Querés que haga un lateral izquierdo con dos tipos encima cuando se la dan cada tres minutos?,0.0532,0.1111,0.9787,computed,
f07__DAVOO_XENEIZE_OPINA_DE_BOCA_0_UNIVERSIDAD_CATOLICA,f07::DAVOO XENEIZE OPINA DE BOCA 0 UNIVERSIDAD CATOLICA::clip_0531,clip_0531,"Y sí, va a tirar a un centro. El problema no es que haga eso.","Y sí, va a tirar, va a tirar un centro. El problema no es que haga eso.",0.1552,0.1333,1.1552,computed,
f07__DAVOO_XENEIZE_OPINA_DE_BOCA_0_UNIVERSIDAD_CATOLICA,f07::DAVOO XENEIZE OPINA DE BOCA 0 UNIVERSIDAD CATOLICA::clip_0532,clip_0532,"El problema es que lo haga cada dos minutos. Ahora, si lo hace cada dos minutos...","El problema es que lo haga cada dos minutos. Ahora, si lo hace cada dos minutos...",0.0,0.0,1.0,computed,
f07__DAVOO_XENEIZE_OPINA_DE_BOCA_0_UNIVERSIDAD_CATOLICA,f07::DAVOO XENEIZE OPINA DE BOCA 0 UNIVERSIDAD CATOLICA::clip_0533,clip_0533,Es porque la idea de Juegos de Boca era ser el lateral. Es porque Boca tiene escasez de...,Es porque la idea de juego de Boca será lateral. Es porque Boca tiene escasez de...,0.093,0.2222,0.9186,computed,
f07__DAVOO_XENEIZE_OPINA_DE_BOCA_0_UNIVERSIDAD_CATOLICA,f07::DAVOO XENEIZE OPINA DE BOCA 0 UNIVERSIDAD CATOLICA::clip_0534,clip_0534,"idea de juego, después a veces hace boludeces, de hecho voy a decirlo","idea de juego, después a veces hace boludeces, de hecho voy a decirlo",0.0,0.0,1.0,computed,
f07__DAVOO_XENEIZE_OPINA_DE_BOCA_0_UNIVERSIDAD_CATOLICA,f07::DAVOO XENEIZE OPINA DE BOCA 0 UNIVERSIDAD CATOLICA::clip_0535,clip_0535,"Blanco, en estos últimos partidos, ha hecho faltas pelotudas, ha hecho...","Blanco, en estos últimos partidos, ha hecho faltas pelotudas, ha hecho...",0.0,0.0,1.0,computed,
f07__DAVOO_XENEIZE_OPINA_DE_BOCA_0_UNIVERSIDAD_CATOLICA,f07::DAVOO XENEIZE OPINA DE BOCA 0 UNIVERSIDAD CATOLICA::clip_0536,clip_0536,Bolívares está en partidos importantes.,Bolívarse en partidos importantes.,0.1316,0.4,0.8684,computed,
f07__DAVOO_XENEIZE_OPINA_DE_BOCA_0_UNIVERSIDAD_CATOLICA,f07::DAVOO XENEIZE OPINA DE BOCA 0 UNIVERSIDAD CATOLICA::clip_0538,clip_0538,"y horrores e impropios de un jugador como él, pero ofensivamente.","horrores e impropios de un jugador como él, pero ofensivamente.",0.0317,0.0909,0.9683,computed,
f07__DAVOO_XENEIZE_OPINA_DE_BOCA_0_UNIVERSIDAD_CATOLICA,f07::DAVOO XENEIZE OPINA DE BOCA 0 UNIVERSIDAD CATOLICA::clip_0539,clip_0539,"Si el juego de Boca se va a basar en eso, tampoco es mago.","Si el juego de Boca se va a basar en eso, tampoco es mago.",0.0,0.0,1.0,computed,
f07__DAVOO_XENEIZE_OPINA_DE_BOCA_0_UNIVERSIDAD_CATOLICA,f07::DAVOO XENEIZE OPINA DE BOCA 0 UNIVERSIDAD CATOLICA::clip_0540,clip_0540,"Ancha jugó Ander Herrera, que la verdad no me gustó en su primer tiempo.","Ancha jugó Ander Herrera, que la verdad no me gustó en su primer tiempo.",0.0,0.0,1.0,computed,
f07__DAVOO_XENEIZE_OPINA_DE_BOCA_0_UNIVERSIDAD_CATOLICA,f07::DAVOO XENEIZE OPINA DE BOCA 0 UNIVERSIDAD CATOLICA::clip_0542,clip_0542,"de la herrera, me pongo en su lugar y entiendo que si vos jugás de mitad","de la Herrera, me pongo en su lugar y entiendo que si vos jugás de mitad",0.0,0.0,1.0,computed,
f07__DAVOO_XENEIZE_OPINA_DE_BOCA_0_UNIVERSIDAD_CATOLICA,f07::DAVOO XENEIZE OPINA DE BOCA 0 UNIVERSIDAD CATOLICA::clip_0543,clip_0543,Ceballos de extremos y con Milton Jiménez.,vallos de extremos y con milton jiménez,0.0732,0.1429,0.9512,computed,
f07__DAVOO_XENEIZE_OPINA_DE_BOCA_0_UNIVERSIDAD_CATOLICA,f07::DAVOO XENEIZE OPINA DE BOCA 0 UNIVERSIDAD CATOLICA::clip_0544,clip_0544,y te bloquean la mitad de la cancha porque todo el tiempo Eucatólica,Y te bloquean la mitad de la cancha Porque todo el tiempo Bucatólica,0.0147,0.0769,1.0,computed,
f07__DAVOO_XENEIZE_OPINA_DE_BOCA_0_UNIVERSIDAD_CATOLICA,f07::DAVOO XENEIZE OPINA DE BOCA 0 UNIVERSIDAD CATOLICA::clip_0545,clip_0545,en la mitad y no tanto en las bandas que otra cosa puedes hacer,en la mitad y no tanto en las bandas que otra cosa puedes hacer,0.0,0.0,1.0,computed,
f07__DAVOO_XENEIZE_OPINA_DE_BOCA_0_UNIVERSIDAD_CATOLICA,f07::DAVOO XENEIZE OPINA DE BOCA 0 UNIVERSIDAD CATOLICA::clip_0547,clip_0547,No jugué suelto Ahora tendría que jugar En la mitad de la cancha Suelto Y,No juegue suelto Ahora tenía que jugar En la mitad de la cancha Suelto Y,0.0548,0.1333,0.9863,computed,
f07__DAVOO_XENEIZE_OPINA_DE_BOCA_0_UNIVERSIDAD_CATOLICA,f07::DAVOO XENEIZE OPINA DE BOCA 0 UNIVERSIDAD CATOLICA::clip_0548,clip_0548,generar pases y segundo que el 9 no te rebota una pelota ni aunque estés,generar pases y segundo que el 9 no te rebote una pelota ni aunque esté,0.0278,0.1333,0.9861,computed,
f07__DAVOO_XENEIZE_OPINA_DE_BOCA_0_UNIVERSIDAD_CATOLICA,f07::DAVOO XENEIZE OPINA DE BOCA 0 UNIVERSIDAD CATOLICA::clip_0550,clip_0550,"Y con Vareiro de titular, hoy el partido era otro. Para los medocampistas.","Y con Vareiro de titular, hoy el partido era otro. Para los medocampistas.",0.0,0.0,1.0,computed,
f07__DAVOO_XENEIZE_OPINA_DE_BOCA_0_UNIVERSIDAD_CATOLICA,f07::DAVOO XENEIZE OPINA DE BOCA 0 UNIVERSIDAD CATOLICA::clip_0551,clip_0551,"Ahora, en ese escenario en el cual no...","Ahora, en ese escenario en el cual no...",0.0,0.0,1.0,computed,
f07__DAVOO_XENEIZE_OPINA_DE_BOCA_0_UNIVERSIDAD_CATOLICA,f07::DAVOO XENEIZE OPINA DE BOCA 0 UNIVERSIDAD CATOLICA::clip_0552,clip_0552,"ni a nada, tampoco colaboran de la regla dando pases para atrás sin...","ni a nada, tampoco colaboran de la regla dando pases para atrás sin...",0.0,0.0,1.0,computed,
f07__DAVOO_XENEIZE_OPINA_DE_BOCA_0_UNIVERSIDAD_CATOLICA,f07::DAVOO XENEIZE OPINA DE BOCA 0 UNIVERSIDAD CATOLICA::clip_0553,clip_0553,Están teniendo mucha paciencia con la peli.,estarán teniendo mucha paciencia con la peli,0.0476,0.1429,1.0476,computed,
f07__DAVOO_XENEIZE_OPINA_DE_BOCA_0_UNIVERSIDAD_CATOLICA,f07::DAVOO XENEIZE OPINA DE BOCA 0 UNIVERSIDAD CATOLICA::clip_0554,clip_0554,pero me pongo pienso un segundo en el partido y la verdad es que,pero me pongo pienso un segundo en el partido y la verdad es que,0.0,0.0,1.0,computed,
f07__DAVOO_XENEIZE_OPINA_DE_BOCA_0_UNIVERSIDAD_CATOLICA,f07::DAVOO XENEIZE OPINA DE BOCA 0 UNIVERSIDAD CATOLICA::clip_0555,clip_0555,Mucho no le ofrecieron a Ander Herrera en el partido de hoy como para hacer...,Muchos no le ofrecieron a Andy Herrera en el partido de hoy como para hacer...,0.04,0.1333,1.0,computed,
f07__DAVOO_XENEIZE_OPINA_DE_BOCA_0_UNIVERSIDAD_CATOLICA,f07::DAVOO XENEIZE OPINA DE BOCA 0 UNIVERSIDAD CATOLICA::clip_0556,clip_0556,diferente. Y tampoco es un jugador de características como para ganar de...,diferente y tampoco es un jugador de características como para ganarte,0.0282,0.1667,0.9859,computed,
f07__DAVOO_XENEIZE_OPINA_DE_BOCA_0_UNIVERSIDAD_CATOLICA,f07::DAVOO XENEIZE OPINA DE BOCA 0 UNIVERSIDAD CATOLICA::clip_0558,clip_0558,Claramente necesita de movimientos. Ni siquiera te digo de jugadores.,"Claramente necesita de movimientos, ni siquiera te digo de jugadores.",0.0,0.0,1.0,computed,
f07__DAVOO_XENEIZE_OPINA_DE_BOCA_0_UNIVERSIDAD_CATOLICA,f07::DAVOO XENEIZE OPINA DE BOCA 0 UNIVERSIDAD CATOLICA::clip_0559,clip_0559,movimiento de sus compañeros para poder marcar la diferencia. Una diagonal en el tirabanoide. Una.,Movimiento de sus compañeros para poder marcar la diferencia. Una diagonal en el tirano hoy. Una.,0.0632,0.1333,0.9895,computed,
f07__DAVOO_XENEIZE_OPINA_DE_BOCA_0_UNIVERSIDAD_CATOLICA,f07::DAVOO XENEIZE OPINA DE BOCA 0 UNIVERSIDAD CATOLICA::clip_0560,clip_0560,"Después jugó Milton Delgado, un Milton...","Después jugó Milton Delgado, un Milton...",0.0,0.0,1.0,computed,
f07__DAVOO_XENEIZE_OPINA_DE_BOCA_0_UNIVERSIDAD_CATOLICA,f07::DAVOO XENEIZE OPINA DE BOCA 0 UNIVERSIDAD CATOLICA::clip_0561,clip_0561,que también ha sido muy regular en Boca en estos últimos años.,que también ha sido muy regular en Boca en estos últimos años.,0.0,0.0,1.0,computed,
f07__DAVOO_XENEIZE_OPINA_DE_BOCA_0_UNIVERSIDAD_CATOLICA,f07::DAVOO XENEIZE OPINA DE BOCA 0 UNIVERSIDAD CATOLICA::clip_0562,clip_0562,No creo que haya tenido un buen partido hoy Y tampoco creo que...,No creo que haya tenido un buen partido hoy Y tampoco creo que,0.0,0.0,1.0,computed,
f07__DAVOO_XENEIZE_OPINA_DE_BOCA_0_UNIVERSIDAD_CATOLICA,f07::DAVOO XENEIZE OPINA DE BOCA 0 UNIVERSIDAD CATOLICA::clip_0563,clip_0563,Viene teniendo una serie de buenos partidos. Creo que Milton ha bajado su nivel.,viene teniendo una serie de buenos partidos. Creo que Milton ha bajado su nivel.,0.0,0.0,1.0,computed,
f07__DAVOO_XENEIZE_OPINA_DE_BOCA_0_UNIVERSIDAD_CATOLICA,f07::DAVOO XENEIZE OPINA DE BOCA 0 UNIVERSIDAD CATOLICA::clip_0564,clip_0564,"Ha tenido partidos malos Pero bueno, también es verdad que Mito","Ha tenido partidos malos Pero bueno, también es verdad que",0.0806,0.0909,0.9194,computed,
f07__DAVOO_XENEIZE_OPINA_DE_BOCA_0_UNIVERSIDAD_CATOLICA,f07::DAVOO XENEIZE OPINA DE BOCA 0 UNIVERSIDAD CATOLICA::clip_0565,clip_0565,"Delgado es un jugador al cual, por lo menos técnicamente, si bien tiene un...",delgado es un jugador al cual por lo menos técnicamente si bien tiene uno,0.0139,0.0714,1.0139,computed,
f07__DAVOO_XENEIZE_OPINA_DE_BOCA_0_UNIVERSIDAD_CATOLICA,f07::DAVOO XENEIZE OPINA DE BOCA 0 UNIVERSIDAD CATOLICA::clip_0566,clip_0566,"orden y si bien tiene buen pase, creo que ocupa otro rol en este equipo.","orden y si bien tiene buen pase, creo que ocupa otro rol en este equipo.",0.0,0.0,1.0,computed,
f07__DAVOO_XENEIZE_OPINA_DE_BOCA_0_UNIVERSIDAD_CATOLICA,f07::DAVOO XENEIZE OPINA DE BOCA 0 UNIVERSIDAD CATOLICA::clip_0567,clip_0567,"jugó a Herrera y Paredes, creo que el rol de Milton Delgado más que nada, por lo menos en el partido de hoy que no pudo",Juega Herrera y Paredes Creo que el rol de Milton Delgado Más que nada Por lo menos en el partido Hoy que no pudo,0.0513,0.1154,0.9658,computed,
f07__DAVOO_XENEIZE_OPINA_DE_BOCA_0_UNIVERSIDAD_CATOLICA,f07::DAVOO XENEIZE OPINA DE BOCA 0 UNIVERSIDAD CATOLICA::clip_0569,clip_0569,"De atacar, de recuperar rápido.",de atacar de recuperar rápido,0.0,0.0,1.0,computed,
f07__DAVOO_XENEIZE_OPINA_DE_BOCA_0_UNIVERSIDAD_CATOLICA,f07::DAVOO XENEIZE OPINA DE BOCA 0 UNIVERSIDAD CATOLICA::clip_0570,clip_0570,"de generar espacios, y la verdad que a su mano...",generar espacios y la verdad que a su,0.1778,0.2,0.8222,computed,
f07__DAVOO_XENEIZE_OPINA_DE_BOCA_0_UNIVERSIDAD_CATOLICA,f07::DAVOO XENEIZE OPINA DE BOCA 0 UNIVERSIDAD CATOLICA::clip_0571,clip_0571,"manera lo hizo, hubo una jugada que se lanza muy bien en ataque, corta una línea de",lo hizo una jugada que se lanza muy bien ataque corta una línea,0.2222,0.2353,0.7778,computed,
f07__DAVOO_XENEIZE_OPINA_DE_BOCA_0_UNIVERSIDAD_CATOLICA,f07::DAVOO XENEIZE OPINA DE BOCA 0 UNIVERSIDAD CATOLICA::clip_0572,clip_0572,"Pase, recibe, queda 3 contra 2, conduce y tiene a Milton Jiménez que...","Pase, recibe, queda 3 contra 2, conduce y tiene a Milton Jiménez.",0.0615,0.0769,0.9385,computed,
f07__DAVOO_XENEIZE_OPINA_DE_BOCA_0_UNIVERSIDAD_CATOLICA,f07::DAVOO XENEIZE OPINA DE BOCA 0 UNIVERSIDAD CATOLICA::clip_0573,clip_0573,Literalmente va trotando en offside.,literalmente va trotando en offside,0.0,0.0,1.0,computed,
f07__DAVOO_XENEIZE_OPINA_DE_BOCA_0_UNIVERSIDAD_CATOLICA,f07::DAVOO XENEIZE OPINA DE BOCA 0 UNIVERSIDAD CATOLICA::clip_0574,clip_0574,Ceballos que se le cruza a Milton Jiménez. Y en el medio tres jugadores de Boca Católica.,"Ceballos que se le cruza a Milton Jiménez. Y en el medio, tres jugadores católicas.",0.1034,0.1765,0.9195,computed,
f07__DAVOO_XENEIZE_OPINA_DE_BOCA_0_UNIVERSIDAD_CATOLICA,f07::DAVOO XENEIZE OPINA DE BOCA 0 UNIVERSIDAD CATOLICA::clip_0575,clip_0575,"¿Qué carajo querés que haga, Minton Delgado? La verdad es que duro.",la verdad es que duro,0.6667,0.5833,0.3333,computed,
f07__DAVOO_XENEIZE_OPINA_DE_BOCA_0_UNIVERSIDAD_CATOLICA,f07::DAVOO XENEIZE OPINA DE BOCA 0 UNIVERSIDAD CATOLICA::clip_0576,clip_0576,verdad que duro después jugó paredes que la verdad paredes,"la verdad es que duro. Después jugó Paredes, que la verdad, Paredes, a mí me...",0.2414,0.5,1.2414,computed,
f07__DAVOO_XENEIZE_OPINA_DE_BOCA_0_UNIVERSIDAD_CATOLICA,f07::DAVOO XENEIZE OPINA DE BOCA 0 UNIVERSIDAD CATOLICA::clip_0577,clip_0577,me parece el mejor jugador de Boca.,me parece el mejor guarda boca,0.1765,0.2857,0.8824,computed,
f07__DAVOO_XENEIZE_OPINA_DE_BOCA_0_UNIVERSIDAD_CATOLICA,f07::DAVOO XENEIZE OPINA DE BOCA 0 UNIVERSIDAD CATOLICA::clip_0578,clip_0578,"dudas, me parece que ha sido el mejor jugador de Boca en el semestre.","dudas, me parece que ha sido el mejor jugador de Boca en el semestre.",0.0,0.0,1.0,computed,
f07__DAVOO_XENEIZE_OPINA_DE_BOCA_0_UNIVERSIDAD_CATOLICA,f07::DAVOO XENEIZE OPINA DE BOCA 0 UNIVERSIDAD CATOLICA::clip_0579,clip_0579,parece que quizá muchos de los partidos,parece que quizá muchos de los partidos,0.0,0.0,1.0,computed,
f07__DAVOO_XENEIZE_OPINA_DE_BOCA_0_UNIVERSIDAD_CATOLICA,f07::DAVOO XENEIZE OPINA DE BOCA 0 UNIVERSIDAD CATOLICA::clip_0580,clip_0580,que hemos ganado un poco también fue por la jerarquía de la calidad que tiene.,que hemos ganado un poco también fue por la jerarquía y la calidad que tiene,0.026,0.0667,0.987,computed,
f07__DAVOO_XENEIZE_OPINA_DE_BOCA_0_UNIVERSIDAD_CATOLICA,f07::DAVOO XENEIZE OPINA DE BOCA 0 UNIVERSIDAD CATOLICA::clip_0581,clip_0581,parece que se hace cargo de muchas cosas dentro de la cancha como digo es el,parece que se hace cargo de muchas cosas dentro de la cancha como digo es,0.0395,0.0625,0.9605,computed,
f07__DAVOO_XENEIZE_OPINA_DE_BOCA_0_UNIVERSIDAD_CATOLICA,f07::DAVOO XENEIZE OPINA DE BOCA 0 UNIVERSIDAD CATOLICA::clip_0582,clip_0582,también les digo que para mí me ha jugado mal para mí parejo mal,también les digo que para mí me ha jugado mal para mí me parejo mal,0.0469,0.0714,1.0469,computed,
f07__DAVOO_XENEIZE_OPINA_DE_BOCA_0_UNIVERSIDAD_CATOLICA,f07::DAVOO XENEIZE OPINA DE BOCA 0 UNIVERSIDAD CATOLICA::clip_0583,clip_0583,"Erráticos, centros malos, pases malos, se nos notó por momentos que...","Erráticos, centros malos Pases malos Se lo notó por momentos",0.0938,0.1818,0.9219,computed,
f07__DAVOO_XENEIZE_OPINA_DE_BOCA_0_UNIVERSIDAD_CATOLICA,f07::DAVOO XENEIZE OPINA DE BOCA 0 UNIVERSIDAD CATOLICA::clip_0584,clip_0584,"Cansado, no sé si jugó arrastrando una lesión, pero ya en el segundo tiempo.","cansado, no sé si jugó arrastrando una lesión pero ya en el segundo tiempo",0.0,0.0,1.0,computed,
f07__DAVOO_XENEIZE_OPINA_DE_BOCA_0_UNIVERSIDAD_CATOLICA,f07::DAVOO XENEIZE OPINA DE BOCA 0 UNIVERSIDAD CATOLICA::clip_0585,clip_0585,Se lo notó que no daba más Y eso Boca lo sufrió claramente,se lo notó que no daba más y eso boca lo sufrió claramente el problema,0.2069,0.1538,1.2069,computed,
f07__DAVOO_XENEIZE_OPINA_DE_BOCA_0_UNIVERSIDAD_CATOLICA,f07::DAVOO XENEIZE OPINA DE BOCA 0 UNIVERSIDAD CATOLICA::clip_0586,clip_0586,también es que Boca se acostumbró a depender de paredes y y si bien para mí,es que Boca se acostumbró a depender de paredes y si bien para mí...,0.1333,0.125,0.8667,computed,
f07__DAVOO_XENEIZE_OPINA_DE_BOCA_0_UNIVERSIDAD_CATOLICA,f07::DAVOO XENEIZE OPINA DE BOCA 0 UNIVERSIDAD CATOLICA::clip_0587,clip_0587,paredes ha tenido un mal partido porque,Paredes ha tenido un mal partido Porque,0.0,0.0,1.0,computed,
f07__DAVOO_XENEIZE_OPINA_DE_BOCA_0_UNIVERSIDAD_CATOLICA,f07::DAVOO XENEIZE OPINA DE BOCA 0 UNIVERSIDAD CATOLICA::clip_0588,clip_0588,"parece ser el mejor jugador que tiene Boca, es el más distinto, es el que más","Parece que es el mejor jugador que tiene Boca, es el más distinto, es el que más...",0.0667,0.125,1.04,computed,
f07__DAVOO_XENEIZE_OPINA_DE_BOCA_0_UNIVERSIDAD_CATOLICA,f07::DAVOO XENEIZE OPINA DE BOCA 0 UNIVERSIDAD CATOLICA::clip_0589,clip_0589,técnica tiene. Ese que le ha hecho ganar partido a Boca él solo. Entonces,técnica tiene. Es el que le ha hecho ganar partido a Boca él solo. Entonces,0.0282,0.1429,1.0282,computed,
f07__DAVOO_XENEIZE_OPINA_DE_BOCA_0_UNIVERSIDAD_CATOLICA,f07::DAVOO XENEIZE OPINA DE BOCA 0 UNIVERSIDAD CATOLICA::clip_0590,clip_0590,"Uno espera eso de paredes. Inevitablemente, capaz es demasiado.","Uno espera eso de paredes, inevitablemente, capaz es demasiado.",0.0,0.0,1.0,computed,
f07__DAVOO_XENEIZE_OPINA_DE_BOCA_0_UNIVERSIDAD_CATOLICA,f07::DAVOO XENEIZE OPINA DE BOCA 0 UNIVERSIDAD CATOLICA::clip_0591,clip_0591,pero uno espera que parezca en el partido solo y la verdad que no deja de ser un 5 que precisa,Pero uno espera que parezca en el partido solo. Y la verdad que no deja de ser un 5 que precisa de sus...,0.0745,0.0952,1.0745,computed,
f07__DAVOO_XENEIZE_OPINA_DE_BOCA_0_UNIVERSIDAD_CATOLICA,f07::DAVOO XENEIZE OPINA DE BOCA 0 UNIVERSIDAD CATOLICA::clip_0592,clip_0592,"compañeros, que hoy ha jugado mal, pero también es verdad que ha pasado muchas",compañeros que hoy ha jugado mal pero también es verdad que ha pasado mucha,0.0132,0.0714,0.9868,computed,
f07__DAVOO_XENEIZE_OPINA_DE_BOCA_0_UNIVERSIDAD_CATOLICA,f07::DAVOO XENEIZE OPINA DE BOCA 0 UNIVERSIDAD CATOLICA::clip_0593,clip_0593,A veces que levantaba la cabeza y no había un puto pase para dar para adelante.,que levantaba la cabeza y no había un puto pase para dar para adelante,0.1026,0.125,0.8974,computed,
f07__DAVOO_XENEIZE_OPINA_DE_BOCA_0_UNIVERSIDAD_CATOLICA,f07::DAVOO XENEIZE OPINA DE BOCA 0 UNIVERSIDAD CATOLICA::clip_0594,clip_0594,"Todos metidos, todos escondidos, dos puntas abiertos, un 9 en el A.","Todos metidos, todos escondidos, dos puntas abiertos, un 9 en el ámbito.",0.0952,0.0833,1.0794,computed,
f07__DAVOO_XENEIZE_OPINA_DE_BOCA_0_UNIVERSIDAD_CATOLICA,f07::DAVOO XENEIZE OPINA DE BOCA 0 UNIVERSIDAD CATOLICA::clip_0596,clip_0596,Paredes ha jugado mal Tampoco lo han ayudado a Paredes El error de Boca,parece ha jugado mal tampoco lo han ayudado a paredes el error de,0.0986,0.1429,0.9155,computed,
f07__DAVOO_XENEIZE_OPINA_DE_BOCA_0_UNIVERSIDAD_CATOLICA,f07::DAVOO XENEIZE OPINA DE BOCA 0 UNIVERSIDAD CATOLICA::clip_0597,clip_0597,Poca es haber sido tan paredes de pendiente también. Nunca está bien de pendiente.,Poca es haber sido tan paredes dependiente también. Nunca está alguien dependiente.,0.075,0.3571,1.0125,computed,
f07__DAVOO_XENEIZE_OPINA_DE_BOCA_0_UNIVERSIDAD_CATOLICA,f07::DAVOO XENEIZE OPINA DE BOCA 0 UNIVERSIDAD CATOLICA::clip_0598,clip_0598,de un jugador jamás menos de un 5 que te lo tapa como la taparon,de un jugador jamás menos de un 5 que te lo tapa como la taparon,0.0,0.0,1.0,computed,
f07__DAVOO_XENEIZE_OPINA_DE_BOCA_0_UNIVERSIDAD_CATOLICA,f07::DAVOO XENEIZE OPINA DE BOCA 0 UNIVERSIDAD CATOLICA::clip_0599,clip_0599,y qué haces porque si ese jugador en el cual vos dependés juega mal o lo más,¿Y qué haces? Porque si ese jugador en el cual vos dependés Juega mal O lo más,0.0,0.0,1.0,computed,
f07__DAVOO_XENEIZE_OPINA_DE_BOCA_0_UNIVERSIDAD_CATOLICA,f07::DAVOO XENEIZE OPINA DE BOCA 0 UNIVERSIDAD CATOLICA::clip_0600,clip_0600,marcan bien. ¿Qué haces? Y pasó eso.,¿Qué haces? ¿Y hoy pasó eso?,0.5,0.4286,0.75,computed,
f07__DAVOO_XENEIZE_OPINA_DE_BOCA_0_UNIVERSIDAD_CATOLICA,f07::DAVOO XENEIZE OPINA DE BOCA 0 UNIVERSIDAD CATOLICA::clip_0601,clip_0601,Hoy París no tuvo un buen partido y lo marcaron bien. Bucas no pateó al arco.,Hoy Paré no tuvo un buen partido. Y lo marcaron bien. Bucca no pateó al arco.,0.0533,0.125,0.9867,computed,
f07__DAVOO_XENEIZE_OPINA_DE_BOCA_0_UNIVERSIDAD_CATOLICA,f07::DAVOO XENEIZE OPINA DE BOCA 0 UNIVERSIDAD CATOLICA::clip_0602,clip_0602,"Y alguno va a decir, no, es la culpa de Paredes, hay que cagar a putidas a Paredes.","Y alguno va a decir, no, es la culpa de Paredes, hay que cagar a puteadas esa pared.",0.0759,0.1667,1.0127,computed,
f07__DAVOO_XENEIZE_OPINA_DE_BOCA_0_UNIVERSIDAD_CATOLICA,f07::DAVOO XENEIZE OPINA DE BOCA 0 UNIVERSIDAD CATOLICA::clip_0603,clip_0603,"de, sí, jugó mal, pero un tipo que volvió en su mejor momento a",de si jugó mal pero un tipo que volvió en su mejor momento,0.05,0.1429,0.9667,computed,
f07__DAVOO_XENEIZE_OPINA_DE_BOCA_0_UNIVERSIDAD_CATOLICA,f07::DAVOO XENEIZE OPINA DE BOCA 0 UNIVERSIDAD CATOLICA::clip_0604,clip_0604,jugar a Boca bien físicamente y futbolísticamente en un Boca que la verdad,jugar a boca bien físicamente y futbolísticamente en un boca que la verdad,0.0,0.0,1.0,computed,
f07__DAVOO_XENEIZE_OPINA_DE_BOCA_0_UNIVERSIDAD_CATOLICA,f07::DAVOO XENEIZE OPINA DE BOCA 0 UNIVERSIDAD CATOLICA::clip_0606,clip_0606,"venía del Mundial del Club que fue un fracaso, de la Libertadores que quedó fuera.","que venía del Mundial del Club, que fue un fracaso, de la Libertadores, que fueron...",0.15,0.2,0.9875,computed,
f07__DAVOO_XENEIZE_OPINA_DE_BOCA_0_UNIVERSIDAD_CATOLICA,f07::DAVOO XENEIZE OPINA DE BOCA 0 UNIVERSIDAD CATOLICA::clip_0607,clip_0607,"Alianza Lima, te perdés el clásico con River. Era un Boca muy malo.","Lanza-Lima, te perdés el clásico con River. Era un Boca muy malo. Vamos a...",0.1562,0.2308,1.0938,computed,
f07__DAVOO_XENEIZE_OPINA_DE_BOCA_0_UNIVERSIDAD_CATOLICA,f07::DAVOO XENEIZE OPINA DE BOCA 0 UNIVERSIDAD CATOLICA::clip_0608,clip_0608,así la verdad para mí lo hizo mejora mucho futbolísticamente,la verdad para mí lo hizo mejora mucho futbolísticamente,0.0667,0.1,0.9333,computed,
f07__DAVOO_XENEIZE_OPINA_DE_BOCA_0_UNIVERSIDAD_CATOLICA,f07::DAVOO XENEIZE OPINA DE BOCA 0 UNIVERSIDAD CATOLICA::clip_0609,clip_0609,alcanza. No alcanza con eso. Son dos análisis distintos que hago con paredes.,alcanza no alcanza con eso son dos análisis distintos que hago con paredes,0.0,0.0,1.0,computed,
f07__DAVOO_XENEIZE_OPINA_DE_BOCA_0_UNIVERSIDAD_CATOLICA,f07::DAVOO XENEIZE OPINA DE BOCA 0 UNIVERSIDAD CATOLICA::clip_0610,clip_0610,"Un análisis del partido de hoy, jugó mal. Otro análisis, a un jugador como Paredes lo tiró mal.","Un análisis del partido de hoy, jugó mal. Otro análisis, a un jugador que me pareció.",0.1978,0.2778,0.8901,computed,
f07__DAVOO_XENEIZE_OPINA_DE_BOCA_0_UNIVERSIDAD_CATOLICA,f07::DAVOO XENEIZE OPINA DE BOCA 0 UNIVERSIDAD CATOLICA::clip_0611,clip_0611,tenés que nutrir de buenos jugadores. Los tenés que acompañar más.,tenés que nutrir de buenos jugadores. Lo tenés que acompañar más.,0.0156,0.0909,0.9844,computed,
f07__DAVOO_XENEIZE_OPINA_DE_BOCA_0_UNIVERSIDAD_CATOLICA,f07::DAVOO XENEIZE OPINA DE BOCA 0 UNIVERSIDAD CATOLICA::clip_0612,clip_0612,"Levantaba la cabeza y tenía a Milton Jiménez, al Changuito Ceballos y al...","Levantaba la cabeza y tenía a Milton Jiménez, al Changuito Ceballos y al...",0.0,0.0,1.0,computed,
f07__DAVOO_XENEIZE_OPINA_DE_BOCA_0_UNIVERSIDAD_CATOLICA,f07::DAVOO XENEIZE OPINA DE BOCA 0 UNIVERSIDAD CATOLICA::clip_0613,clip_0613,"Pibaranda, que fue la salvación de Boca. Y te entra del banco Velasco Ángel Ro...","Pibaranda, que fue la salvación de Boca. Y te entra el banco Velasco Ángel Rodríguez.",0.1053,0.1333,1.0789,computed,
f07__DAVOO_XENEIZE_OPINA_DE_BOCA_0_UNIVERSIDAD_CATOLICA,f07::DAVOO XENEIZE OPINA DE BOCA 0 UNIVERSIDAD CATOLICA::clip_0614,clip_0614,"Romero. Después jugó el Pibaranda que la verdad, yo al Pibaranda la banco a muerte.","Romero. Después jugó el Pibaranda, que la verdad, ya el Pibaranda la van con muerte.",0.075,0.2667,1.0,computed,
f07__DAVOO_XENEIZE_OPINA_DE_BOCA_0_UNIVERSIDAD_CATOLICA,f07::DAVOO XENEIZE OPINA DE BOCA 0 UNIVERSIDAD CATOLICA::clip_0615,clip_0615,"No lo pusieron en su posición, fue el que más generó, fue el más habilidoso.","no lo pusieron en su posición, fue el que más generó, fue el más habilidoso.",0.0,0.0,1.0,computed,
f07__DAVOO_XENEIZE_OPINA_DE_BOCA_0_UNIVERSIDAD_CATOLICA,f07::DAVOO XENEIZE OPINA DE BOCA 0 UNIVERSIDAD CATOLICA::clip_0616,clip_0616,"Fue el que más se hizo cargo, fue el que más se mostró, fue el que más se entendió.","fue el que más se hizo cargo, fue el que más se mostró, fue el que más entendió...",0.0375,0.0526,0.9625,computed,
f07__DAVOO_XENEIZE_OPINA_DE_BOCA_0_UNIVERSIDAD_CATOLICA,f07::DAVOO XENEIZE OPINA DE BOCA 0 UNIVERSIDAD CATOLICA::clip_0617,clip_0617,"que se juega a Boca hoy. De hecho, creo que es el único que jugó un partido así.","que se juega a Boca hoy. De hecho, creo que es el único que jugó un partido así.",0.0,0.0,1.0,computed,
f07__DAVOO_XENEIZE_OPINA_DE_BOCA_0_UNIVERSIDAD_CATOLICA,f07::DAVOO XENEIZE OPINA DE BOCA 0 UNIVERSIDAD CATOLICA::clip_0618,clip_0618,Ninguno de los que nombré hasta ahora tuvieron un partido en el cual yo diga hoy jugó bien. Ahora no lo voy a recordar.,aceptable. Ninguno de los que nombraron hasta ahora tuvieron un partido en el cual yo diga hoy jugó bien. Ahora no lo voy a recordar.,0.1197,0.0833,1.1111,computed,
f07__DAVOO_XENEIZE_OPINA_DE_BOCA_0_UNIVERSIDAD_CATOLICA,f07::DAVOO XENEIZE OPINA DE BOCA 0 UNIVERSIDAD CATOLICA::clip_0619,clip_0619,"reconocer, al pibe grande lo voy a reconocer porque ese pibe sí que por lo menos",al pibe grande lo voy a reconocer porque ese pibe sí que por lo menos,0.1266,0.0625,0.8734,computed,
f07__DAVOO_XENEIZE_OPINA_DE_BOCA_0_UNIVERSIDAD_CATOLICA,f07::DAVOO XENEIZE OPINA DE BOCA 0 UNIVERSIDAD CATOLICA::clip_0620,clip_0620,nos dio la cara. Después jugó Milton Jiménez.,nos dio la cara. Después jugó Milton Jiménez.,0.0,0.0,1.0,computed,
f07__DAVOO_XENEIZE_OPINA_DE_BOCA_0_UNIVERSIDAD_CATOLICA,f07::DAVOO XENEIZE OPINA DE BOCA 0 UNIVERSIDAD CATOLICA::clip_0621,clip_0621,"Que bueno, lo de Milton es más entendible para el partido de hoy.","Que bueno, lo de Milton es más entendible para el partido de hoy.",0.0,0.0,1.0,computed,
f07__DAVOO_XENEIZE_OPINA_DE_BOCA_0_UNIVERSIDAD_CATOLICA,f07::DAVOO XENEIZE OPINA DE BOCA 0 UNIVERSIDAD CATOLICA::clip_0622,clip_0622,Milton Jiménez directamente es un jugador al cual con todo el respeto,Milton Jiménez directamente es un jugador al cual con todo el respeto,0.0,0.0,1.0,computed,
f07__DAVOO_XENEIZE_OPINA_DE_BOCA_0_UNIVERSIDAD_CATOLICA,f07::DAVOO XENEIZE OPINA DE BOCA 0 UNIVERSIDAD CATOLICA::clip_0623,clip_0623,No le da técnicamente para jugar en la primera de boca Es mi opinión Cuando va,No le da técnicamente para jugar en la primera de Boca Es mi opinión Cuando hay,0.0256,0.0625,1.0128,computed,
f07__DAVOO_XENEIZE_OPINA_DE_BOCA_0_UNIVERSIDAD_CATOLICA,f07::DAVOO XENEIZE OPINA DE BOCA 0 UNIVERSIDAD CATOLICA::clip_0624,clip_0624,"Hay un caso así, en este caso se puede...","hay un caso así, en este caso se puede",0.0,0.0,1.0,computed,
f07__DAVOO_XENEIZE_OPINA_DE_BOCA_0_UNIVERSIDAD_CATOLICA,f07::DAVOO XENEIZE OPINA DE BOCA 0 UNIVERSIDAD CATOLICA::clip_0625,clip_0625,un poco también la mala suerte que tuvimos de que se lesionó bareiro,un poco también la mala suerte que tuvimos de que seleccionó barreiro,0.0588,0.2308,1.0147,computed,
f07__DAVOO_XENEIZE_OPINA_DE_BOCA_0_UNIVERSIDAD_CATOLICA,f07::DAVOO XENEIZE OPINA DE BOCA 0 UNIVERSIDAD CATOLICA::clip_0626,clip_0626,de que se desonó Merentiel y de que se le...,"De que se le sonó Merencial, y de que se le...",0.0976,0.3,1.0244,computed,
f07__DAVOO_XENEIZE_OPINA_DE_BOCA_0_UNIVERSIDAD_CATOLICA,f07::DAVOO XENEIZE OPINA DE BOCA 0 UNIVERSIDAD CATOLICA::clip_0627,clip_0627,Presionó Cavani y que quedó solamente Jiménez como el único 9 disponible.,Que sonó Cavani y que quedó solamente Jiménez como el único nube disponible.,0.1111,0.25,1.0417,computed,
f07__DAVOO_XENEIZE_OPINA_DE_BOCA_0_UNIVERSIDAD_CATOLICA,f07::DAVOO XENEIZE OPINA DE BOCA 0 UNIVERSIDAD CATOLICA::clip_0628,clip_0628,"Pero tuvo un mal partido, le rebota la pelota, no presiona, no genera...","Pero tuvo un mal partido, le rebota la pelota, no presiona, no genera pe...",0.0455,0.0769,1.0455,computed,
f07__DAVOO_XENEIZE_OPINA_DE_BOCA_0_UNIVERSIDAD_CATOLICA,f07::DAVOO XENEIZE OPINA DE BOCA 0 UNIVERSIDAD CATOLICA::clip_0629,clip_0629,no tiene diagonales no rebotan no no no no gravita en las jugadas no,"peligro, no tira diagonales, no rebota, no gravitan las jugadas.",0.3824,0.6429,0.8824,computed,
f07__DAVOO_XENEIZE_OPINA_DE_BOCA_0_UNIVERSIDAD_CATOLICA,f07::DAVOO XENEIZE OPINA DE BOCA 0 UNIVERSIDAD CATOLICA::clip_0630,clip_0630,"Tuvo un buen partido Jiménez, pero creo que tampoco es un jugador que te...","Tuvo un buen partido Jiménez, pero creo que tampoco es un jugador que te...",0.0,0.0,1.0,computed,
f07__DAVOO_XENEIZE_OPINA_DE_BOCA_0_UNIVERSIDAD_CATOLICA,f07::DAVOO XENEIZE OPINA DE BOCA 0 UNIVERSIDAD CATOLICA::clip_0631,clip_0631,Voy a dar más de lo que te dio hoy. Milton Jiménez ha sido un buen suplente.,"puede dar más de lo que te dio hoy, Milton Jiménez ha sido un buen suplente.",0.0676,0.1176,1.0,computed,
f07__DAVOO_XENEIZE_OPINA_DE_BOCA_0_UNIVERSIDAD_CATOLICA,f07::DAVOO XENEIZE OPINA DE BOCA 0 UNIVERSIDAD CATOLICA::clip_0632,clip_0632,"para boca. Eso, punto final, lo ha sido.",Eso. Punto final. Lo ha sido.,0.2778,0.25,0.7222,computed,
f07__DAVOO_XENEIZE_OPINA_DE_BOCA_0_UNIVERSIDAD_CATOLICA,f07::DAVOO XENEIZE OPINA DE BOCA 0 UNIVERSIDAD CATOLICA::clip_0633,clip_0633,Fue un buen suplente en 2024.,Fue un buen suplente en 2024.,0.0,0.0,1.0,computed,
f07__DAVOO_XENEIZE_OPINA_DE_BOCA_0_UNIVERSIDAD_CATOLICA,f07::DAVOO XENEIZE OPINA DE BOCA 0 UNIVERSIDAD CATOLICA::clip_0634,clip_0634,"conozco, momento del 2025 si querés, pero hace un año que más allá de algún",conozco un momento del 2025 si querés pero hace un año que más allá de algún,0.0411,0.0667,1.0411,computed,
f07__DAVOO_XENEIZE_OPINA_DE_BOCA_0_UNIVERSIDAD_CATOLICA,f07::DAVOO XENEIZE OPINA DE BOCA 0 UNIVERSIDAD CATOLICA::clip_0635,clip_0635,otro partido donde ha metido algún otro gol que no se mueve para boca,"otro partido, donde ha metido algún que otro gol que no se mueve para Boca",0.058,0.0714,1.058,computed,
f07__DAVOO_XENEIZE_OPINA_DE_BOCA_0_UNIVERSIDAD_CATOLICA,f07::DAVOO XENEIZE OPINA DE BOCA 0 UNIVERSIDAD CATOLICA::clip_0636,clip_0636,"Como tampoco lo es Cavani, ¿eh? Porque el indio parece mucho más criticable. Lo de Cavani...","Como tampoco lo es Cavani, ¿eh? Porque al niño parece mucho más criticable lo de Cavani.",0.0471,0.125,0.9882,computed,
f07__DAVOO_XENEIZE_OPINA_DE_BOCA_0_UNIVERSIDAD_CATOLICA,f07::DAVOO XENEIZE OPINA DE BOCA 0 UNIVERSIDAD CATOLICA::clip_0637,clip_0637,lo de Milton Jiménez? El tema es que Milton Jiménez es el que termina jugando. El que termina dando la cara. Pero Cavani...,Lo de Milton Jiménez El que no es que Milton Jiménez Es el que termina jugando El que termina dando la cara Pero Cavani,0.0427,0.087,1.0171,computed,
f07__DAVOO_XENEIZE_OPINA_DE_BOCA_0_UNIVERSIDAD_CATOLICA,f07::DAVOO XENEIZE OPINA DE BOCA 0 UNIVERSIDAD CATOLICA::clip_0638,clip_0638,En todo el 2025 Y lo que va en el 2026,Boca en todo el 2025 y lo que va el 2026.,0.2105,0.1818,1.0526,computed,
f07__DAVOO_XENEIZE_OPINA_DE_BOCA_0_UNIVERSIDAD_CATOLICA,f07::DAVOO XENEIZE OPINA DE BOCA 0 UNIVERSIDAD CATOLICA::clip_0639,clip_0639,jugó un 30% de los partidos 30% de los partidos,jugó un 30% de los partidos 30% de los partidos,0.0,0.0,1.0,computed,
f07__DAVOO_XENEIZE_OPINA_DE_BOCA_0_UNIVERSIDAD_CATOLICA,f07::DAVOO XENEIZE OPINA DE BOCA 0 UNIVERSIDAD CATOLICA::clip_0640,clip_0640,"partido, jugó Cavani en el último año y medio de Boca. No debería seguir en el club.",jugó Cavani en el último año y medio de Boca. Nadie debería seguir en el club.,0.1481,0.1176,0.9383,computed,
f07__DAVOO_XENEIZE_OPINA_DE_BOCA_0_UNIVERSIDAD_CATOLICA,f07::DAVOO XENEIZE OPINA DE BOCA 0 UNIVERSIDAD CATOLICA::clip_0643,clip_0643,impresionante y todo lo que quieras ahora yo soy hincha de boca,impresionante y todo lo que quieras ahora yo soy hincha de boca,0.0,0.0,1.0,computed,
f07__DAVOO_XENEIZE_OPINA_DE_BOCA_0_UNIVERSIDAD_CATOLICA,f07::DAVOO XENEIZE OPINA DE BOCA 0 UNIVERSIDAD CATOLICA::clip_0644,clip_0644,"No soy hincha del Napoli, no soy hincha del PSG, no soy hincha del Palermo, no soy...","soy hincha del Napoli, no soy hincha del PSG, no soy hincha del Palermo, no soy.",0.038,0.0588,0.962,computed,
f07__DAVOO_XENEIZE_OPINA_DE_BOCA_0_UNIVERSIDAD_CATOLICA,f07::DAVOO XENEIZE OPINA DE BOCA 0 UNIVERSIDAD CATOLICA::clip_0645,clip_0645,"uruguayo, entonces lo que hizo con su","uruguayo, entonces lo que hizo con su...",0.0,0.0,1.0,computed,
f07__DAVOO_XENEIZE_OPINA_DE_BOCA_0_UNIVERSIDAD_CATOLICA,f07::DAVOO XENEIZE OPINA DE BOCA 0 UNIVERSIDAD CATOLICA::clip_0646,clip_0646,"carrera lo felicito, un excelentísimo delantero. A Boca vino en 2023.","lo felicito, un excelentísimo delantero. A Boca vino en 2023.",0.1212,0.0909,0.8788,computed,
f07__DAVOO_XENEIZE_OPINA_DE_BOCA_0_UNIVERSIDAD_CATOLICA,f07::DAVOO XENEIZE OPINA DE BOCA 0 UNIVERSIDAD CATOLICA::clip_0647,clip_0647,A ganar a Libertadores. Llegamos a la final. La perdimos. Lo bancaba. 2024.,A ganar a Libertadores. Llegamos a la final. La perdimos. Lo bancaba. 2024.,0.0,0.0,1.0,computed,
f07__DAVOO_XENEIZE_OPINA_DE_BOCA_0_UNIVERSIDAD_CATOLICA,f07::DAVOO XENEIZE OPINA DE BOCA 0 UNIVERSIDAD CATOLICA::clip_0648,clip_0648,"Estuvo seis meses jugando muy bien, hizo un montón de goles, lo aplaudí, lo bancaba.","Estuvo seis meses jugando muy bien, hizo un montón de goles, lo aplaudí, lo bancaba.",0.0,0.0,1.0,computed,
f07__DAVOO_XENEIZE_OPINA_DE_BOCA_0_UNIVERSIDAD_CATOLICA,f07::DAVOO XENEIZE OPINA DE BOCA 0 UNIVERSIDAD CATOLICA::clip_0649,clip_0649,"me ponía feliz por él. 2025, un año...","Me ponía feliz por el 2025, un año.",0.0303,0.125,1.0,computed,
f07__DAVOO_XENEIZE_OPINA_DE_BOCA_0_UNIVERSIDAD_CATOLICA,f07::DAVOO XENEIZE OPINA DE BOCA 0 UNIVERSIDAD CATOLICA::clip_0650,clip_0650,"donde la mitad de los partidos no lo jugó. Y los que sí lo jugó, lo jugó mal, porque bajó deliberadamente su nivel.","donde la mitad de los partidos no lo jugó. Y los que sí lo jugó, lo jugó mal, porque bajó deliberadamente su nivel.",0.0,0.0,1.0,computed,
f07__DAVOO_XENEIZE_OPINA_DE_BOCA_0_UNIVERSIDAD_CATOLICA,f07::DAVOO XENEIZE OPINA DE BOCA 0 UNIVERSIDAD CATOLICA::clip_0652,clip_0652,"es una exageración, estadísticamente jugó dos partidos lamento mucho","es una exageración, estadísticamente jugó dos partidos lamento mucho",0.0,0.0,1.0,computed,
f07__DAVOO_XENEIZE_OPINA_DE_BOCA_0_UNIVERSIDAD_CATOLICA,f07::DAVOO XENEIZE OPINA DE BOCA 0 UNIVERSIDAD CATOLICA::clip_0653,clip_0653,"Ahora, un tipo que juega...","Ahora, un tipo que juega 2.",0.087,0.2,1.087,computed,
f07__DAVOO_XENEIZE_OPINA_DE_BOCA_0_UNIVERSIDAD_CATOLICA,f07::DAVOO XENEIZE OPINA DE BOCA 0 UNIVERSIDAD CATOLICA::clip_0654,clip_0654,partidos en seis meses y que el año pasado jugó la mitad de los partidos,partidos en seis meses y que el año pasado jugó la mitad de los partidos,0.0,0.0,1.0,computed,
f07__DAVOO_XENEIZE_OPINA_DE_BOCA_0_UNIVERSIDAD_CATOLICA,f07::DAVOO XENEIZE OPINA DE BOCA 0 UNIVERSIDAD CATOLICA::clip_0655,clip_0655,"lo jugó mal, no tiene argumentos para seguir jugando en Boca.","lo jugó mal, no tiene argumentos para seguir jugando en Boca.",0.0,0.0,1.0,computed,
f07__DAVOO_XENEIZE_OPINA_DE_BOCA_0_UNIVERSIDAD_CATOLICA,f07::DAVOO XENEIZE OPINA DE BOCA 0 UNIVERSIDAD CATOLICA::clip_0656,clip_0656,"siga permitiendo jugadores así, también es verdad que es difícil seguir así.","siga permitiendo jugadores así, también es verdad que es difícil seguir así.",0.0,0.0,1.0,computed,
f07__DAVOO_XENEIZE_OPINA_DE_BOCA_0_UNIVERSIDAD_CATOLICA,f07::DAVOO XENEIZE OPINA DE BOCA 0 UNIVERSIDAD CATOLICA::clip_0657,clip_0657,cabani no puede seguir en boca porque no le da físicamente jiménez no puede ser en boca poco,situación. Cavani no puede seguir en Boca porque no le da físicamente. Jiménez no puede seguir en Boca,0.2065,0.2222,1.087,computed,
f07__DAVOO_XENEIZE_OPINA_DE_BOCA_0_UNIVERSIDAD_CATOLICA,f07::DAVOO XENEIZE OPINA DE BOCA 0 UNIVERSIDAD CATOLICA::clip_0658,clip_0658,bailar futbolísticamente Vareiro sí ha demostrado tuvo esta,"futbolísticamente. Vareiro sí ha demostrado, tuvo esta",0.1186,0.125,0.8814,computed,
f07__DAVOO_XENEIZE_OPINA_DE_BOCA_0_UNIVERSIDAD_CATOLICA,f07::DAVOO XENEIZE OPINA DE BOCA 0 UNIVERSIDAD CATOLICA::clip_0659,clip_0659,"Pequeña lesión, pero París lo tiene que seguir. A Marentil yo le banco. Digan que es Ragoy, lo que quieran.","Pequeña lesión, pero para ahí lo tiene que seguir. Amarantil, yo lo banco. Digan que es Ragoy, lo que quieran.",0.0784,0.25,1.0196,computed,
f07__DAVOO_XENEIZE_OPINA_DE_BOCA_0_UNIVERSIDAD_CATOLICA,f07::DAVOO XENEIZE OPINA DE BOCA 0 UNIVERSIDAD CATOLICA::clip_0660,clip_0660,en Tielo Banco es el más regular de los delanteros de Boca,entiendo banco es el más regular de los delanteros de bola,0.069,0.25,1.0,computed,
f07__DAVOO_XENEIZE_OPINA_DE_BOCA_0_UNIVERSIDAD_CATOLICA,f07::DAVOO XENEIZE OPINA DE BOCA 0 UNIVERSIDAD CATOLICA::clip_0661,clip_0661,"Ahora, si Boca tiene 4-9, de los cuales 2 tienen ciclo...","Boca, ahora, si Boca tiene 4-9, de los cuales 2 tienen ciclo...",0.0962,0.0833,1.0962,computed,
f07__DAVOO_XENEIZE_OPINA_DE_BOCA_0_UNIVERSIDAD_CATOLICA,f07::DAVOO XENEIZE OPINA DE BOCA 0 UNIVERSIDAD CATOLICA::clip_0662,clip_0662,tiene dos nueves entonces porque jugar con estos jugadores es a veces jugar con uno menos y tampoco,tiene dos nueves entonces porque jugar con estos jugadores es a veces jugar con uno menos y tampoco,0.0,0.0,1.0,computed,
f07__DAVOO_XENEIZE_OPINA_DE_BOCA_0_UNIVERSIDAD_CATOLICA,f07::DAVOO XENEIZE OPINA DE BOCA 0 UNIVERSIDAD CATOLICA::clip_0663,clip_0663,creo que sea tanta culpa de Jiménez. Por algo termina jugando él. A mí me parece...,"que sea tanta culpa de Jiménez. Por algo termina jugando él, a mí me parece...",0.0641,0.0625,0.9359,computed,
f07__DAVOO_XENEIZE_OPINA_DE_BOCA_0_UNIVERSIDAD_CATOLICA,f07::DAVOO XENEIZE OPINA DE BOCA 0 UNIVERSIDAD CATOLICA::clip_0664,clip_0664,responsable que van y que gemela y lo digo en serio de ésta futbolística mente ahora si te pones,responsable que van y que gemene lo digo en serio esto porque es una idea futbolísticamente ahora,0.375,0.5263,1.0104,computed,
f07__DAVOO_XENEIZE_OPINA_DE_BOCA_0_UNIVERSIDAD_CATOLICA,f07::DAVOO XENEIZE OPINA DE BOCA 0 UNIVERSIDAD CATOLICA::clip_0665,clip_0665,a jugar que vas a hacer si no queda otra y tampoco es culpa de v,"ven a jugar, ¿qué vas a hacer? Si no queda otra. Y tampoco es culpa de Uwea.",0.1406,0.1875,1.1094,computed,
f07__DAVOO_XENEIZE_OPINA_DE_BOCA_0_UNIVERSIDAD_CATOLICA,f07::DAVOO XENEIZE OPINA DE BOCA 0 UNIVERSIDAD CATOLICA::clip_0666,clip_0666,Otra opción no tenía. Yo pongo a Sufiagorre ante Cajiménez.,Otra opción no tenía. Yo pongo a Sofia Orre antes que a Jiménez.,0.1404,0.6,1.0877,computed,
f07__DAVOO_XENEIZE_OPINA_DE_BOCA_0_UNIVERSIDAD_CATOLICA,f07::DAVOO XENEIZE OPINA DE BOCA 0 UNIVERSIDAD CATOLICA::clip_0667,clip_0667,"La realidad es que si hoy Pinas Asufiado juega mal, estaríamos diciendo por qué no puso a...",La Liga que se va a poner hasta su fiado rejuaga mal. Estaríamos diciendo por qué no puso.,0.2955,0.6471,1.0,computed,
f07__DAVOO_XENEIZE_OPINA_DE_BOCA_0_UNIVERSIDAD_CATOLICA,f07::DAVOO XENEIZE OPINA DE BOCA 0 UNIVERSIDAD CATOLICA::clip_0668,clip_0668,Entonces es como que medio difícil la situación cuando tú...,entonces es como que medio medio difícil la situación cuando tú,0.1053,0.1,1.1053,computed,
f07__DAVOO_XENEIZE_OPINA_DE_BOCA_0_UNIVERSIDAD_CATOLICA,f07::DAVOO XENEIZE OPINA DE BOCA 0 UNIVERSIDAD CATOLICA::clip_0669,clip_0669,Opción es Jiménez o Sofía Urre. Y después jugó el changuito Ceballos.,"opciones, Jiménez o Sofía Burré. Y después jugó el Changuito Ceballos.",0.0597,0.25,1.0,computed,
f07__DAVOO_XENEIZE_OPINA_DE_BOCA_0_UNIVERSIDAD_CATOLICA,f07::DAVOO XENEIZE OPINA DE BOCA 0 UNIVERSIDAD CATOLICA::clip_0670,clip_0670,"Para mí no tuvo un buen partido, sinceramente. Entiendo que fue su último partido.","Para mí no tuvo un buen partido, sinceramente. Entiendo que fue su último partido.",0.0,0.0,1.0,computed,
f07__DAVOO_XENEIZE_OPINA_DE_BOCA_0_UNIVERSIDAD_CATOLICA,f07::DAVOO XENEIZE OPINA DE BOCA 0 UNIVERSIDAD CATOLICA::clip_0671,clip_0671,partido en boca seguirá de boca con 24 años después de jugar seis años en el club,Seguirá de Boca con 24 años después de jugar 6 años en el club.,0.2469,0.2353,0.7654,computed,
f07__DAVOO_XENEIZE_OPINA_DE_BOCA_0_UNIVERSIDAD_CATOLICA,f07::DAVOO XENEIZE OPINA DE BOCA 0 UNIVERSIDAD CATOLICA::clip_0672,clip_0672,Sibagallos nos clasificó hasta Copa Libertadores el año pasado en la recta final. Y Sibagallos es también quien se va a...,Si Gallos nos clasificó a esta Copa Libertadores el año pasado en la recta final. Y si Gallos es también quien se va al...,0.0678,0.3333,1.0,computed,
f07__DAVOO_XENEIZE_OPINA_DE_BOCA_0_UNIVERSIDAD_CATOLICA,f07::DAVOO XENEIZE OPINA DE BOCA 0 UNIVERSIDAD CATOLICA::clip_0673,clip_0673,"voy a quedar eliminado, no tuve un buen partido en mi opinión, pero bueno","voy a quedar eliminado. No tuvo un buen partido en mi opinión. Pero bueno, la última",0.1549,0.2143,1.1408,computed,
f07__DAVOO_XENEIZE_OPINA_DE_BOCA_0_UNIVERSIDAD_CATOLICA,f07::DAVOO XENEIZE OPINA DE BOCA 0 UNIVERSIDAD CATOLICA::clip_0674,clip_0674,"La única manera de que se vayan, hoy tengo un buen partido, era poniéndose el equipo.",manera de que ceballos hoy tengo un buen partido era poniéndose el equipo,0.1951,0.25,0.8902,computed,
f07__DAVOO_XENEIZE_OPINA_DE_BOCA_0_UNIVERSIDAD_CATOLICA,f07::DAVOO XENEIZE OPINA DE BOCA 0 UNIVERSIDAD CATOLICA::clip_0675,clip_0675,"a uno metiendo dos goles solo, porque cada vez que ganaba la pelota era...",solo porque cada vez que ganara la pelota era,0.3714,0.4286,0.6429,computed,
f07__DAVOO_XENEIZE_OPINA_DE_BOCA_0_UNIVERSIDAD_CATOLICA,f07::DAVOO XENEIZE OPINA DE BOCA 0 UNIVERSIDAD CATOLICA::clip_0676,clip_0676,"lejos del arco, a veces pegaba la raya con un jugador encima.","lejos del arco, a veces fue a la raya con un jugador encima. Creo que el...",0.2881,0.4167,1.1864,computed,
f07__DAVOO_XENEIZE_OPINA_DE_BOCA_0_UNIVERSIDAD_CATOLICA,f07::DAVOO XENEIZE OPINA DE BOCA 0 UNIVERSIDAD CATOLICA::clip_0677,clip_0677,"Parado el equipo, estuvo muy malo. Ningún jugador se sintió cómodo en la...","Parado el equipo, estuvo muy malo. Ningún jugador se sintió como una...",0.0857,0.2308,0.9429,computed,
f07__DAVOO_XENEIZE_OPINA_DE_BOCA_0_UNIVERSIDAD_CATOLICA,f07::DAVOO XENEIZE OPINA DE BOCA 0 UNIVERSIDAD CATOLICA::clip_0678,clip_0678,"posición en la que jugó. Ni paredes, ni","posición en la que jugó. Ni paredes, ni arreglos.",0.2432,0.125,1.2432,computed,
f07__DAVOO_XENEIZE_OPINA_DE_BOCA_0_UNIVERSIDAD_CATOLICA,f07::DAVOO XENEIZE OPINA DE BOCA 0 UNIVERSIDAD CATOLICA::clip_0679,clip_0679,"Ni Herrera, ni Delgado, ni Ceballos, ni Ananda, que si bien Polkemaer.",ni delgado ni ceballos ni aranda que si bien porque más,0.2923,0.4167,0.8462,computed,
f07__DAVOO_XENEIZE_OPINA_DE_BOCA_0_UNIVERSIDAD_CATOLICA,f07::DAVOO XENEIZE OPINA DE BOCA 0 UNIVERSIDAD CATOLICA::clip_0680,clip_0680,"destacó tampoco. Y bueno, Milton Jiménez imagino que sí porque ni se...",tampoco y bueno milton jiménez imagino que sí porque ni se,0.1212,0.0833,0.8788,computed,
f07__DAVOO_XENEIZE_OPINA_DE_BOCA_0_UNIVERSIDAD_CATOLICA,f07::DAVOO XENEIZE OPINA DE BOCA 0 UNIVERSIDAD CATOLICA::clip_0681,clip_0681,pero habrá que no hay mucha más vuelta que darle entró merentier faltado 10 minutos no puedo con una,"Pero la verdad que no hay mucha más vuelta que darle Entró Merentier, faltando 10 minutos No pude tocar una pe...",0.17,0.3158,1.09,computed,
f07__DAVOO_XENEIZE_OPINA_DE_BOCA_0_UNIVERSIDAD_CATOLICA,f07::DAVOO XENEIZE OPINA DE BOCA 0 UNIVERSIDAD CATOLICA::clip_0683,clip_0683,"el cual hace cinco años era muy bueno, hoy en día Ángel Romero, por lo que vi en...",el cual hace 5 años era muy bueno hoy en día Ángel Romero por lo que vi,0.1026,0.1111,0.9103,computed,
f07__DAVOO_XENEIZE_OPINA_DE_BOCA_0_UNIVERSIDAD_CATOLICA,f07::DAVOO XENEIZE OPINA DE BOCA 0 UNIVERSIDAD CATOLICA::clip_0685,clip_0685,boca entiendo que fue una apuesta más que nada como la fue la de bareiro,"la boca, entiendo que fue una apuesta más que nada como la fue la de Vareiro",0.0556,0.1333,1.0417,computed,
f07__DAVOO_XENEIZE_OPINA_DE_BOCA_0_UNIVERSIDAD_CATOLICA,f07::DAVOO XENEIZE OPINA DE BOCA 0 UNIVERSIDAD CATOLICA::clip_0686,clip_0686,"Vareiro para mí salió bien. En este caso Ángel Romero entró media hora, metió un",Vareiro para mí salió bien. En este caso Ángel Romero entró media hora.,0.1154,0.1333,0.8846,computed,
f07__DAVOO_XENEIZE_OPINA_DE_BOCA_0_UNIVERSIDAD_CATOLICA,f07::DAVOO XENEIZE OPINA DE BOCA 0 UNIVERSIDAD CATOLICA::clip_0687,clip_0687,"en el offside, tampoco es su culpa la eliminación, pero sí es duro que el","en el offside. Tampoco es su culpa la eliminación, pero sí es duro que el...",0.0,0.0,1.0,computed,
f07__DAVOO_XENEIZE_OPINA_DE_BOCA_0_UNIVERSIDAD_CATOLICA,f07::DAVOO XENEIZE OPINA DE BOCA 0 UNIVERSIDAD CATOLICA::clip_0688,clip_0688,Primer delantero que entra de boca para ganar el partido importante es Ángel Rodríguez.,Primer delantero que entra de boca para ganar el partido importante sea Ángel Rodríguez.,0.0233,0.0714,1.0116,computed,
f07__DAVOO_XENEIZE_OPINA_DE_BOCA_0_UNIVERSIDAD_CATOLICA,f07::DAVOO XENEIZE OPINA DE BOCA 0 UNIVERSIDAD CATOLICA::clip_0691,clip_0691,"Zenon, un jugador que vaya a saber uno por qué hace tiempo que no entró nunca más.",un jugador que vaya a saber uno porque hace tiempo que no entró nunca más,0.1,0.1765,0.9125,computed,
f07__DAVOO_XENEIZE_OPINA_DE_BOCA_0_UNIVERSIDAD_CATOLICA,f07::DAVOO XENEIZE OPINA DE BOCA 0 UNIVERSIDAD CATOLICA::clip_0692,clip_0692,Porque Zenón en su momento ha demostrado mucho más que todos los jugadores que nomás.,porque Zenón en su momento ha demostrado mucho más que todos los jugadores que no...,0.0357,0.0667,0.9643,computed,
f07__DAVOO_XENEIZE_OPINA_DE_BOCA_0_UNIVERSIDAD_CATOLICA,f07::DAVOO XENEIZE OPINA DE BOCA 0 UNIVERSIDAD CATOLICA::clip_0693,clip_0693,"Pero bueno, tuvo un bajón futbolístico Eso está claro, pero nunca",pero bueno estuvo un bajón futbolístico esto está claro pero nunca,0.0476,0.1818,1.0476,computed,
f07__DAVOO_XENEIZE_OPINA_DE_BOCA_0_UNIVERSIDAD_CATOLICA,f07::DAVOO XENEIZE OPINA DE BOCA 0 UNIVERSIDAD CATOLICA::clip_0694,clip_0694,"no pusieron, ni entrando en el segundo tiempo ni en algunos partidos","lo pusieron, ni entrando en el segundo tiempo ni en algunos partidos",0.0149,0.0833,1.0,computed,
f07__DAVOO_XENEIZE_OPINA_DE_BOCA_0_UNIVERSIDAD_CATOLICA,f07::DAVOO XENEIZE OPINA DE BOCA 0 UNIVERSIDAD CATOLICA::clip_0695,clip_0695,"Directamente dejó de jugar Kevin Cerón en Boca. Y bueno, hoy tampoco entró.","Directamente dejó de jugar Kevin Zenón en Boca. Y bueno, hoy tampoco entró.",0.0278,0.0769,1.0,computed,
f07__DAVOO_XENEIZE_OPINA_DE_BOCA_0_UNIVERSIDAD_CATOLICA,f07::DAVOO XENEIZE OPINA DE BOCA 0 UNIVERSIDAD CATOLICA::clip_0698,clip_0698,"un lateral derecho, dos delanteros centros, otro central más.","un lateral derecho, dos delanteros centros, otro central más.",0.0,0.0,1.0,computed,
f07__DAVOO_XENEIZE_OPINA_DE_BOCA_0_UNIVERSIDAD_CATOLICA,f07::DAVOO XENEIZE OPINA DE BOCA 0 UNIVERSIDAD CATOLICA::clip_0699,clip_0699,"Seguramente más mediocampistas. Le falta a Boca, claramente, ¿no?","seguramente más mediocampistas. Le falta a Boca, claramente, ¿no?",0.0,0.0,1.0,computed,
f07__DAVOO_XENEIZE_OPINA_DE_BOCA_0_UNIVERSIDAD_CATOLICA,f07::DAVOO XENEIZE OPINA DE BOCA 0 UNIVERSIDAD CATOLICA::clip_0700,clip_0700,limpieza y también le falta reforzar,limpieza y también le falta reforzar,0.0,0.0,1.0,computed,
f07__DAVOO_XENEIZE_OPINA_DE_BOCA_0_UNIVERSIDAD_CATOLICA,f07::DAVOO XENEIZE OPINA DE BOCA 0 UNIVERSIDAD CATOLICA::clip_0701,clip_0701,No creo que termine pasando Yo creo que otra cosa que a mí me duele,No creo que termine pasando Yo creo que otra cosa que a mí me duele,0.0,0.0,1.0,computed,
f07__DAVOO_XENEIZE_OPINA_DE_BOCA_0_UNIVERSIDAD_CATOLICA,f07::DAVOO XENEIZE OPINA DE BOCA 0 UNIVERSIDAD CATOLICA::clip_0702,clip_0702,"como hincha también, y creo que lo dije muchas veces en este análisis, es un poco el...","como hincha también, y creo que lo dije muchas veces en este análisis.",0.1707,0.2353,0.8293,computed,
f07__DAVOO_XENEIZE_OPINA_DE_BOCA_0_UNIVERSIDAD_CATOLICA,f07::DAVOO XENEIZE OPINA DE BOCA 0 UNIVERSIDAD CATOLICA::clip_0703,clip_0703,Conformismo que yo vivo puertas adentro.,conformismo que yo veo puertas adentro.,0.0513,0.1667,0.9744,computed,
f07__DAVOO_XENEIZE_OPINA_DE_BOCA_0_UNIVERSIDAD_CATOLICA,f07::DAVOO XENEIZE OPINA DE BOCA 0 UNIVERSIDAD CATOLICA::clip_0704,clip_0704,Porque yo no sé cuántas personas en el mundo conocen más el mundo Boca que Reyes.,Porque yo no sé cuántas personas en el mundo conocen más el mundo boca que...,0.075,0.0625,0.925,computed,
f07__DAVOO_XENEIZE_OPINA_DE_BOCA_0_UNIVERSIDAD_CATOLICA,f07::DAVOO XENEIZE OPINA DE BOCA 0 UNIVERSIDAD CATOLICA::clip_0705,clip_0705,que él me quien soy para decirle requiere menos que es el mundo vocación,riquelme yo no quien soy para decir la riquelme lo que es el mundo boca,0.3333,0.5714,0.9861,computed,
f07__DAVOO_XENEIZE_OPINA_DE_BOCA_0_UNIVERSIDAD_CATOLICA,f07::DAVOO XENEIZE OPINA DE BOCA 0 UNIVERSIDAD CATOLICA::clip_0706,clip_0706,El tipo jugó toda la carrera casi en boca y es presidente o vicepresidenta.,El tipo juega toda la carrera casi en boca y es presidente o vicepresidenta.,0.027,0.0714,1.0135,computed,
f07__DAVOO_XENEIZE_OPINA_DE_BOCA_0_UNIVERSIDAD_CATOLICA,f07::DAVOO XENEIZE OPINA DE BOCA 0 UNIVERSIDAD CATOLICA::clip_0707,clip_0707,hace siete años. Él entiende más que nadie la...,hace siete años. Él entiende más que nadie.,0.0682,0.1111,0.9318,computed,
f07__DAVOO_XENEIZE_OPINA_DE_BOCA_0_UNIVERSIDAD_CATOLICA,f07::DAVOO XENEIZE OPINA DE BOCA 0 UNIVERSIDAD CATOLICA::clip_0708,clip_0708,exigencia de boca. Yo no entiendo más que nadie a dónde tiene que apuntar boca.,exigencia de boca y entiende más que nadie a dónde tiene que apuntar boca,0.0649,0.2,0.9481,computed,
f07__DAVOO_XENEIZE_OPINA_DE_BOCA_0_UNIVERSIDAD_CATOLICA,f07::DAVOO XENEIZE OPINA DE BOCA 0 UNIVERSIDAD CATOLICA::clip_0709,clip_0709,"Entonces me cuesta verlo a él como presidente, a veces diciendo frases como","Entonces me cuesta verlo a él como presidente, a veces diciendo frases como...",0.0,0.0,1.0,computed,
f07__DAVOO_XENEIZE_OPINA_DE_BOCA_0_UNIVERSIDAD_CATOLICA,f07::DAVOO XENEIZE OPINA DE BOCA 0 UNIVERSIDAD CATOLICA::clip_0710,clip_0710,"conformistas, o dando a entender que es parte del fútbol que a Boca le...","conformistas, o dando a entender que es parte del fútbol que a Boca le...",0.0,0.0,1.0,computed,
f07__DAVOO_XENEIZE_OPINA_DE_BOCA_0_UNIVERSIDAD_CATOLICA,f07::DAVOO XENEIZE OPINA DE BOCA 0 UNIVERSIDAD CATOLICA::clip_0711,clip_0711,pase una eliminación repentina en Copa Libertadores o no salir campeón de fútbol.,pase una eliminación repentina en Copa Libertadores o no salir campeón de fútbol.,0.0,0.0,1.0,computed,
f07__DAVOO_XENEIZE_OPINA_DE_BOCA_0_UNIVERSIDAD_CATOLICA,f07::DAVOO XENEIZE OPINA DE BOCA 0 UNIVERSIDAD CATOLICA::clip_0712,clip_0712,"fútbol argentino, creo que otro de los problemas es eso.",argentino. Creo que otro de los problemas es eso.,0.1296,0.1,0.8704,computed,
f07__DAVOO_XENEIZE_OPINA_DE_BOCA_0_UNIVERSIDAD_CATOLICA,f07::DAVOO XENEIZE OPINA DE BOCA 0 UNIVERSIDAD CATOLICA::clip_0713,clip_0713,Yo noto cierto conformismo en sus declaraciones.,también. Yo noto cierto conformismo en sus declaraciones.,0.1702,0.1429,1.1702,computed,
f07__DAVOO_XENEIZE_OPINA_DE_BOCA_0_UNIVERSIDAD_CATOLICA,f07::DAVOO XENEIZE OPINA DE BOCA 0 UNIVERSIDAD CATOLICA::clip_0714,clip_0714,conformismo también portas adentro del club en líneas generales y esto hace,conformismo también portas adentro del club en líneas generales y esto hace,0.0,0.0,1.0,computed,
f07__DAVOO_XENEIZE_OPINA_DE_BOCA_0_UNIVERSIDAD_CATOLICA,f07::DAVOO XENEIZE OPINA DE BOCA 0 UNIVERSIDAD CATOLICA::clip_0715,clip_0715,"Que después Boca tenga este plantel, que gane partiditos, que tenga veranitos.",que después boca tenga este plantel que gane partiditos que tenga veranito,0.0133,0.0833,0.9867,computed,
f07__DAVOO_XENEIZE_OPINA_DE_BOCA_0_UNIVERSIDAD_CATOLICA,f07::DAVOO XENEIZE OPINA DE BOCA 0 UNIVERSIDAD CATOLICA::clip_0716,clip_0716,Donde juega bien y se ilusiona pero cae muy pronto. Que no puede mantenerse está.,Donde juega bien y se ilusiona pero cae muy pronto. Que no puede mantenerse.,0.0633,0.0667,0.9367,computed,
f07__DAVOO_XENEIZE_OPINA_DE_BOCA_0_UNIVERSIDAD_CATOLICA,f07::DAVOO XENEIZE OPINA DE BOCA 0 UNIVERSIDAD CATOLICA::clip_0719,clip_0719,que cada vez las ganas o o o que cada,que cada vez las ganas o que,0.2432,0.3,0.7568,computed,
f07__DAVOO_XENEIZE_OPINA_DE_BOCA_0_UNIVERSIDAD_CATOLICA,f07::DAVOO XENEIZE OPINA DE BOCA 0 UNIVERSIDAD CATOLICA::clip_0720,clip_0720,Cada vez el análisis que se haga del plantel sea peor que antes.,vez el análisis que se haga del plantel sea peor que antes este año un poco,0.3492,0.3846,1.1905,computed,
f07__DAVOO_XENEIZE_OPINA_DE_BOCA_0_UNIVERSIDAD_CATOLICA,f07::DAVOO XENEIZE OPINA DE BOCA 0 UNIVERSIDAD CATOLICA::clip_0721,clip_0721,"Un poquito, para mí, amagó a mejorar con los resultados.","Poquito, para mí, amagó a mejorar con los...",0.2642,0.2,0.7358,computed,
f07__DAVOO_XENEIZE_OPINA_DE_BOCA_0_UNIVERSIDAD_CATOLICA,f07::DAVOO XENEIZE OPINA DE BOCA 0 UNIVERSIDAD CATOLICA::clip_0722,clip_0722,"esfuerzos, o con el plantel que desarmó.",esfuerzos o con el plantel que disarmó,0.0263,0.1429,1.0,computed,
f07__DAVOO_XENEIZE_OPINA_DE_BOCA_0_UNIVERSIDAD_CATOLICA,f07::DAVOO XENEIZE OPINA DE BOCA 0 UNIVERSIDAD CATOLICA::clip_0723,clip_0723,"Pero entre los lesionados, que eso sí es mala suerte, y entre el papelón que...","Pero entre los lesionados, que eso sí es mala suerte, y entre el papelón que...",0.0,0.0,1.0,computed,
f07__DAVOO_XENEIZE_OPINA_DE_BOCA_0_UNIVERSIDAD_CATOLICA,f07::DAVOO XENEIZE OPINA DE BOCA 0 UNIVERSIDAD CATOLICA::clip_0724,clip_0724,"termino haciendo, es como que no se sabe cuál es la solución.",haciendo es como que no se sabe cuál es la solución y me dirán,0.322,0.3333,1.0508,computed,
f07__DAVOO_XENEIZE_OPINA_DE_BOCA_0_UNIVERSIDAD_CATOLICA,f07::DAVOO XENEIZE OPINA DE BOCA 0 UNIVERSIDAD CATOLICA::clip_0725,clip_0725,"¿Cuál es la solución para mí? Mirá, las elecciones en Boca son en diciembre o no.","¿Cuál es la solución para mí? Mira, las elecciones en Boca son en diciembre o no.",0.013,0.0625,1.0,computed,
f07__DAVOO_XENEIZE_OPINA_DE_BOCA_0_UNIVERSIDAD_CATOLICA,f07::DAVOO XENEIZE OPINA DE BOCA 0 UNIVERSIDAD CATOLICA::clip_0726,clip_0726,noviembre del 2027. Le quiero un año y medio más de gestión. A mí me encantaría.,"noviembre del 2027, le quiero un año y medio más de gestión. A mí me encantaría",0.0,0.0,1.0,computed,
f07__DAVOO_XENEIZE_OPINA_DE_BOCA_0_UNIVERSIDAD_CATOLICA,f07::DAVOO XENEIZE OPINA DE BOCA 0 UNIVERSIDAD CATOLICA::clip_0727,clip_0727,haya un cambio. En su momento yo pedía que se disuelva el Consejo del Fondo.,haya un cambio. En su momento yo pedía que se disuela Consejo del Fundo.,0.0676,0.2,0.9459,computed,
f07__DAVOO_XENEIZE_OPINA_DE_BOCA_0_UNIVERSIDAD_CATOLICA,f07::DAVOO XENEIZE OPINA DE BOCA 0 UNIVERSIDAD CATOLICA::clip_0728,clip_0728,"fútbol, porque sentía que era notorio.",fútbol porque sentía que era notorio.,0.0,0.0,1.0,computed,
f07__DAVOO_XENEIZE_OPINA_DE_BOCA_0_UNIVERSIDAD_CATOLICA,f07::DAVOO XENEIZE OPINA DE BOCA 0 UNIVERSIDAD CATOLICA::clip_0729,clip_0729,"no funcionaba y a mí me rompía mucho las pelotas, los marcaba pases.","no funcionaba y a mí me rompían mucho las pelotas, los marcaba pases",0.0152,0.0769,1.0152,computed,
f07__DAVOO_XENEIZE_OPINA_DE_BOCA_0_UNIVERSIDAD_CATOLICA,f07::DAVOO XENEIZE OPINA DE BOCA 0 UNIVERSIDAD CATOLICA::clip_0730,clip_0730,"de boca, que eran todos jugadores apuestas, que eran todos jugadores normalitos, que no eran ninguno de gente","de Boca, que eran todos jugadores apuestas, que eran todos jugadores normalitos, que no eran ninguno",0.0849,0.1111,0.9151,computed,
f07__DAVOO_XENEIZE_OPINA_DE_BOCA_0_UNIVERSIDAD_CATOLICA,f07::DAVOO XENEIZE OPINA DE BOCA 0 UNIVERSIDAD CATOLICA::clip_0731,clip_0731,jerarquía y tampoco venían a sumar a plantel el consejo de fútbol,jerarquía y tampoco venían a sumar al plantel el consejo de fútbol,0.0154,0.0833,1.0154,computed,
f07__DAVOO_XENEIZE_OPINA_DE_BOCA_0_UNIVERSIDAD_CATOLICA,f07::DAVOO XENEIZE OPINA DE BOCA 0 UNIVERSIDAD CATOLICA::clip_0732,clip_0732,Se disolvió. Ya no está más. Vareiro me parece un buen refuerzo. A Jassiber también.,"disolvió, ya no está más Vareiro me parece un buen refuerzo, Azcacíbar también",0.1125,0.2,0.95,computed,
f07__DAVOO_XENEIZE_OPINA_DE_BOCA_0_UNIVERSIDAD_CATOLICA,f07::DAVOO XENEIZE OPINA DE BOCA 0 UNIVERSIDAD CATOLICA::clip_0735,clip_0735,"Tener un plantel con el que no le alcanza. Esa es la sensación que tengo yo. En boca está Hanson, está Weigand.","Tener un plantel con el que no le alcanza. Esa es la sensación que tengo yo. En Boca está Hanson, está Weygan.",0.0187,0.0455,0.9907,computed,
f07__DAVOO_XENEIZE_OPINA_DE_BOCA_0_UNIVERSIDAD_CATOLICA,f07::DAVOO XENEIZE OPINA DE BOCA 0 UNIVERSIDAD CATOLICA::clip_0736,clip_0736,"Está Martegani, está Figal, está...","está Martegani, está Figal, está...",0.0,0.0,1.0,computed,
f07__DAVOO_XENEIZE_OPINA_DE_BOCA_0_UNIVERSIDAD_CATOLICA,f07::DAVOO XENEIZE OPINA DE BOCA 0 UNIVERSIDAD CATOLICA::clip_0737,clip_0737,"Varinaga, está Alarcón, está Ángel Rodríguez.","Varinaga, está Alarcón, está Ángel R-",0.1905,0.1667,0.8095,computed,
f07__DAVOO_XENEIZE_OPINA_DE_BOCA_0_UNIVERSIDAD_CATOLICA,f07::DAVOO XENEIZE OPINA DE BOCA 0 UNIVERSIDAD CATOLICA::clip_0738,clip_0738,"Romero, está Milton Jiménez, está...","Romero, está Milton Jiménez, está...",0.0,0.0,1.0,computed,
f07__DAVOO_XENEIZE_OPINA_DE_BOCA_0_UNIVERSIDAD_CATOLICA,f07::DAVOO XENEIZE OPINA DE BOCA 0 UNIVERSIDAD CATOLICA::clip_0741,clip_0741,tranquilamente pueden ser ciclo cumplido en Boca.,tranquilamente pueden ser ciclo cumplido en Boca. 10 jugadores que mañana se van,0.6458,0.8571,1.6458,computed,
f07__DAVOO_XENEIZE_OPINA_DE_BOCA_0_UNIVERSIDAD_CATOLICA,f07::DAVOO XENEIZE OPINA DE BOCA 0 UNIVERSIDAD CATOLICA::clip_0742,clip_0742,"de Boca, ningún hincha de Boca se va a lamentar. Es mucho para un plantel viejo.","de boca, ningún hincha de boca se va a lamentar. Es mucho para un plantel viejo.",0.0,0.0,1.0,computed,
f07__DAVOO_XENEIZE_OPINA_DE_BOCA_0_UNIVERSIDAD_CATOLICA,f07::DAVOO XENEIZE OPINA DE BOCA 0 UNIVERSIDAD CATOLICA::clip_0743,clip_0743,jugadores que ya no pueden seguir en el plantel y creo yo que también estos,jugadores que ya no pueden seguir en el plantel y creo yo que también estos jugadores,0.1333,0.0667,1.1333,computed,
f07__DAVOO_XENEIZE_OPINA_DE_BOCA_0_UNIVERSIDAD_CATOLICA,f07::DAVOO XENEIZE OPINA DE BOCA 0 UNIVERSIDAD CATOLICA::clip_0744,clip_0744,"jugadores en parte siguen por el conformismo que hay, porque si a principio de año vos ves que se te va",Los jugadores en parte siguen por el conformismo que hay. Porque si a principio de año vos ves que se te va...,0.0392,0.0476,1.0392,computed,
f07__DAVOO_XENEIZE_OPINA_DE_BOCA_0_UNIVERSIDAD_CATOLICA,f07::DAVOO XENEIZE OPINA DE BOCA 0 UNIVERSIDAD CATOLICA::clip_0748,clip_0748,de apartar a blondel y el que no juegue está bien dale te banco toma la decisión de vender a vincula,"decisión de apartar a Blondel y el que no juegue, está bien, dale, te banco. Tomá la decisión de vender a Dríncula.",0.13,0.1429,1.1,computed,
f07__DAVOO_XENEIZE_OPINA_DE_BOCA_0_UNIVERSIDAD_CATOLICA,f07::DAVOO XENEIZE OPINA DE BOCA 0 UNIVERSIDAD CATOLICA::clip_0752,clip_0752,que traeron cuatro. Es algo lógico. ¿Qué puertas hay dentro del club?,que traen cuatro es algo lógico que puertas adentro del club nadie,0.1846,0.4167,1.0154,computed,
f07__DAVOO_XENEIZE_OPINA_DE_BOCA_0_UNIVERSIDAD_CATOLICA,f07::DAVOO XENEIZE OPINA DE BOCA 0 UNIVERSIDAD CATOLICA::clip_0753,clip_0753,"Dicho, che, hay que entrar un 4. Y uno mira, dale, dame por esta pelota.","Dicho, che, hay que traer un 4. Y alguno me dirá, dale, damos por esta pelota.",0.1818,0.3333,1.0909,computed,
f07__DAVOO_XENEIZE_OPINA_DE_BOCA_0_UNIVERSIDAD_CATOLICA,f07::DAVOO XENEIZE OPINA DE BOCA 0 UNIVERSIDAD CATOLICA::clip_0754,clip_0754,"tú vas a creer que Boca está mal. No, pero es una... Si no son capaces de darse...","tu vez crees que Boca está mal? No, pero es una, es, eh, eh, si no son capaces de darse.",0.2027,0.3889,1.0946,computed,
f07__DAVOO_XENEIZE_OPINA_DE_BOCA_0_UNIVERSIDAD_CATOLICA,f07::DAVOO XENEIZE OPINA DE BOCA 0 UNIVERSIDAD CATOLICA::clip_0755,clip_0755,cuenta que a Boca le hace falta un 4 de jerarquía. Y no lo digo ahora que se...,cuenta que a Boca le hace falta un 4 de jerarquía. Y no lo digo ahora que se...,0.0,0.0,1.0,computed,
f07__DAVOO_XENEIZE_OPINA_DE_BOCA_0_UNIVERSIDAD_CATOLICA,f07::DAVOO XENEIZE OPINA DE BOCA 0 UNIVERSIDAD CATOLICA::clip_0756,clip_0756,mostró todo el semestre que nos faltó lo dije siempre lo mismo con el rey,mostró todo el semestre que nos faltó. Lo dije siempre. Lo mismo con el...,0.0548,0.0667,0.9452,computed,
f07__DAVOO_XENEIZE_OPINA_DE_BOCA_0_UNIVERSIDAD_CATOLICA,f07::DAVOO XENEIZE OPINA DE BOCA 0 UNIVERSIDAD CATOLICA::clip_0757,clip_0757,"cambio. Yo creo que va más allá del entrenador. Alguno me dirá, Boca tiene",cambio yo creo que va más allá del entrenador alguno me dirá,0.1549,0.1429,0.8451,computed,
f07__DAVOO_XENEIZE_OPINA_DE_BOCA_0_UNIVERSIDAD_CATOLICA,f07::DAVOO XENEIZE OPINA DE BOCA 0 UNIVERSIDAD CATOLICA::clip_0758,clip_0758,"trae un técnico que lo acomode. Coincido, coincido plenamente.",trae un técnico que lo acomode coincido coincido plenamente obvio que,0.1695,0.2222,1.1695,computed,
f07__DAVOO_XENEIZE_OPINA_DE_BOCA_0_UNIVERSIDAD_CATOLICA,f07::DAVOO XENEIZE OPINA DE BOCA 0 UNIVERSIDAD CATOLICA::clip_0759,clip_0759,boca tiene que tener un entrenador que,boca tiene que tener un entrenador,0.1053,0.1429,0.8947,computed,
f07__DAVOO_XENEIZE_OPINA_DE_BOCA_0_UNIVERSIDAD_CATOLICA,f07::DAVOO XENEIZE OPINA DE BOCA 0 UNIVERSIDAD CATOLICA::clip_0760,clip_0760,tenga a sus jugadores que tenga la espalda suficiente como para llevar,tenga a sus jugadores que tenga la espalda suficiente como para llevar,0.0,0.0,1.0,computed,
f07__DAVOO_XENEIZE_OPINA_DE_BOCA_0_UNIVERSIDAD_CATOLICA,f07::DAVOO XENEIZE OPINA DE BOCA 0 UNIVERSIDAD CATOLICA::clip_0761,clip_0761,el equipo y todo lo que vos quieras.,el equipo y todo lo que vos quieras.,0.0,0.0,1.0,computed,
f07__DAVOO_XENEIZE_OPINA_DE_BOCA_0_UNIVERSIDAD_CATOLICA,f07::DAVOO XENEIZE OPINA DE BOCA 0 UNIVERSIDAD CATOLICA::clip_0762,clip_0762,Pero Boca la verdad es que viene rifando a entrenadores todo el tiempo.,Pero Boca la verdad es que viene rifando a entrenadores todo el tiempo.,0.0,0.0,1.0,computed,
f07__DAVOO_XENEIZE_OPINA_DE_BOCA_0_UNIVERSIDAD_CATOLICA,f07::DAVOO XENEIZE OPINA DE BOCA 0 UNIVERSIDAD CATOLICA::clip_0763,clip_0763,"Y tampoco creo que, o imagino que no.","Y tampoco creo que, o imagino que no.",0.0,0.0,1.0,computed,
f07__DAVOO_XENEIZE_OPINA_DE_BOCA_0_UNIVERSIDAD_CATOLICA,f07::DAVOO XENEIZE OPINA DE BOCA 0 UNIVERSIDAD CATOLICA::clip_0764,clip_0764,Creo que Ricky me esté conforme con eso tampoco. Yo me acuerdo que él en su momento...,que reclame esté conforme con eso tampoco yo me acuerdo que él en su momento,0.1098,0.1765,0.9268,computed,
f07__DAVOO_XENEIZE_OPINA_DE_BOCA_0_UNIVERSIDAD_CATOLICA,f07::DAVOO XENEIZE OPINA DE BOCA 0 UNIVERSIDAD CATOLICA::clip_0765,clip_0765,"decía que al entrenador de Boca hay que darle 1, 2, 3 años de contrato.","decía que al entrenador de boca hay que darle 1, 2, 3 años de contrato.",0.0,0.0,1.0,computed,
f07__DAVOO_XENEIZE_OPINA_DE_BOCA_0_UNIVERSIDAD_CATOLICA,f07::DAVOO XENEIZE OPINA DE BOCA 0 UNIVERSIDAD CATOLICA::clip_0766,clip_0766,un proyecto de largo plazo. El tema es que a Boca le duran poco los tiempos.,un proyecto de largo plazo el tema es que a Boca le duran poco,0.1622,0.125,0.8378,computed,
f07__DAVOO_XENEIZE_OPINA_DE_BOCA_0_UNIVERSIDAD_CATOLICA,f07::DAVOO XENEIZE OPINA DE BOCA 0 UNIVERSIDAD CATOLICA::clip_0768,clip_0768,"Miguelo que bueno, lamentablemente falleció y ahí sí que Boca creo que...","Miguel, lo que bueno, lamentablemente falleció y ahí sí que Boca creo que...",0.029,0.1667,1.029,computed,
f07__DAVOO_XENEIZE_OPINA_DE_BOCA_0_UNIVERSIDAD_CATOLICA,f07::DAVOO XENEIZE OPINA DE BOCA 0 UNIVERSIDAD CATOLICA::clip_0769,clip_0769,"En este caso se manejó muy bien con Miguel Ángel Russo, un técnico al cual respeto mucho.","En este caso se manejó muy bien con Miguel Ángel Russo, un técnico al cual respeto mucho.",0.0,0.0,1.0,computed,
f07__DAVOO_XENEIZE_OPINA_DE_BOCA_0_UNIVERSIDAD_CATOLICA,f07::DAVOO XENEIZE OPINA DE BOCA 0 UNIVERSIDAD CATOLICA::clip_0770,clip_0770,mucho y que en paz descanse y creo que en ese sentido sí.,"mucho y que en paz descanse y creo que en ese sentido, en ese sentido sí.",0.2679,0.2308,1.2679,computed,
f07__DAVOO_XENEIZE_OPINA_DE_BOCA_0_UNIVERSIDAD_CATOLICA,f07::DAVOO XENEIZE OPINA DE BOCA 0 UNIVERSIDAD CATOLICA::clip_0771,clip_0771,"Román se manejó muy bien con Miguelo, de la calidad humana y todo lo que podamos decir.",Román se manejó muy bien con Miguelo de la calidad humana y todo lo que podamos decir,0.0,0.0,1.0,computed,
f07__DAVOO_XENEIZE_OPINA_DE_BOCA_0_UNIVERSIDAD_CATOLICA,f07::DAVOO XENEIZE OPINA DE BOCA 0 UNIVERSIDAD CATOLICA::clip_0773,clip_0773,incendio de gago y algo viene a pagar el incendio de diego martínez,"incendio de Gago, y hago bien apagar el incendio de Diego Martínez.",0.0746,0.3077,0.9701,computed,
f07__DAVOO_XENEIZE_OPINA_DE_BOCA_0_UNIVERSIDAD_CATOLICA,f07::DAVOO XENEIZE OPINA DE BOCA 0 UNIVERSIDAD CATOLICA::clip_0774,clip_0774,Martínez viene a apagar el incendio de Almirón y Almirón viene a apagar el incendio de Martínez.,Martín viene a apagar el incendio de Almirón y Almirón viene a apagar el incendio de Almirón.,0.0947,0.1176,0.9684,computed,
f07__DAVOO_XENEIZE_OPINA_DE_BOCA_0_UNIVERSIDAD_CATOLICA,f07::DAVOO XENEIZE OPINA DE BOCA 0 UNIVERSIDAD CATOLICA::clip_0775,clip_0775,"incendio de Ibarra, y todos estos técnicos que te nombré son técnicos de...",incendio de Ibarra y todos los técnicos que te nombré son técnicos de...,0.0423,0.0769,0.9718,computed,
f07__DAVOO_XENEIZE_OPINA_DE_BOCA_0_UNIVERSIDAD_CATOLICA,f07::DAVOO XENEIZE OPINA DE BOCA 0 UNIVERSIDAD CATOLICA::clip_0776,clip_0776,boca 2013 en adelante cada 8 10 meses que cambia de técnico ha probado con él,2003 en adelante cada 8 y 10 meses que cambia de técnico ha probado con,0.1429,0.25,0.9221,computed,
f07__DAVOO_XENEIZE_OPINA_DE_BOCA_0_UNIVERSIDAD_CATOLICA,f07::DAVOO XENEIZE OPINA DE BOCA 0 UNIVERSIDAD CATOLICA::clip_0777,clip_0777,"Fútbol ofensivo, fútbol de posesión, fútbol de juego directo.","Fútbol ofensivo, fútbol de posesión, fútbol de juego directo.",0.0,0.0,1.0,computed,
f07__DAVOO_XENEIZE_OPINA_DE_BOCA_0_UNIVERSIDAD_CATOLICA,f07::DAVOO XENEIZE OPINA DE BOCA 0 UNIVERSIDAD CATOLICA::clip_0778,clip_0778,"fútbol defensivo, ninguno le funcionó, ninguno, ninguno tuvo más de un año.","fútbol defensivo, ninguno le funcionó, ninguno, ninguno tuvo más de un año.",0.0,0.0,1.0,computed,
f07__DAVOO_XENEIZE_OPINA_DE_BOCA_0_UNIVERSIDAD_CATOLICA,f07::DAVOO XENEIZE OPINA DE BOCA 0 UNIVERSIDAD CATOLICA::clip_0779,clip_0779,Ninguno estuvo más de un año. Yo me doy por sentado que se va a ir después de esto.,"Ninguno estuvo más de un año. Yo, hermano, doy por sentado, ¿qué voy a hacer? Se va a ir después de esto.",0.2222,0.2632,1.2099,computed,
f07__DAVOO_XENEIZE_OPINA_DE_BOCA_0_UNIVERSIDAD_CATOLICA,f07::DAVOO XENEIZE OPINA DE BOCA 0 UNIVERSIDAD CATOLICA::clip_0780,clip_0780,"Entonces, no solamente traer un entrenador, ojalá fuese tan fácil, ojalá...","Entonces, no solamente traer a un entrenador. Ojalá fuese tan fácil. Ojalá.",0.029,0.0909,1.029,computed,
f07__DAVOO_XENEIZE_OPINA_DE_BOCA_0_UNIVERSIDAD_CATOLICA,f07::DAVOO XENEIZE OPINA DE BOCA 0 UNIVERSIDAD CATOLICA::clip_0781,clip_0781,fue ese cambio en técnico y la cosa.,Fue ese cambio el técnico y la cosa.,0.0286,0.125,1.0,computed,
f07__DAVOO_XENEIZE_OPINA_DE_BOCA_0_UNIVERSIDAD_CATOLICA,f07::DAVOO XENEIZE OPINA DE BOCA 0 UNIVERSIDAD CATOLICA::clip_0782,clip_0782,"cambia, pero no solamente el técnico. Creo que lo fácil es pensar eso.","cambia, pero no solamente el técnico. Creo que lo fácil es pensar eso.",0.0,0.0,1.0,computed,
f07__DAVOO_XENEIZE_OPINA_DE_BOCA_0_UNIVERSIDAD_CATOLICA,f07::DAVOO XENEIZE OPINA DE BOCA 0 UNIVERSIDAD CATOLICA::clip_0783,clip_0783,"fácil es pensar, no, se tiene que ir a Ubeda. Sí, que se vaya a Ubeda, me chupan.","Fácil es pensar, no, se tiene que ir Úbeda. Sí, que se vaya Úbeda, me chupan.",0.08,0.2222,0.9467,computed,
f07__DAVOO_XENEIZE_OPINA_DE_BOCA_0_UNIVERSIDAD_CATOLICA,f07::DAVOO XENEIZE OPINA DE BOCA 0 UNIVERSIDAD CATOLICA::clip_0784,clip_0784,Pero no es que se cambia esa uvea y se diluciona todo.,pero no es que se cambias a UVA y se delusiona todo.,0.1132,0.3333,0.9623,computed,
f07__DAVOO_XENEIZE_OPINA_DE_BOCA_0_UNIVERSIDAD_CATOLICA,f07::DAVOO XENEIZE OPINA DE BOCA 0 UNIVERSIDAD CATOLICA::clip_0785,clip_0785,Tienen que haber muchos cambios dirigenciales y de toma de decisiones.,Tienen que haber muchos cambios dirigenciales y de toma de decisiones.,0.0,0.0,1.0,computed,
f07__DAVOO_XENEIZE_OPINA_DE_BOCA_0_UNIVERSIDAD_CATOLICA,f07::DAVOO XENEIZE OPINA DE BOCA 0 UNIVERSIDAD CATOLICA::clip_0786,clip_0786,adentro del mundo Boca para que Boca cambie y mejore. Para eso hace falta...,dentro del mundo Boca para que Boca cambie y mejore. Para eso hace falta,0.0139,0.0714,0.9861,computed,
f07__DAVOO_XENEIZE_OPINA_DE_BOCA_0_UNIVERSIDAD_CATOLICA,f07::DAVOO XENEIZE OPINA DE BOCA 0 UNIVERSIDAD CATOLICA::clip_0787,clip_0787,autocrítica para eso hace falta entender y saber que con lo que están,crítica para eso hace falta entender y saber que con lo que están,0.058,0.0769,0.942,computed,
f07__DAVOO_XENEIZE_OPINA_DE_BOCA_0_UNIVERSIDAD_CATOLICA,f07::DAVOO XENEIZE OPINA DE BOCA 0 UNIVERSIDAD CATOLICA::clip_0788,clip_0788,"haciendo, no está alcanzando en absoluto para representar lo que la historia de",haciendo no está alcanzando en absoluto para representar lo que la historia,0.0385,0.0769,0.9615,computed,
f07__DAVOO_XENEIZE_OPINA_DE_BOCA_0_UNIVERSIDAD_CATOLICA,f07::DAVOO XENEIZE OPINA DE BOCA 0 UNIVERSIDAD CATOLICA::clip_0790,clip_0790,y luego que va a seguir teniendo un plantel en el cual no está a la altura.,y luego que va a seguir teniendo un plantel en el cual no está la altura.,0.027,0.0588,0.973,computed,
f07__DAVOO_XENEIZE_OPINA_DE_BOCA_0_UNIVERSIDAD_CATOLICA,f07::DAVOO XENEIZE OPINA DE BOCA 0 UNIVERSIDAD CATOLICA::clip_0791,clip_0791,Y en el medio toda la grita política que...,"Y en el medio, toda la grita política que...",0.0,0.0,1.0,computed,
f07__DAVOO_XENEIZE_OPINA_DE_BOCA_0_UNIVERSIDAD_CATOLICA,f07::DAVOO XENEIZE OPINA DE BOCA 0 UNIVERSIDAD CATOLICA::clip_0792,clip_0792,"que jugás para este, que criticás porque esto, porque lo otro.","Operador, que juegas para este, que criticás porque esto, porque el otro.",0.2203,0.2727,1.1695,computed,
f07__DAVOO_XENEIZE_OPINA_DE_BOCA_0_UNIVERSIDAD_CATOLICA,f07::DAVOO XENEIZE OPINA DE BOCA 0 UNIVERSIDAD CATOLICA::clip_0793,clip_0793,Pareciera que cada vez importa menos Boca. Pareciera que cada vez importa más.,Pareciera que cada vez importa menos Boca. Pareciera que cada vez importa más.,0.0,0.0,1.0,computed,
f07__DAVOO_XENEIZE_OPINA_DE_BOCA_0_UNIVERSIDAD_CATOLICA,f07::DAVOO XENEIZE OPINA DE BOCA 0 UNIVERSIDAD CATOLICA::clip_0794,clip_0794,decir una cosa por esto decir otra cosa por lo otro yo creo que como,"decir una cosa por esto, decir otra cosa por lo otro, yo creo que como",0.0,0.0,1.0,computed,
f07__DAVOO_XENEIZE_OPINA_DE_BOCA_0_UNIVERSIDAD_CATOLICA,f07::DAVOO XENEIZE OPINA DE BOCA 0 UNIVERSIDAD CATOLICA::clip_0795,clip_0795,"concha de boca, a mí me pasa que...","uncha de boca, a mí me pasa que...",0.0645,0.125,0.9677,computed,
f07__DAVOO_XENEIZE_OPINA_DE_BOCA_0_UNIVERSIDAD_CATOLICA,f07::DAVOO XENEIZE OPINA DE BOCA 0 UNIVERSIDAD CATOLICA::clip_0796,clip_0796,"Siendo un conocedor de la historia de Boca, sabiendo lo que este equipo representa,","siendo un conocedor de la historia de Boca, sabiendo lo que este equipo...",0.1358,0.0714,0.8642,computed,
f07__DAVOO_XENEIZE_OPINA_DE_BOCA_0_UNIVERSIDAD_CATOLICA,f07::DAVOO XENEIZE OPINA DE BOCA 0 UNIVERSIDAD CATOLICA::clip_0797,clip_0797,"representa, este club representa, y lo grande que nos hizo Riquelme.","que este club representa, y lo grande que nos hizo Riquelme.",0.1385,0.0909,0.8923,computed,
f07__DAVOO_XENEIZE_OPINA_DE_BOCA_0_UNIVERSIDAD_CATOLICA,f07::DAVOO XENEIZE OPINA DE BOCA 0 UNIVERSIDAD CATOLICA::clip_0798,clip_0798,"Porque Raquel Macío, el...",Porque Riquelma ha sido el...,0.3636,0.75,1.1818,computed,
f07__DAVOO_XENEIZE_OPINA_DE_BOCA_0_UNIVERSIDAD_CATOLICA,f07::DAVOO XENEIZE OPINA DE BOCA 0 UNIVERSIDAD CATOLICA::clip_0799,clip_0799,"futbolista más importante de la historia de Boca para mí, entendiendo todo eso.","futbolista más importante de la historia de Boca para mí, entendiendo todo eso.",0.0,0.0,1.0,computed,
f07__DAVOO_XENEIZE_OPINA_DE_BOCA_0_UNIVERSIDAD_CATOLICA,f07::DAVOO XENEIZE OPINA DE BOCA 0 UNIVERSIDAD CATOLICA::clip_0800,clip_0800,Me cuesta también entender después esta realidad de Boca y estoy conformismo que...,Me cuesta también entender después esta realidad de Boca y estoy conformado con lo que hay.,0.1625,0.3077,1.125,computed,
f07__DAVOO_XENEIZE_OPINA_DE_BOCA_0_UNIVERSIDAD_CATOLICA,f07::DAVOO XENEIZE OPINA DE BOCA 0 UNIVERSIDAD CATOLICA::clip_0803,clip_0803,apuntar a esto. No puede conformarse con eso.,apuntar a esto no puede conformarse con eso,0.0,0.0,1.0,computed,
f07__DAVOO_XENEIZE_OPINA_DE_BOCA_0_UNIVERSIDAD_CATOLICA,f07::DAVOO XENEIZE OPINA DE BOCA 0 UNIVERSIDAD CATOLICA::clip_0804,clip_0804,no puede creer que esto puede pasar no puede creer que esto puede pasar esto es un fracaso esto es un,Esto no puede creer que esto puede pasar. No puede creer que esto puede pasar. Esto es un fracaso. Esto es un...,0.0495,0.0476,1.0495,computed,
f07__DAVOO_XENEIZE_OPINA_DE_BOCA_0_UNIVERSIDAD_CATOLICA,f07::DAVOO XENEIZE OPINA DE BOCA 0 UNIVERSIDAD CATOLICA::clip_0805,clip_0805,"papelón. Y hay que decirlo, porque es la razón.","papelón, y hay que decirlo porque es la razón",0.0,0.0,1.0,computed,
f07__DAVOO_XENEIZE_OPINA_DE_BOCA_0_UNIVERSIDAD_CATOLICA,f07::DAVOO XENEIZE OPINA DE BOCA 0 UNIVERSIDAD CATOLICA::clip_0806,clip_0806,porque el día equivocado arranca a naturalizar este tipo de derrotas más,porque el día equivocado arranca a naturalizar este tipo de derrotas más,0.0,0.0,1.0,computed,
f07__DAVOO_XENEIZE_OPINA_DE_BOCA_0_UNIVERSIDAD_CATOLICA,f07::DAVOO XENEIZE OPINA DE BOCA 0 UNIVERSIDAD CATOLICA::clip_0807,clip_0807,"muy difícil de vivir ese pozo. Boca ha tenido momentos malos, momentos buenos, en la","muy difícil de vivir en ese pozo. Boca ha tenido momentos malos, momentos buenos.",0.1111,0.2,0.963,computed,
f07__DAVOO_XENEIZE_OPINA_DE_BOCA_0_UNIVERSIDAD_CATOLICA,f07::DAVOO XENEIZE OPINA DE BOCA 0 UNIVERSIDAD CATOLICA::clip_0808,clip_0808,largo de su historia. Yo tampoco creo que Boca sea solamente ganar la...,largo de su historia yo no tampoco creo que busca sea solamente en la,0.1324,0.2308,1.0147,computed,
f07__DAVOO_XENEIZE_OPINA_DE_BOCA_0_UNIVERSIDAD_CATOLICA,f07::DAVOO XENEIZE OPINA DE BOCA 0 UNIVERSIDAD CATOLICA::clip_0809,clip_0809,"para Libertadores, pero Boca es el único equipo en la historia del fútbol","Copa Libertadores, pero Boca es el único equipo en la historia del fútbol.",0.0417,0.0769,1.0,computed,
f07__DAVOO_XENEIZE_OPINA_DE_BOCA_0_UNIVERSIDAD_CATOLICA,f07::DAVOO XENEIZE OPINA DE BOCA 0 UNIVERSIDAD CATOLICA::clip_0810,clip_0810,El único del fútbol argentino a ser campeón en todas las décadas.,el único del fútbol argentino a ser campeón en todas las décadas.,0.0,0.0,1.0,computed,
f07__DAVOO_XENEIZE_OPINA_DE_BOCA_0_UNIVERSIDAD_CATOLICA,f07::DAVOO XENEIZE OPINA DE BOCA 0 UNIVERSIDAD CATOLICA::clip_0813,clip_0813,de fútbol argentino que nunca ha descendido es el equipo que más títulos tiene,de fútbol argentino que nunca ha descendido es el equipo que más títulos tienen,0.0128,0.0714,1.0128,computed,
f07__DAVOO_XENEIZE_OPINA_DE_BOCA_0_UNIVERSIDAD_CATOLICA,f07::DAVOO XENEIZE OPINA DE BOCA 0 UNIVERSIDAD CATOLICA::clip_0814,clip_0814,¿Qué más hinchas tiene?,¿Qué más hinchas tiene?,0.0,0.0,1.0,computed,
f07__DAVOO_XENEIZE_OPINA_DE_BOCA_0_UNIVERSIDAD_CATOLICA,f07::DAVOO XENEIZE OPINA DE BOCA 0 UNIVERSIDAD CATOLICA::clip_0815,clip_0815,del fútbol argentino que más bien la copa libertad está llegada,del fútbol argentino que más final de copa libertadores ha llegado,0.1905,0.4545,1.0476,computed,
f07__DAVOO_XENEIZE_OPINA_DE_BOCA_0_UNIVERSIDAD_CATOLICA,f07::DAVOO XENEIZE OPINA DE BOCA 0 UNIVERSIDAD CATOLICA::clip_0816,clip_0816,"de Libertadores en general, es el segundo que más ganó de tres independientes","de Libertadores en general, es el segundo que más ganó de estar independiente",0.0789,0.1538,1.0,computed,
f07__DAVOO_XENEIZE_OPINA_DE_BOCA_0_UNIVERSIDAD_CATOLICA,f07::DAVOO XENEIZE OPINA DE BOCA 0 UNIVERSIDAD CATOLICA::clip_0817,clip_0817,"tiene 18 internacionales, es el más ganador del continente.","tiene 18 internacionales, el más ganador del continente, el que más ganó",0.3333,0.5556,1.2281,computed,
f07__DAVOO_XENEIZE_OPINA_DE_BOCA_0_UNIVERSIDAD_CATOLICA,f07::DAVOO XENEIZE OPINA DE BOCA 0 UNIVERSIDAD CATOLICA::clip_0818,clip_0818,"copas argentinas, ha tenido momentos buenos y malos, pero Boca es el club","Copas Argentina, ha tenido momentos buenos y malos, pero Boca es el club",0.0141,0.0769,0.9859,computed,
f07__DAVOO_XENEIZE_OPINA_DE_BOCA_0_UNIVERSIDAD_CATOLICA,f07::DAVOO XENEIZE OPINA DE BOCA 0 UNIVERSIDAD CATOLICA::clip_0819,clip_0819,"de América, lejos lejos de ese club de América entonces",grande de américa lejos lejos de ese club grande de américa entonces,0.2593,0.2,1.2593,computed,
f07__DAVOO_XENEIZE_OPINA_DE_BOCA_0_UNIVERSIDAD_CATOLICA,f07::DAVOO XENEIZE OPINA DE BOCA 0 UNIVERSIDAD CATOLICA::clip_0820,clip_0820,doloroso ver que pareciera que que es,doloroso ver que pareciera que que es,0.0,0.0,1.0,computed,
f07__DAVOO_XENEIZE_OPINA_DE_BOCA_0_UNIVERSIDAD_CATOLICA,f07::DAVOO XENEIZE OPINA DE BOCA 0 UNIVERSIDAD CATOLICA::clip_0821,clip_0821,O hay que entender esta derrota de Boca. Y no hay que mezclar las cosas.,o hay que entender esta derrota de Boca. Y no hay que mezclar las cosas.,0.0,0.0,1.0,computed,
f07__DAVOO_XENEIZE_OPINA_DE_BOCA_0_UNIVERSIDAD_CATOLICA,f07::DAVOO XENEIZE OPINA DE BOCA 0 UNIVERSIDAD CATOLICA::clip_0822,clip_0822,"¡Ey, bancate la mala! ¡Uy, es que me banco la mala! ¿Vos te pensás que voy a ser...","¡Ey, bancate la mala! ¡Uy, Dios que me banco la mala! Vos te pensás que voy a hacer...",0.0822,0.1111,1.0548,computed,
f07__DAVOO_XENEIZE_OPINA_DE_BOCA_0_UNIVERSIDAD_CATOLICA,f07::DAVOO XENEIZE OPINA DE BOCA 0 UNIVERSIDAD CATOLICA::clip_0823,clip_0823,menos hincha de boca por criticar la dirigencia o por estar enojado.,menos hincha de boca por criticar la dirigencia o por estar enojado.,0.0,0.0,1.0,computed,
f07__DAVOO_XENEIZE_OPINA_DE_BOCA_0_UNIVERSIDAD_CATOLICA,f07::DAVOO XENEIZE OPINA DE BOCA 0 UNIVERSIDAD CATOLICA::clip_0824,clip_0824,"¿Porque Boca quedó eliminado? No, pero también soy consciente del club.","porque Boca quedó eliminado. No, pero también soy consciente del club.",0.0,0.0,1.0,computed,
f07__DAVOO_XENEIZE_OPINA_DE_BOCA_0_UNIVERSIDAD_CATOLICA,f07::DAVOO XENEIZE OPINA DE BOCA 0 UNIVERSIDAD CATOLICA::clip_0825,clip_0825,cual soy hincha de la historia que hay que respaldar. Esa historia no se,"cual soy hincha de la historia que hay que respaldar, esa historia no se",0.0,0.0,1.0,computed,
f07__DAVOO_XENEIZE_OPINA_DE_BOCA_0_UNIVERSIDAD_CATOLICA,f07::DAVOO XENEIZE OPINA DE BOCA 0 UNIVERSIDAD CATOLICA::clip_0827,clip_0827,Boca en la tercera edición de la Copa Libertadores llegó a la final.,perdiendo. Boca en la tercera edición de la Copa Libertadores llegó a la final.,0.1493,0.0769,1.1493,computed,
f07__DAVOO_XENEIZE_OPINA_DE_BOCA_0_UNIVERSIDAD_CATOLICA,f07::DAVOO XENEIZE OPINA DE BOCA 0 UNIVERSIDAD CATOLICA::clip_0828,clip_0828,"En el 63, con aquel equipo de Rojitas Con la primera copa argentina Fue mi campeón",Con aquel equipo de rojitas Con la primera copa argentina Fue mi campeón,0.1111,0.1875,0.8889,computed,
f07__DAVOO_XENEIZE_OPINA_DE_BOCA_0_UNIVERSIDAD_CATOLICA,f07::DAVOO XENEIZE OPINA DE BOCA 0 UNIVERSIDAD CATOLICA::clip_0829,clip_0829,"Fútbol Argentino contra el Toro Lorenzo, fue campeón de América Vi campeón de América","fue argentino con el doctor Lorenzo, fue campeón de América vi campeón de América",0.1429,0.2143,0.9524,computed,
f07__DAVOO_XENEIZE_OPINA_DE_BOCA_0_UNIVERSIDAD_CATOLICA,f07::DAVOO XENEIZE OPINA DE BOCA 0 UNIVERSIDAD CATOLICA::clip_0834,clip_0834,11 años muy malos en la década del 80 en los cuales le costó mucho,"11 años muy malos en la década del 80, en los cuales le costó mucho...",0.0,0.0,1.0,computed,
f07__DAVOO_XENEIZE_OPINA_DE_BOCA_0_UNIVERSIDAD_CATOLICA,f07::DAVOO XENEIZE OPINA DE BOCA 0 UNIVERSIDAD CATOLICA::clip_0835,clip_0835,componerse. A ver la apertura del 92. En el medio igual ganó títulos.,componerse la apertura del 92 en el medio de ganó títulos,0.1667,0.2308,0.8636,computed,
f07__DAVOO_XENEIZE_OPINA_DE_BOCA_0_UNIVERSIDAD_CATOLICA,f07::DAVOO XENEIZE OPINA DE BOCA 0 UNIVERSIDAD CATOLICA::clip_0836,clip_0836,"internacional, ganó la Supercopa en el 89 Independiente, ganó la Copa Leos.","internacional, ganó la Supercopa en el 89 Independiente, ganó la Copa en Leos.",0.0417,0.0833,1.0417,computed,
f07__DAVOO_XENEIZE_OPINA_DE_BOCA_0_UNIVERSIDAD_CATOLICA,f07::DAVOO XENEIZE OPINA DE BOCA 0 UNIVERSIDAD CATOLICA::clip_0837,clip_0837,"Después llegó la época de Bianchi, donde ahí se florió de títulos.","Después llegó la época de Bianchi, donde ahí se floreó de títulos.",0.0156,0.0833,1.0,computed,
f07__DAVOO_XENEIZE_OPINA_DE_BOCA_0_UNIVERSIDAD_CATOLICA,f07::DAVOO XENEIZE OPINA DE BOCA 0 UNIVERSIDAD CATOLICA::clip_0838,clip_0838,variedad de cosas y después le queda Bianchi sigo ganando títulos Boca.,de cosas y después le queda bien si sigo ganando títulos boca,0.1714,0.25,0.8714,computed,
f07__DAVOO_XENEIZE_OPINA_DE_BOCA_0_UNIVERSIDAD_CATOLICA,f07::DAVOO XENEIZE OPINA DE BOCA 0 UNIVERSIDAD CATOLICA::clip_0839,clip_0839,"Porque ganó en 2007 con Ruso la Libertadores, ganó el torneo en 2011 la Libertadores.","Porque ganó en 2007 con Russo la Libertadores, ganó el torneo en 2011.",0.2048,0.2,0.8193,computed,
f07__DAVOO_XENEIZE_OPINA_DE_BOCA_0_UNIVERSIDAD_CATOLICA,f07::DAVOO XENEIZE OPINA DE BOCA 0 UNIVERSIDAD CATOLICA::clip_0840,clip_0840,"La liga en 2015, la liga en 2017, la liga...","liga en dos mil quince, la liga en dos mil diecisiete, la liga",0.8974,0.7,1.5385,computed,
f07__DAVOO_XENEIZE_OPINA_DE_BOCA_0_UNIVERSIDAD_CATOLICA,f07::DAVOO XENEIZE OPINA DE BOCA 0 UNIVERSIDAD CATOLICA::clip_0841,clip_0841,"la liga en 2018, la liga en 2020, la liga en 2022, la copa de la liga en 2022...","2018, la liga en 2020, la liga en 2022, la copa de la liga en 2022, la",0.1892,0.2105,0.8919,computed,
f07__DAVOO_XENEIZE_OPINA_DE_BOCA_0_UNIVERSIDAD_CATOLICA,f07::DAVOO XENEIZE OPINA DE BOCA 0 UNIVERSIDAD CATOLICA::clip_0842,clip_0842,copa argentina 2021 la copa argentina 2015 ganó también la supercopa argentina según a finales,copa argentina de 21 la copa argentina 2015 ganó también la supercopa argentina llegó a finales,0.0745,0.2,1.0106,computed,
f07__DAVOO_XENEIZE_OPINA_DE_BOCA_0_UNIVERSIDAD_CATOLICA,f07::DAVOO XENEIZE OPINA DE BOCA 0 UNIVERSIDAD CATOLICA::clip_0843,clip_0843,"libertadores, llegó a muchas semifinales, que alguno me dirá es un logro para","libertadores, llegó a muchas semifinales, que alguno me dirá, es un logro para...",0.0,0.0,1.0,computed,
f07__DAVOO_XENEIZE_OPINA_DE_BOCA_0_UNIVERSIDAD_CATOLICA,f07::DAVOO XENEIZE OPINA DE BOCA 0 UNIVERSIDAD CATOLICA::clip_0844,clip_0844,Boca llegar a semi o a final la verdad que Boca es un club tan grande que si no,boca llegar a semio al final la verdad que boca es un club tan grande que si no,0.0253,0.1579,1.0,computed,
f07__DAVOO_XENEIZE_OPINA_DE_BOCA_0_UNIVERSIDAD_CATOLICA,f07::DAVOO XENEIZE OPINA DE BOCA 0 UNIVERSIDAD CATOLICA::clip_0846,clip_0846,basura pero eso es el análisis del hincha el análisis objetivo,basura pero eso es análisis del hincha el análisis objetivo,0.0484,0.0909,0.9516,computed,
f07__DAVOO_XENEIZE_OPINA_DE_BOCA_0_UNIVERSIDAD_CATOLICA,f07::DAVOO XENEIZE OPINA DE BOCA 0 UNIVERSIDAD CATOLICA::clip_0847,clip_0847,análisis de lo que conlleva,análisis de lo que conlleva.,0.0,0.0,1.0,computed,
f07__DAVOO_XENEIZE_OPINA_DE_BOCA_0_UNIVERSIDAD_CATOLICA,f07::DAVOO XENEIZE OPINA DE BOCA 0 UNIVERSIDAD CATOLICA::clip_0848,clip_0848,una final de copa libertadores y es un logro llegar una final de copa,a una final de Copa Libertadores y es un logro llegar a una final de Copa Libertadores,0.2464,0.2143,1.2464,computed,
f07__DAVOO_XENEIZE_OPINA_DE_BOCA_0_UNIVERSIDAD_CATOLICA,f07::DAVOO XENEIZE OPINA DE BOCA 0 UNIVERSIDAD CATOLICA::clip_0849,clip_0849,libertadores. Es un duro llegar a ser un final de Copa Libertadores.,de la semifinal de Copa Libertadores.,0.4848,0.75,0.5455,computed,
f07__DAVOO_XENEIZE_OPINA_DE_BOCA_0_UNIVERSIDAD_CATOLICA,f07::DAVOO XENEIZE OPINA DE BOCA 0 UNIVERSIDAD CATOLICA::clip_0851,clip_0851,"ayer a esa instancia, porque yo creo que hay algo mucho más grave que no ser",ayer a esa instancia porque yo creo que hay algo mucho más grave que nos cerca,0.0533,0.125,1.04,computed,
f07__DAVOO_XENEIZE_OPINA_DE_BOCA_0_UNIVERSIDAD_CATOLICA,f07::DAVOO XENEIZE OPINA DE BOCA 0 UNIVERSIDAD CATOLICA::clip_0852,clip_0852,y es no competir. Cada uno tiene su visión como hincha.,y es no competir cada uno tiene su visión como hinchas a mí,0.1132,0.2727,1.1132,computed,
f07__DAVOO_XENEIZE_OPINA_DE_BOCA_0_UNIVERSIDAD_CATOLICA,f07::DAVOO XENEIZE OPINA DE BOCA 0 UNIVERSIDAD CATOLICA::clip_0853,clip_0853,mucho el competir después que afuera en semi porque afuera en la final yo a mí duele mucho lloraré,mucho el competir después busca que afuera en semi porque afuera en la final yo a mí duele mucho lloraré,0.0612,0.0526,1.0612,computed,
f07__DAVOO_XENEIZE_OPINA_DE_BOCA_0_UNIVERSIDAD_CATOLICA,f07::DAVOO XENEIZE OPINA DE BOCA 0 UNIVERSIDAD CATOLICA::clip_0854,clip_0854,"me pondré muy triste, pero me duele como...","me pondré muy triste, pero me duele como...",0.0,0.0,1.0,computed,
f07__DAVOO_XENEIZE_OPINA_DE_BOCA_0_UNIVERSIDAD_CATOLICA,f07::DAVOO XENEIZE OPINA DE BOCA 0 UNIVERSIDAD CATOLICA::clip_0855,clip_0855,"hincha en estar cerca de no ganarlo. Esto más que dolor, más que...","hincha en estar cerca y no ganarlo. Esto más que dolor, más que...",0.0323,0.0769,0.9839,computed,
f07__DAVOO_XENEIZE_OPINA_DE_BOCA_0_UNIVERSIDAD_CATOLICA,f07::DAVOO XENEIZE OPINA DE BOCA 0 UNIVERSIDAD CATOLICA::clip_0856,clip_0856,"Más que bronca, es tristeza, dolor, es desagrado.","Más que bronca, es tristeza, dolores...",0.2444,0.375,0.7556,computed,
f07__DAVOO_XENEIZE_OPINA_DE_BOCA_0_UNIVERSIDAD_CATOLICA,f07::DAVOO XENEIZE OPINA DE BOCA 0 UNIVERSIDAD CATOLICA::clip_0857,clip_0857,Porque es muy pronto para que vos caigas afuera.,"porque es muy pronto para que Boca quede afuera. Alguno dirá, si no la ganamos.",0.8085,0.8889,1.617,computed,
f07__DAVOO_XENEIZE_OPINA_DE_BOCA_0_UNIVERSIDAD_CATOLICA,f07::DAVOO XENEIZE OPINA DE BOCA 0 UNIVERSIDAD CATOLICA::clip_0858,clip_0858,ganas no sirve. Para mí es importante comer.,ganas no sirve para mí es importante,0.1429,0.125,0.8571,computed,
f07__DAVOO_XENEIZE_OPINA_DE_BOCA_0_UNIVERSIDAD_CATOLICA,f07::DAVOO XENEIZE OPINA DE BOCA 0 UNIVERSIDAD CATOLICA::clip_0859,clip_0859,competir. Independiente tiene siete copas libertadores. Y hace cuarenta y dos años que no jugó.,competir. Independiente tiene 7 Copa Libertadores y hace 42 años que no jugó una...,0.2609,0.4,0.8587,computed,
f07__DAVOO_XENEIZE_OPINA_DE_BOCA_0_UNIVERSIDAD_CATOLICA,f07::DAVOO XENEIZE OPINA DE BOCA 0 UNIVERSIDAD CATOLICA::clip_0860,clip_0860,Hace 23 años que no sale campeón de fútbol argentino. Jugó tres libertadores en el partido.,Hace 23 años que no sale campeón de fútbol argentino. Jugó tres libertadores en el...,0.0899,0.0625,0.9101,computed,
f07__DAVOO_XENEIZE_OPINA_DE_BOCA_0_UNIVERSIDAD_CATOLICA,f07::DAVOO XENEIZE OPINA DE BOCA 0 UNIVERSIDAD CATOLICA::clip_0861,clip_0861,"en el siglo XXI y en el medio se fue a la B, eso a mí me parece gravísimo.",en el siglo XXI y en el medio se fue la B. Eso a mí me parece gravísimo.,0.0278,0.0526,0.9722,computed,
f07__DAVOO_XENEIZE_OPINA_DE_BOCA_0_UNIVERSIDAD_CATOLICA,f07::DAVOO XENEIZE OPINA DE BOCA 0 UNIVERSIDAD CATOLICA::clip_0862,clip_0862,"mucho más grave que quedarte afuera en el semifinal o en la final. Por eso yo creo que si bien, no digo hasta ahí",mucho más grave que quedarte afuera en semifinal o en la final por eso yo creo que si bien no digo,0.1171,0.125,0.8829,computed,
f07__DAVOO_XENEIZE_OPINA_DE_BOCA_0_UNIVERSIDAD_CATOLICA,f07::DAVOO XENEIZE OPINA DE BOCA 0 UNIVERSIDAD CATOLICA::clip_0864,clip_0864,"Boca sea un equipo en el cual, da igual que ahora fueran pase de grupos.",Boca sea un equipo en el cual da igual que ahora fueran fase de grupos.,0.0143,0.0667,1.0,computed,
f07__DAVOO_XENEIZE_OPINA_DE_BOCA_0_UNIVERSIDAD_CATOLICA,f07::DAVOO XENEIZE OPINA DE BOCA 0 UNIVERSIDAD CATOLICA::clip_0865,clip_0865,llegar hasta el último partido el dolor va a ser el mismo pero el competir en,llegar hasta el último partido el dolor va a ser el mismo pero el competir,0.039,0.0625,0.961,computed,
f07__DAVOO_XENEIZE_OPINA_DE_BOCA_0_UNIVERSIDAD_CATOLICA,f07::DAVOO XENEIZE OPINA DE BOCA 0 UNIVERSIDAD CATOLICA::clip_0867,clip_0867,"compitiendo. Eso para mí es lo grave. Después, salir campeón depende mucho de",eso para mí lo grave después salir campeón depende mucho,0.2432,0.2308,0.7568,computed,
f07__DAVOO_XENEIZE_OPINA_DE_BOCA_0_UNIVERSIDAD_CATOLICA,f07::DAVOO XENEIZE OPINA DE BOCA 0 UNIVERSIDAD CATOLICA::clip_0868,clip_0868,"actores. Que ganes la última fecha, que la pelotita entre, que sí, pero salí.",actores que ganes en la última fecha que la pelotita entre que sí pero salí,0.0417,0.0714,1.0417,computed,
f07__DAVOO_XENEIZE_OPINA_DE_BOCA_0_UNIVERSIDAD_CATOLICA,f07::DAVOO XENEIZE OPINA DE BOCA 0 UNIVERSIDAD CATOLICA::clip_0870,clip_0870,"Hacés las cosas bien. Si hacés las cosas mal, no ibas a competir.","Si haces las cosas bien, si haces las cosas mal, no ibas a competir.",0.0806,0.2308,1.0484,computed,
f07__DAVOO_XENEIZE_OPINA_DE_BOCA_0_UNIVERSIDAD_CATOLICA,f07::DAVOO XENEIZE OPINA DE BOCA 0 UNIVERSIDAD CATOLICA::clip_0871,clip_0871,"fue la Supercopa 2023 contra Patronato, que ganamos 3-0","de la boca fue la Supercopa 2023 contra Patronato, que ganamos 3-0 contra el...",0.3889,0.5,1.3889,computed,
f07__DAVOO_XENEIZE_OPINA_DE_BOCA_0_UNIVERSIDAD_CATOLICA,f07::DAVOO XENEIZE OPINA DE BOCA 0 UNIVERSIDAD CATOLICA::clip_0873,clip_0873,"que quedó muy lejos y no compitió, la Copa Argentina del 93, que quedó eliminado.","que quedó muy lejos y no compitió. La Copa Argentina del 1993, que quedó eliminado.",0.0256,0.0667,1.0256,computed,
f07__DAVOO_XENEIZE_OPINA_DE_BOCA_0_UNIVERSIDAD_CATOLICA,f07::DAVOO XENEIZE OPINA DE BOCA 0 UNIVERSIDAD CATOLICA::clip_0875,clip_0875,"contra Estudiantes de la Plata. La Libertadores, 2003, que perdió la final.",Contra Estudiantes de la Plata. La Libertadora en el 2003 que perdió la final.,0.0845,0.25,1.0704,computed,
f07__DAVOO_XENEIZE_OPINA_DE_BOCA_0_UNIVERSIDAD_CATOLICA,f07::DAVOO XENEIZE OPINA DE BOCA 0 UNIVERSIDAD CATOLICA::clip_0876,clip_0876,"La Copa de la Liga que no clasificó, lo entiendo como un año en el cual Boca...",copa de la liga que no clasificó lo entiendo como un año que en el cual boca,0.0933,0.1176,1.0133,computed,
f07__DAVOO_XENEIZE_OPINA_DE_BOCA_0_UNIVERSIDAD_CATOLICA,f07::DAVOO XENEIZE OPINA DE BOCA 0 UNIVERSIDAD CATOLICA::clip_0877,clip_0877,"venía de ser campeón, se la jugó a la Copa y no pudo ganarla. Un 2024 en el cual","ser campeón, se le jugó a la copa no pudo ganarla un 2024 en el cual",0.1538,0.2105,0.859,computed,
f07__DAVOO_XENEIZE_OPINA_DE_BOCA_0_UNIVERSIDAD_CATOLICA,f07::DAVOO XENEIZE OPINA DE BOCA 0 UNIVERSIDAD CATOLICA::clip_0879,clip_0879,"ganó, la Copa Argentina no la ganó, la Sudamericana no la ganó.","La Copa Argentina no la ganó, la Sudamericana no la ganó.",0.0833,0.0833,0.9167,computed,
f07__DAVOO_XENEIZE_OPINA_DE_BOCA_0_UNIVERSIDAD_CATOLICA,f07::DAVOO XENEIZE OPINA DE BOCA 0 UNIVERSIDAD CATOLICA::clip_0880,clip_0880,"el cual la Libertadores quedó afuera pronto, la apertura no la ganó.",cual la libertadores que fuera pronto de la apertura no lo ganó,0.1515,0.4167,0.9545,computed,
f07__DAVOO_XENEIZE_OPINA_DE_BOCA_0_UNIVERSIDAD_CATOLICA,f07::DAVOO XENEIZE OPINA DE BOCA 0 UNIVERSIDAD CATOLICA::clip_0881,clip_0881,"clausura no lo ganó, la copa argentina no la ganó y uno de los bienes en el cual tampoco ganó","clausura no lo ganó, la copa argentina no la ganó y uno de los bienes en el cual tampoco ganó",0.0,0.0,1.0,computed,
f07__DAVOO_XENEIZE_OPINA_DE_BOCA_0_UNIVERSIDAD_CATOLICA,f07::DAVOO XENEIZE OPINA DE BOCA 0 UNIVERSIDAD CATOLICA::clip_0883,clip_0883,mucho más grave no competir que no ganar porque si vas a hacer las cosas bien en un,"mucho más grave no competir que no ganar. Porque si vos haces las cosas bien,",0.1205,0.2778,0.9036,computed,
f07__DAVOO_XENEIZE_OPINA_DE_BOCA_0_UNIVERSIDAD_CATOLICA,f07::DAVOO XENEIZE OPINA DE BOCA 0 UNIVERSIDAD CATOLICA::clip_0885,clip_0885,"Después de perder muchas finales, también da bronca.",después de perder muchas finales también de bronca poca periodo azul,0.38,0.5,1.36,computed,
f07__DAVOO_XENEIZE_OPINA_DE_BOCA_0_UNIVERSIDAD_CATOLICA,f07::DAVOO XENEIZE OPINA DE BOCA 0 UNIVERSIDAD CATOLICA::clip_0886,clip_0886,tres finales de copa libertadores yo creo que muy buena final con corinthians muy buena final con,"últimas tres finales de la Copa Libertadores. Yo creo que me voy a la final con Corinthians, me voy a la final con...",0.2784,0.5882,1.1546,computed,
f07__DAVOO_XENEIZE_OPINA_DE_BOCA_0_UNIVERSIDAD_CATOLICA,f07::DAVOO XENEIZE OPINA DE BOCA 0 UNIVERSIDAD CATOLICA::clip_0887,clip_0887,"River, me duele la final con Fluminense, pero no me duele que ahora fueran fácil.","River, me duele la final con Fluminense, pero me duele quedar afuera en fase.",0.1795,0.3333,0.9487,computed,
f07__DAVOO_XENEIZE_OPINA_DE_BOCA_0_UNIVERSIDAD_CATOLICA,f07::DAVOO XENEIZE OPINA DE BOCA 0 UNIVERSIDAD CATOLICA::clip_0888,clip_0888,grupos mucho más porque no sabes cuál es la solución a corto plazo,grupos mucho más porque no sabes cuál es la solución a corto plazo,0.0,0.0,1.0,computed,
f07__DAVOO_XENEIZE_OPINA_DE_BOCA_0_UNIVERSIDAD_CATOLICA,f07::DAVOO XENEIZE OPINA DE BOCA 0 UNIVERSIDAD CATOLICA::clip_0889,clip_0889,"porque es un fracaso deportivo, porque hay muchas cosas que hay que cambiar.","porque es un fracaso deportivo, porque hay muchas cosas que hay que cambiar.",0.0,0.0,1.0,computed,
f07__DAVOO_XENEIZE_OPINA_DE_BOCA_0_UNIVERSIDAD_CATOLICA,f07::DAVOO XENEIZE OPINA DE BOCA 0 UNIVERSIDAD CATOLICA::clip_0890,clip_0890,perdidos en la final de Copa Libertadores siendo el vigente campeón,para hacerse una final de Copa Libertadores. Sendo el vigente campeón,0.194,0.3636,1.0149,computed,
f07__DAVOO_XENEIZE_OPINA_DE_BOCA_0_UNIVERSIDAD_CATOLICA,f07::DAVOO XENEIZE OPINA DE BOCA 0 UNIVERSIDAD CATOLICA::clip_0891,clip_0891,"el fútbol argentino, porque Boca a la Copa del 2012 la juega siendo campeón","fútbol argentino, porque Boca a la Copa del 2012 la juega siendo campeón",0.0405,0.0714,0.9595,computed,
f07__DAVOO_XENEIZE_OPINA_DE_BOCA_0_UNIVERSIDAD_CATOLICA,f07::DAVOO XENEIZE OPINA DE BOCA 0 UNIVERSIDAD CATOLICA::clip_0894,clip_0894,"Hay doloroso, muy doloroso.","Es doloroso, muy doloroso.",0.12,0.25,0.96,computed,
f07__DAVOO_XENEIZE_OPINA_DE_BOCA_0_UNIVERSIDAD_CATOLICA,f07::DAVOO XENEIZE OPINA DE BOCA 0 UNIVERSIDAD CATOLICA::clip_0895,clip_0895,"duele mucho, como hincha, pero en",duele mucho como hincha,0.2581,0.3333,0.7419,computed,
f07__DAVOO_XENEIZE_OPINA_DE_BOCA_0_UNIVERSIDAD_CATOLICA,f07::DAVOO XENEIZE OPINA DE BOCA 0 UNIVERSIDAD CATOLICA::clip_0896,clip_0896,"Análisis, sos el segundo mejor de América, saliste campeón de fútbol.","Análisis, sos el segundo mejor de América, saliste campeón de fútbol.",0.0,0.0,1.0,computed,
f07__DAVOO_XENEIZE_OPINA_DE_BOCA_0_UNIVERSIDAD_CATOLICA,f07::DAVOO XENEIZE OPINA DE BOCA 0 UNIVERSIDAD CATOLICA::clip_0897,clip_0897,te llevas 25 millones de dólares por llegar a la final de la copa,"argentino, te llevas 25 millones de dólares por llegar a la final de la Copa",0.1538,0.0714,1.1538,computed,
f07__DAVOO_XENEIZE_OPINA_DE_BOCA_0_UNIVERSIDAD_CATOLICA,f07::DAVOO XENEIZE OPINA DE BOCA 0 UNIVERSIDAD CATOLICA::clip_0898,clip_0898,Libertadores y está bien armado como club. No salí campo de fútbol.,Libertadores y está bien armado como club. No se liga muy de fugar,0.2,0.3333,1.0,computed,
f07__DAVOO_XENEIZE_OPINA_DE_BOCA_0_UNIVERSIDAD_CATOLICA,f07::DAVOO XENEIZE OPINA DE BOCA 0 UNIVERSIDAD CATOLICA::clip_0899,clip_0899,que ahora fuera pronto la copa libertadores te arranca a generar,"argentinos, que ahora fuera pronto en la Copa Libertadores. Te arranca a generar...",0.2188,0.1818,1.2188,computed,
f07__DAVOO_XENEIZE_OPINA_DE_BOCA_0_UNIVERSIDAD_CATOLICA,f07::DAVOO XENEIZE OPINA DE BOCA 0 UNIVERSIDAD CATOLICA::clip_0900,clip_0900,también turbulencias en la estructura.,también turbulencias en la estructura.,0.0,0.0,1.0,computed,
f07__DAVOO_XENEIZE_OPINA_DE_BOCA_0_UNIVERSIDAD_CATOLICA,f07::DAVOO XENEIZE OPINA DE BOCA 0 UNIVERSIDAD CATOLICA::clip_0901,clip_0901,club el no competir más desea lo que yo quiera como hincha,club el no competir más desea lo que yo quiera como hincha,0.0,0.0,1.0,computed,
f07__DAVOO_XENEIZE_OPINA_DE_BOCA_0_UNIVERSIDAD_CATOLICA,f07::DAVOO XENEIZE OPINA DE BOCA 0 UNIVERSIDAD CATOLICA::clip_0902,clip_0902,"El próximo Mundial de Clubes, muy probablemente Boca no lo juegue.","El próximo Mundial de Clubes, muy probablemente Boca no lo juegue.",0.0,0.0,1.0,computed,
f07__DAVOO_XENEIZE_OPINA_DE_BOCA_0_UNIVERSIDAD_CATOLICA,f07::DAVOO XENEIZE OPINA DE BOCA 0 UNIVERSIDAD CATOLICA::clip_0903,clip_0903,"Falta un montón para eso, me chupo un huevo que falta un montón","Mira, dale, falta un montón para eso. Me chupa un huevo que falta un montón.",0.1774,0.2308,1.1613,computed,
f07__DAVOO_XENEIZE_OPINA_DE_BOCA_0_UNIVERSIDAD_CATOLICA,f07::DAVOO XENEIZE OPINA DE BOCA 0 UNIVERSIDAD CATOLICA::clip_0904,clip_0904,¿Por qué tiene que jugar en mundiales de clubes? No creo que lo juegue porque ya...,"¿Por qué tiene que jugar a Mule de Clubes? No creo que lo juegue, porque ya...",0.0897,0.125,0.9231,computed,
f07__DAVOO_XENEIZE_OPINA_DE_BOCA_0_UNIVERSIDAD_CATOLICA,f07::DAVOO XENEIZE OPINA DE BOCA 0 UNIVERSIDAD CATOLICA::clip_0905,clip_0905,"El año pasado no sumó ningún punto para esta tabla, este año ya no pudo sumar más.","El año pasado no sumó ningún punto para esa tabla, este año ya no pude sumar más.",0.025,0.1176,0.9875,computed,
f07__DAVOO_XENEIZE_OPINA_DE_BOCA_0_UNIVERSIDAD_CATOLICA,f07::DAVOO XENEIZE OPINA DE BOCA 0 UNIVERSIDAD CATOLICA::clip_0906,clip_0906,seguramente la única manera de clasificarse sea ganando la próxima,Seguramente la única manera de clasificarse Sea ganando la próxima,0.0,0.0,1.0,computed,
f07__DAVOO_XENEIZE_OPINA_DE_BOCA_0_UNIVERSIDAD_CATOLICA,f07::DAVOO XENEIZE OPINA DE BOCA 0 UNIVERSIDAD CATOLICA::clip_0907,clip_0907,libertadores o la que viene y la verdad que nunca ya nunca pero,libertadores o la que viene y la verdad que nunca hayas nunca pero,0.0476,0.0769,1.0476,computed,
f07__DAVOO_XENEIZE_OPINA_DE_BOCA_0_UNIVERSIDAD_CATOLICA,f07::DAVOO XENEIZE OPINA DE BOCA 0 UNIVERSIDAD CATOLICA::clip_0908,clip_0908,No creo que eso sea. No creo que eso sea.,"No creo que suceda, no creo que suceda.",0.2564,0.4,0.9487,computed,
f07__DAVOO_XENEIZE_OPINA_DE_BOCA_0_UNIVERSIDAD_CATOLICA,f07::DAVOO XENEIZE OPINA DE BOCA 0 UNIVERSIDAD CATOLICA::clip_0909,clip_0909,"Entonces, nada, eso decirles. No sé si me extendí un poco con la opinión, pero...","Entonces, nada, eso decirles. No sé si me extendí un poco con la opinión, pero...",0.0,0.0,1.0,computed,
f07__DAVOO_XENEIZE_OPINA_DE_BOCA_0_UNIVERSIDAD_CATOLICA,f07::DAVOO XENEIZE OPINA DE BOCA 0 UNIVERSIDAD CATOLICA::clip_0910,clip_0910,Creo que es un poco eso lo que me pasa. El hecho de pensar y de creer que...,Creo que es un poco eso lo que me pasa. El hecho de pensar y de creer que...,0.0,0.0,1.0,computed,
f07__DAVOO_XENEIZE_OPINA_DE_BOCA_0_UNIVERSIDAD_CATOLICA,f07::DAVOO XENEIZE OPINA DE BOCA 0 UNIVERSIDAD CATOLICA::clip_0912,clip_0912,tío. Hoy Boca regaló prestigio. A mí me rompo mucho las pelotas.,hoy boca regaló prestigio a mí me rompo muchas pelotas pertenen,0.2623,0.3333,1.0328,computed,
f07__DAVOO_XENEIZE_OPINA_DE_BOCA_0_UNIVERSIDAD_CATOLICA,f07::DAVOO XENEIZE OPINA DE BOCA 0 UNIVERSIDAD CATOLICA::clip_0913,clip_0913,libertadores de la bombonera. Ser eliminado tan pronto.,"libertadores de la bombonera, ser eliminado tan pronto.",0.0,0.0,1.0,computed,
f07__DAVOO_XENEIZE_OPINA_DE_BOCA_0_UNIVERSIDAD_CATOLICA,f07::DAVOO XENEIZE OPINA DE BOCA 0 UNIVERSIDAD CATOLICA::clip_0914,clip_0914,mucho más que esto. Para mucho más. Esperemos que lo entiendan los que lo tengan.,más que esto para mucho más esperemos que lo entiendan los que no te,0.141,0.2,0.8718,computed,
f07__DAVOO_XENEIZE_OPINA_DE_BOCA_0_UNIVERSIDAD_CATOLICA,f07::DAVOO XENEIZE OPINA DE BOCA 0 UNIVERSIDAD CATOLICA::clip_0915,clip_0915,tengan que entender y poder dar la vuelta.,tengan que entender y poder dar vuelta.,0.0732,0.125,0.9268,computed,
f07__DAVOO_XENEIZE_OPINA_DE_BOCA_0_UNIVERSIDAD_CATOLICA,f07::DAVOO XENEIZE OPINA DE BOCA 0 UNIVERSIDAD CATOLICA::clip_0916,clip_0916,la página pronto mientras tanto a seguir alentando a boca a seguir,la página pronto mientras tanto a seguir levantando a boca a seguir,0.0455,0.0833,1.0152,computed,
f07__DAVOO_XENEIZE_OPINA_DE_BOCA_0_UNIVERSIDAD_CATOLICA,f07::DAVOO XENEIZE OPINA DE BOCA 0 UNIVERSIDAD CATOLICA::clip_0917,clip_0917,bancando a boca. Fue ese y será siempre el culo más grande del continente.,bancando a boca fue él si será siempre el club más grande del continente eso,0.1667,0.2857,1.0556,computed,
f07__DAVOO_XENEIZE_OPINA_DE_BOCA_0_UNIVERSIDAD_CATOLICA,f07::DAVOO XENEIZE OPINA DE BOCA 0 UNIVERSIDAD CATOLICA::clip_0918,clip_0918,No tengo ningún tipo de dudas y voy a hacer toda mi vida fanático de esta.,No tengo ningún tipo de dudas. Y voy a ser toda mi vida fanático de esta.,0.0411,0.0625,0.9726,computed,
f07__DAVOO_XENEIZE_OPINA_DE_BOCA_0_UNIVERSIDAD_CATOLICA,f07::DAVOO XENEIZE OPINA DE BOCA 0 UNIVERSIDAD CATOLICA::clip_0919,clip_0919,"hermoso club, pero para salir de esa actualidad, Bocan.","hermoso club, pero para salir de esa actualidad, Boca",0.0192,0.1111,0.9808,computed,
f07__DAVOO_XENEIZE_OPINA_DE_BOCA_0_UNIVERSIDAD_CATOLICA,f07::DAVOO XENEIZE OPINA DE BOCA 0 UNIVERSIDAD CATOLICA::clip_0920,clip_0920,"necesita cambios y acciones. Hasta que no suceda eso, vamos a seguir amagando.",cambios y acciones hasta que no suceda eso vamos a seguir amagando,0.12,0.0769,0.88,computed,
f07__DAVOO_XENEIZE_OPINA_DE_BOCA_0_UNIVERSIDAD_CATOLICA,f07::DAVOO XENEIZE OPINA DE BOCA 0 UNIVERSIDAD CATOLICA::clip_0921,clip_0921,a seguir ilusionándonos con poco y nada pero hasta que no suceda eso va a ser,Vamos a seguir ilusionándonos con poco y nada. Pero hasta que no suceda eso va a ser.,0.0779,0.0625,1.0779,computed,
f07__DAVOO_XENEIZE_OPINA_DE_BOCA_0_UNIVERSIDAD_CATOLICA,f07::DAVOO XENEIZE OPINA DE BOCA 0 UNIVERSIDAD CATOLICA::clip_0922,clip_0922,"Muy complicado salir de ahí Así que nada, Boca eliminó a la Copa","muy complicado salir de ahí, así que nada, Boca eliminó a la Copa",0.0,0.0,1.0,computed,
f07__DAVOO_XENEIZE_OPINA_DE_BOCA_0_UNIVERSIDAD_CATOLICA,f07::DAVOO XENEIZE OPINA DE BOCA 0 UNIVERSIDAD CATOLICA::clip_0923,clip_0923,"Felicito a todos los chilenos, entiendo que tienen ganas.","Felicito a todos los chilenos, entiendo que tienen ganas.",0.0,0.0,1.0,computed,
f07__DAVOO_XENEIZE_OPINA_DE_BOCA_0_UNIVERSIDAD_CATOLICA,f07::DAVOO XENEIZE OPINA DE BOCA 0 UNIVERSIDAD CATOLICA::clip_0924,clip_0924,"de burlarse y de reírse, y está perfecto porque es parte del folclore.",de burlarse y de reírse y está perfecto porque es parte del folclore y yo en ese sentido,0.2941,0.3846,1.2941,computed,
f07__DAVOO_XENEIZE_OPINA_DE_BOCA_0_UNIVERSIDAD_CATOLICA,f07::DAVOO XENEIZE OPINA DE BOCA 0 UNIVERSIDAD CATOLICA::clip_0925,clip_0925,"sentido me la banco, yo estoy triste porque he perdido a Boca, pero cuando Boca gana o cuando River pierda...","sentido me la banco, yo estoy triste porque he perdido a Boca, pero cuando Boca gana o cuando Río pierda, me encanta.",0.1442,0.15,1.0865,computed,
f07__DAVOO_XENEIZE_OPINA_DE_BOCA_0_UNIVERSIDAD_CATOLICA,f07::DAVOO XENEIZE OPINA DE BOCA 0 UNIVERSIDAD CATOLICA::clip_0926,clip_0926,"anda a cargar, así que cuando Boca pierde, tengo que dejar que me carguen.","anda a cargar, así que cuando Boca pierde, tengo que dejar que me carguen",0.0,0.0,1.0,computed,
f07__DAVOO_XENEIZE_OPINA_DE_BOCA_0_UNIVERSIDAD_CATOLICA,f07::DAVOO XENEIZE OPINA DE BOCA 0 UNIVERSIDAD CATOLICA::clip_0927,clip_0927,porque es parte del folclore y creo que eso no tiene que parecer en el fútbol.,Porque es parte del folclore y creo que eso no le tiene que aparecer en el fútbol.,0.0519,0.125,1.0519,computed,
f07__DAVOO_XENEIZE_OPINA_DE_BOCA_0_UNIVERSIDAD_CATOLICA,f07::DAVOO XENEIZE OPINA DE BOCA 0 UNIVERSIDAD CATOLICA::clip_0928,clip_0928,"Pero bueno, felicito por ganarnos, creo que nos ganaron bien.","Pero bueno, felicito por ganarnos, creo que nos ganaron bien.",0.0,0.0,1.0,computed,
f07__DAVOO_XENEIZE_OPINA_DE_BOCA_0_UNIVERSIDAD_CATOLICA,f07::DAVOO XENEIZE OPINA DE BOCA 0 UNIVERSIDAD CATOLICA::clip_0929,clip_0929,Termina perdiendo por ser un equipo incapaz de poder ganarlo. Y bueno.,perdiendo por ser un equipo incapaz de poder ganarlo y bueno,0.1176,0.0833,0.8824,computed,
f07__DAVOO_XENEIZE_OPINA_DE_BOCA_0_UNIVERSIDAD_CATOLICA,f07::DAVOO XENEIZE OPINA DE BOCA 0 UNIVERSIDAD CATOLICA::clip_0930,clip_0930,"Bueno, lamentablemente lo único que...","Bueno, lamentablemente lo único que...",0.0,0.0,1.0,computed,
f07__DAVOO_XENEIZE_OPINA_DE_BOCA_0_UNIVERSIDAD_CATOLICA,f07::DAVOO XENEIZE OPINA DE BOCA 0 UNIVERSIDAD CATOLICA::clip_0931,clip_0931,Lo único que puedo decirles es que por lo menos salió campeón Belgrano.,"lo único que pude decirles es que por lo menos salió campeón Belgrano, porque...",0.1286,0.1538,1.0857,computed,
f07__DAVOO_XENEIZE_OPINA_DE_BOCA_0_UNIVERSIDAD_CATOLICA,f07::DAVOO XENEIZE OPINA DE BOCA 0 UNIVERSIDAD CATOLICA::clip_0932,clip_0932,"Todo esto con River campeón para mí sería el triple del dolor, por lo menos.","Todo esto con River campeón para mí sería el triple del dolor, por lo menos.",0.0,0.0,1.0,computed,
f07__DAVOO_XENEIZE_OPINA_DE_BOCA_0_UNIVERSIDAD_CATOLICA,f07::DAVOO XENEIZE OPINA DE BOCA 0 UNIVERSIDAD CATOLICA::clip_0933,clip_0933,"Esquivamos esa bala, pero bueno.","esquivamos esa bala, pero bueno.",0.0,0.0,1.0,computed,
f07__DAVOO_XENEIZE_OPINA_DE_BOCA_0_UNIVERSIDAD_CATOLICA,f07::DAVOO XENEIZE OPINA DE BOCA 0 UNIVERSIDAD CATOLICA::clip_0934,clip_0934,"Pensando solamente en Boca, es un fracaso muy grande el que acabamos de ver.","Pensando solamente en Boca, es un fracaso muy grande el que acabamos de ver.",0.0,0.0,1.0,computed,
f07__DAVOO_XENEIZE_OPINA_DE_BOCA_0_UNIVERSIDAD_CATOLICA,f07::DAVOO XENEIZE OPINA DE BOCA 0 UNIVERSIDAD CATOLICA::clip_0937,clip_0937,análisis que seguramente sea entiendo yo que después el mundial así que,análisis que seguramente sea entiendo yo que después el mundial así que,0.0,0.0,1.0,computed,
f07__DAVOO_XENEIZE_OPINA_DE_BOCA_0_UNIVERSIDAD_CATOLICA,f07::DAVOO XENEIZE OPINA DE BOCA 0 UNIVERSIDAD CATOLICA::clip_0938,clip_0938,veremos todos están veremos,veremos todos tan veremos,0.1111,0.25,0.9259,computed,
f08__EL_DIA_QUE_CASI_MATO_A_MI_TIO_An_cdota_real,f08::EL DIA QUE CASI MATO A MI TIO (Anécdota real)::clip_0000,clip_0000,bienvenida a una anécdota graciosa hoy les voy a contar una historia real como se dice story time algo que es real algo que pasó y que realmente casi terminó,bienvenida a una anécdota graciosa hoy les voy a contar una historia real como se dice story time algo que es real algo que pasó y que realmente casi terminó,0.0,0.0,1.0,computed,
f08__EL_DIA_QUE_CASI_MATO_A_MI_TIO_An_cdota_real,f08::EL DIA QUE CASI MATO A MI TIO (Anécdota real)::clip_0001,clip_0001,De una manera muy trágica Porque fue un cago de risa Lo que pasó Es una de las anécdotas De las experiencias Que me han pasado en la vida Más raras Y quédense hasta el final del video Porque no lo van a ver,De una manera muy trágica Porque fue un cago de risa lo que pasó Es una de las anécdotas de las experiencias que me han pasado en la vida Más raras Y quédense hasta el final del video porque no lo van a...,0.0194,0.0227,0.9806,computed,
f08__EL_DIA_QUE_CASI_MATO_A_MI_TIO_An_cdota_real,f08::EL DIA QUE CASI MATO A MI TIO (Anécdota real)::clip_0002,clip_0002,"Paso eso, antes que nada muchas gracias por Darnos un like al video, compartirlo con sus amigos Suscribirse al canal, activar la campanita, todo eso que ustedes saben Así que ponete comodo, comoda ahí en tu casa","paso eso. Antes que nada, muchas gracias por darnos gusta al video, compartirlo con sus amigos, suscribirte al canal, activar la campanita, todo eso que ustedes saben. Así que ponete cómodo, cómodo de ahí en tu casa.",0.068,0.1622,1.0049,computed,
f08__EL_DIA_QUE_CASI_MATO_A_MI_TIO_An_cdota_real,f08::EL DIA QUE CASI MATO A MI TIO (Anécdota real)::clip_0003,clip_0003,"Porque te voy a contar el día que casi mato a mi tío A ver, no soy un asesino Pero lo que pasó provocó que él casi pierda la vida Así que empezamos Vamos a ver","Porque te voy a contar el día que casi mato a mi tío A ver, no soy un asesino Pero lo que pasó provocó que él casi pierda la vida Así que empezamos Vamos a...",0.0253,0.0278,0.9747,computed,
f08__EL_DIA_QUE_CASI_MATO_A_MI_TIO_An_cdota_real,f08::EL DIA QUE CASI MATO A MI TIO (Anécdota real)::clip_0004,clip_0004,empezar por el principio obviamente para que entiendan bien la historia cómo fue qué pasó con quién estaba qué edad tenía cuando actualmente no me voy de vacaciones mucho con familias y cada,empezar por el principio obviamente para que entiendan bien la historia cómo fue qué pasó con quién estaba qué edad tenía cuando actualmente no me voy de vacaciones mucho con familias y cada,0.0,0.0,1.0,computed,
f08__EL_DIA_QUE_CASI_MATO_A_MI_TIO_An_cdota_real,f08::EL DIA QUE CASI MATO A MI TIO (Anécdota real)::clip_0005,clip_0005,tanto un momento del verano capaz coincidimos están mis abuelos a mi mamá o mi papá mi hermano y es porque bueno pasó el tiempo soy más grande no vacacionamos en familia todos juntos a,"Tanto, un momento del verano Capaz coincidimos, están mis abuelos Va mi mamá o mi papá, mi hermano Y es porque, bueno, pasó el tiempo, soy más grande No vacacionamos en familia todos juntos",0.0163,0.0571,0.9946,computed,
f08__EL_DIA_QUE_CASI_MATO_A_MI_TIO_An_cdota_real,f08::EL DIA QUE CASI MATO A MI TIO (Anécdota real)::clip_0006,clip_0006,"voy con amigos, así que cuando yo era chiquitito estoy hablando de cuando tenía menos de 10 años era un momento que íbamos de vacaciones todo el tiempo con mi familia y uno de nuestros lugares favoritos para ir a vacaciones",con amigos así que cuando yo era chiquitito estoy hablando de cuando tenía menos de 10 años era un momento que íbamos de vacaciones todo el tiempo con mi familia y uno de nuestros lugares favoritos,0.1126,0.122,0.8874,computed,
f08__EL_DIA_QUE_CASI_MATO_A_MI_TIO_An_cdota_real,f08::EL DIA QUE CASI MATO A MI TIO (Anécdota real)::clip_0008,clip_0008,país de argentina así que en ese momento con mi familia íbamos todo el tiempo y la verdad que me encantaba y yo en ese momento no tenía mi hermano yo era chiquitito mi hermano todavía no existía,país de argentina así que en ese momento con mi familia íbamos todo el tiempo y la verdad que me encantaba y yo en ese momento no tenía mi hermano yo era chiquitito mi hermano todavía no existía y nuestras vacaciones,0.1134,0.0789,1.1134,computed,
f08__EL_DIA_QUE_CASI_MATO_A_MI_TIO_An_cdota_real,f08::EL DIA QUE CASI MATO A MI TIO (Anécdota real)::clip_0009,clip_0009,momento se empezó a sumar a estas vacaciones estos viajes mi tío acá es cuando aparece en la historia en la anécdota y porque casi muere un día no bueno resulta que mi tío se empezó a,momento se empezó a sumar a estas vacaciones a estos viajes mi tío y acá es cuando aparece en la historia en la anécdota y por qué casi muere un día no bueno resulta que emitidos empezó,0.0765,0.2162,1.0109,computed,
f08__EL_DIA_QUE_CASI_MATO_A_MI_TIO_An_cdota_real,f08::EL DIA QUE CASI MATO A MI TIO (Anécdota real)::clip_0013,clip_0013,acostumbramos a hacer muchas excursiones nos encantaba porque bueno había que recorrer el lugar así que me acuerdo perfecto el día de este accidente que excursión teníamos ese día habíamos,Nos acostumbrábamos a hacer muchas excursiones Nos encantaba porque bueno Había que recorrer el lugar Así que me acuerdo perfecto el día de este accidente Que excursión teníamos ese día Habíamos,0.0319,0.0667,1.0319,computed,
f08__EL_DIA_QUE_CASI_MATO_A_MI_TIO_An_cdota_real,f08::EL DIA QUE CASI MATO A MI TIO (Anécdota real)::clip_0019,clip_0019,acuerdo perfecto así que fuimos y comimos un montón de tortas fritas que puede parecer un dato boludo esto un dato innecesario pero no es importante para que entiendas qué pasó con mi tío en el final de esta historia así que,acuerdo perfecto así que fuimos y comimos un montón de tortas fritas después va a ser un dato boludo esto un dato innecesario pero no es importante para que entiendas qué pasó con mi tío en el final de esta historia así que,0.0491,0.0952,0.9955,computed,
f08__EL_DIA_QUE_CASI_MATO_A_MI_TIO_An_cdota_real,f08::EL DIA QUE CASI MATO A MI TIO (Anécdota real)::clip_0021,clip_0021,duchita estamos cansados la verdad tuvimos todo el día en la calle haciendo expulsiones que trepaba la montaña que esto que lo otro te re cansaba estamos cansados eran como,duchita estábamos cansados la verdad tuvimos todo el día en la calle haciendo excursiones que trepaba la montaña que esto que lo otro te recansaba estamos cansados y eran como,0.0407,0.1667,1.0174,computed,
f08__EL_DIA_QUE_CASI_MATO_A_MI_TIO_An_cdota_real,f08::EL DIA QUE CASI MATO A MI TIO (Anécdota real)::clip_0022,clip_0022,padres dicen hey la verdad ni ganas de cocinar estuvimos todo el día la calle una paja tremenda porque no vamos a comprar a un supermercado compremos comida lista así que nos vamos,"Padres dicen, hey, la verdad, ni ganas De cocinar, estuvimos todo el día en la calle Una paja tremenda, ¿por qué no vamos a comprar A un supermercado? Compremos comida lista Así que nos vamos",0.0278,0.0909,1.0222,computed,
f08__EL_DIA_QUE_CASI_MATO_A_MI_TIO_An_cdota_real,f08::EL DIA QUE CASI MATO A MI TIO (Anécdota real)::clip_0028,clip_0028,"He comido como tres empanadas fritas. Una mezcla tremenda, mucho frito. Y esto iba a terminar mal, eh. Boludeamos un rato, pusimos la tele, que una película, que no sé qué. Está hacia la hora de dormir, tipo 12.","Comido como tres empanadas fritas Una mezcla tremenda, mucho frito Y esto iba a terminar mal, eh Boludeamos un rato, pusimos la tele Que es una película, que no sé qué Hasta hace la hora de dormir, tipo 12",0.055,0.1026,1.0,computed,
f08__EL_DIA_QUE_CASI_MATO_A_MI_TIO_An_cdota_real,f08::EL DIA QUE CASI MATO A MI TIO (Anécdota real)::clip_0030,clip_0030,bien y vieron cuando ustedes empiezan a soñar que no sé qué les está pasando algo y se les mezcla con el sueño o por ejemplo te estás haciendo pis realmente tomaste mucha agua y te fuiste a dormir,y vieron cuando ustedes empiezan a soñar que no sé qué les está pasando algo y se les mezcla con el sueño o por ejemplo te estás haciendo pis realmente tomate mucha agua y te fuiste dormir,0.0408,0.0769,0.9592,computed,
f08__EL_DIA_QUE_CASI_MATO_A_MI_TIO_An_cdota_real,f08::EL DIA QUE CASI MATO A MI TIO (Anécdota real)::clip_0034,clip_0034,"Todo, no la apunté al inodoro Y terminé cagando todo el piso Y esto no se queda acá, lo que había hecho Me dio más asco de lo que ya tenía Y sin darme cuenta, pum, un vomitazo tremendo Ahí en el piso","todo, no le apunté al inodoro y terminé cagando todo el piso y esto no se queda acá, lo que había hecho me dio más asco de lo que ya tenía y sin darme cuenta ¡PUM! un vomitazo tremendo ahí en el piso",0.0051,0.0233,1.0,computed,
f08__EL_DIA_QUE_CASI_MATO_A_MI_TIO_An_cdota_real,f08::EL DIA QUE CASI MATO A MI TIO (Anécdota real)::clip_0035,clip_0035,"Y yo con 10 años bien sincero sentado en ese inodoro dije Acabo de cagar, acabo de vomitar Y ya me siento bien No, no me siento mal Dije, me siento bien Me levanté cuidadosamente Y dije, bueno, chao","Y yo con 10 años, bien sincero, sentado en ese ñodoro Dije, acabo de cagar, acabo de vomitar Y ya me siento bien No, no me siento mal, dije, me siento bien Me levanté cuidadosamente Y dije, bueno, ya",0.0259,0.0513,0.9845,computed,
f08__EL_DIA_QUE_CASI_MATO_A_MI_TIO_An_cdota_real,f08::EL DIA QUE CASI MATO A MI TIO (Anécdota real)::clip_0037,clip_0037,a dormir tranquilo. Pero no avisé nada y había dejado el baño todo cagado y todo vomitado. Así que estaba durmiendo lo más bien. Cuando de repente me despierto por un grito.,a dormir tranquilo. Pero no avisé nada y había dejado el baño todo cagado y todo vomitado. Así que estaba durmiendo lo más bien. Cuando de repente me despierto por un grito.,0.0,0.0,1.0,computed,
f08__EL_DIA_QUE_CASI_MATO_A_MI_TIO_An_cdota_real,f08::EL DIA QUE CASI MATO A MI TIO (Anécdota real)::clip_0038,clip_0038,"cortina de la ducha, cosas cayéndose así que me levanto de la cama y también escucho a mi mamá, a mi papá cagándose de risa","cortina de la ducha, cosas cayéndose así que me levanto de la cama y también escucho a mi mamá, a mi papá cagándose de risa",0.0,0.0,1.0,computed,
f08__EL_DIA_QUE_CASI_MATO_A_MI_TIO_An_cdota_real,f08::EL DIA QUE CASI MATO A MI TIO (Anécdota real)::clip_0040,clip_0040,"Claro que, yo cagué, vomité todo el baño y me fui a dormir Dejé todo el piso así Mi tío se levantó en la oscuridad, a la madrugada Al baño, y así descalzo Entró al baño, pisó todo, se resbaló","Claro que yo cagué Vomité todo el baño y me fui a dormir Dejé todo el piso así Mi tío se levantó en la oscuridad a la madrugada Al baño y así descalzo Entró al baño, pisó todo, se resbaló",0.0,0.0,1.0,computed,
f08__EL_DIA_QUE_CASI_MATO_A_MI_TIO_An_cdota_real,f08::EL DIA QUE CASI MATO A MI TIO (Anécdota real)::clip_0042,clip_0042,Que nos estábamos riendo Y mi tío dijo ¿Quién fue el que hizo esto? ¿Cómo no avisaron? Así que en el medio del chastre Lo levantamos Y no podía caminar mi tío Y hablando en serio Con la calle,Lo que nos estábamos riendo. Y mi tío dijo. ¿Quién fue el que hizo esto? ¿Cómo no avisaron? Así que en el medio del enchastre lo levantamos. Y no podía caminar mi tío. Y hablando en serio con la caída.,0.0428,0.0769,1.0267,computed,
f08__EL_DIA_QUE_CASI_MATO_A_MI_TIO_An_cdota_real,f08::EL DIA QUE CASI MATO A MI TIO (Anécdota real)::clip_0044,clip_0044,"locura, ese día casi lo hago mierda pero que pibe forro, como con 10 años voy a hacer eso, era obvio que alguien iba a entrar al baño y en la oscuridad iban a pisar ese chaste","locura, ese día casi lo hago mierda pero que pibe forro, como con 10 años voy a hacer eso, era obvio que alguien iba a entrar al baño y en la oscuridad iban a pisar ese luchaste",0.0116,0.027,1.0116,computed,
f08__EL_DIA_QUE_CASI_MATO_A_MI_TIO_An_cdota_real,f08::EL DIA QUE CASI MATO A MI TIO (Anécdota real)::clip_0045,clip_0045,"Así que amigos, quería compartir con ustedes esta anécdota Cada dato fue importante Porque todo lo que fuimos comiendo ese día Que fue una mezcla tremenda Hizo que me sienta muy mal Así que amigos, espero que les haya gustado esta anécdota Y les haya sacado una","Así que amigos, quería compartir con ustedes esta anécdota Cada dato fue importante Porque todo lo que fuimos comiendo ese día Que fue una mezcla tremenda Hizo que me sienta muy mal Así que amigos, espero que les haya gustado esta anécdota Y les haya sacado una...",0.0,0.0,1.0,computed,
