dataset_group,video_id,clip_id,clip_name,model_role,model_name,device,compute_type,clip_video_path,clip_video_gcs_path,transcript_path,transcript_gcs_path,text,language,duration,status,notes
argentina/new_discovery,ITovsJg-q5c,new_discovery::ITovsJg-q5c::clip_0000,clip_0000,large,large-v3,cpu,int8,C:\Users\bianc\NLP Natural Language Processing\labios-argentos\data_release\work\new_discovery_ingest\ITovsJg-q5c\clips_with_audio\clip_0000.mp4,gs://labios-argentos-vsr-clean-v1/argentina/new_discovery/clips_with_audio/ITovsJg-q5c/clip_0000.mp4,C:\Users\bianc\NLP Natural Language Processing\labios-argentos\data_release\work\new_discovery_asr\transcripts\large\ITovsJg-q5c\clip_0000.txt,gs://labios-argentos-vsr-clean-v1/argentina/new_discovery/transcripts/large/ITovsJg-q5c/clip_0000.txt,Amar es otorgarle a una persona un poder en,es,6.002,completed_asr,
argentina/new_discovery,ITovsJg-q5c,new_discovery::ITovsJg-q5c::clip_0000,clip_0000,turbo,turbo,cpu,int8,C:\Users\bianc\NLP Natural Language Processing\labios-argentos\data_release\work\new_discovery_ingest\ITovsJg-q5c\clips_with_audio\clip_0000.mp4,gs://labios-argentos-vsr-clean-v1/argentina/new_discovery/clips_with_audio/ITovsJg-q5c/clip_0000.mp4,C:\Users\bianc\NLP Natural Language Processing\labios-argentos\data_release\work\new_discovery_asr\transcripts\turbo\ITovsJg-q5c\clip_0000.txt,gs://labios-argentos-vsr-clean-v1/argentina/new_discovery/transcripts/turbo/ITovsJg-q5c/clip_0000.txt,Amar es otorgarle a una persona un poder en,es,6.002,completed_asr,
argentina/new_discovery,ITovsJg-q5c,new_discovery::ITovsJg-q5c::clip_0001,clip_0001,large,large-v3,cpu,int8,C:\Users\bianc\NLP Natural Language Processing\labios-argentos\data_release\work\new_discovery_ingest\ITovsJg-q5c\clips_with_audio\clip_0001.mp4,gs://labios-argentos-vsr-clean-v1/argentina/new_discovery/clips_with_audio/ITovsJg-q5c/clip_0001.mp4,C:\Users\bianc\NLP Natural Language Processing\labios-argentos\data_release\work\new_discovery_asr\transcripts\large\ITovsJg-q5c\clip_0001.txt,gs://labios-argentos-vsr-clean-v1/argentina/new_discovery/transcripts/large/ITovsJg-q5c/clip_0001.txt,Enorme. Sobre vos. Yo pienso que la persona que de verdad nos ama es la que renuncia a usar el poder.,es,6.016,completed_asr,
argentina/new_discovery,ITovsJg-q5c,new_discovery::ITovsJg-q5c::clip_0002,clip_0002,large,large-v3,cpu,int8,C:\Users\bianc\NLP Natural Language Processing\labios-argentos\data_release\work\new_discovery_ingest\ITovsJg-q5c\clips_with_audio\clip_0002.mp4,gs://labios-argentos-vsr-clean-v1/argentina/new_discovery/clips_with_audio/ITovsJg-q5c/clip_0002.mp4,C:\Users\bianc\NLP Natural Language Processing\labios-argentos\data_release\work\new_discovery_asr\transcripts\large\ITovsJg-q5c\clip_0002.txt,gs://labios-argentos-vsr-clean-v1/argentina/new_discovery/transcripts/large/ITovsJg-q5c/clip_0002.txt,que le dimos cuando naciste a tus padres le dijeron que sólo tenía siete días de vida sí,es,6.016,completed_asr,
argentina/new_discovery,ITovsJg-q5c,new_discovery::ITovsJg-q5c::clip_0003,clip_0003,large,large-v3,cpu,int8,C:\Users\bianc\NLP Natural Language Processing\labios-argentos\data_release\work\new_discovery_ingest\ITovsJg-q5c\clips_with_audio\clip_0003.mp4,gs://labios-argentos-vsr-clean-v1/argentina/new_discovery/clips_with_audio/ITovsJg-q5c/clip_0003.mp4,C:\Users\bianc\NLP Natural Language Processing\labios-argentos\data_release\work\new_discovery_asr\transcripts\large\ITovsJg-q5c\clip_0003.txt,gs://labios-argentos-vsr-clean-v1/argentina/new_discovery/transcripts/large/ITovsJg-q5c/clip_0003.txt,"Resultó que no fue así. No, parece ser que no.",es,6.016,completed_asr,
argentina/new_discovery,ITovsJg-q5c,new_discovery::ITovsJg-q5c::clip_0004,clip_0004,large,large-v3,cpu,int8,C:\Users\bianc\NLP Natural Language Processing\labios-argentos\data_release\work\new_discovery_ingest\ITovsJg-q5c\clips_with_audio\clip_0004.mp4,gs://labios-argentos-vsr-clean-v1/argentina/new_discovery/clips_with_audio/ITovsJg-q5c/clip_0004.mp4,C:\Users\bianc\NLP Natural Language Processing\labios-argentos\data_release\work\new_discovery_asr\transcripts\large\ITovsJg-q5c\clip_0004.txt,gs://labios-argentos-vsr-clean-v1/argentina/new_discovery/transcripts/large/ITovsJg-q5c/clip_0004.txt,"escritor y pensador destacado de la cultura. Con más de 2 millones de ejemplares, lo conozco como el mejor escritor de la historia.",es,6.016,completed_asr,
argentina/new_discovery,ITovsJg-q5c,new_discovery::ITovsJg-q5c::clip_0005,clip_0005,large,large-v3,cpu,int8,C:\Users\bianc\NLP Natural Language Processing\labios-argentos\data_release\work\new_discovery_ingest\ITovsJg-q5c\clips_with_audio\clip_0005.mp4,gs://labios-argentos-vsr-clean-v1/argentina/new_discovery/clips_with_audio/ITovsJg-q5c/clip_0005.mp4,C:\Users\bianc\NLP Natural Language Processing\labios-argentos\data_release\work\new_discovery_asr\transcripts\large\ITovsJg-q5c\clip_0005.txt,gs://labios-argentos-vsr-clean-v1/argentina/new_discovery/transcripts/large/ITovsJg-q5c/clip_0005.txt,"confirman como el escritor más vendido de Sudamérica. En una vida donde es tan difícil definir, por ejemplo,",es,6.016,completed_asr,
argentina/new_discovery,ITovsJg-q5c,new_discovery::ITovsJg-q5c::clip_0006,clip_0006,large,large-v3,cpu,int8,C:\Users\bianc\NLP Natural Language Processing\labios-argentos\data_release\work\new_discovery_ingest\ITovsJg-q5c\clips_with_audio\clip_0006.mp4,gs://labios-argentos-vsr-clean-v1/argentina/new_discovery/clips_with_audio/ITovsJg-q5c/clip_0006.mp4,C:\Users\bianc\NLP Natural Language Processing\labios-argentos\data_release\work\new_discovery_asr\transcripts\large\ITovsJg-q5c\clip_0006.txt,gs://labios-argentos-vsr-clean-v1/argentina/new_discovery/transcripts/large/ITovsJg-q5c/clip_0006.txt,la felicidad. Yo te diría que una de las cosas que pueden hacer que alguien sea feliz...,es,6.016,completed_asr,
argentina/new_discovery,ITovsJg-q5c,new_discovery::ITovsJg-q5c::clip_0007,clip_0007,large,large-v3,cpu,int8,C:\Users\bianc\NLP Natural Language Processing\labios-argentos\data_release\work\new_discovery_ingest\ITovsJg-q5c\clips_with_audio\clip_0007.mp4,gs://labios-argentos-vsr-clean-v1/argentina/new_discovery/clips_with_audio/ITovsJg-q5c/clip_0007.mp4,C:\Users\bianc\NLP Natural Language Processing\labios-argentos\data_release\work\new_discovery_asr\transcripts\large\ITovsJg-q5c\clip_0007.txt,gs://labios-argentos-vsr-clean-v1/argentina/new_discovery/transcripts/large/ITovsJg-q5c/clip_0007.txt,es que tenga la capacidad de mirar hacia adentro sin sentir vergüenza de lo que encuentra.,es,6.016,completed_asr,
argentina/new_discovery,ITovsJg-q5c,new_discovery::ITovsJg-q5c::clip_0008,clip_0008,large,large-v3,cpu,int8,C:\Users\bianc\NLP Natural Language Processing\labios-argentos\data_release\work\new_discovery_ingest\ITovsJg-q5c\clips_with_audio\clip_0008.mp4,gs://labios-argentos-vsr-clean-v1/argentina/new_discovery/clips_with_audio/ITovsJg-q5c/clip_0008.mp4,C:\Users\bianc\NLP Natural Language Processing\labios-argentos\data_release\work\new_discovery_asr\transcripts\large\ITovsJg-q5c\clip_0008.txt,gs://labios-argentos-vsr-clean-v1/argentina/new_discovery/transcripts/large/ITovsJg-q5c/clip_0008.txt,Hay que tener cuidado con creer que las decisiones correctas son las que...,es,6.016,completed_asr,
argentina/new_discovery,ITovsJg-q5c,new_discovery::ITovsJg-q5c::clip_0009,clip_0009,large,large-v3,cpu,int8,C:\Users\bianc\NLP Natural Language Processing\labios-argentos\data_release\work\new_discovery_ingest\ITovsJg-q5c\clips_with_audio\clip_0009.mp4,gs://labios-argentos-vsr-clean-v1/argentina/new_discovery/clips_with_audio/ITovsJg-q5c/clip_0009.mp4,C:\Users\bianc\NLP Natural Language Processing\labios-argentos\data_release\work\new_discovery_asr\transcripts\large\ITovsJg-q5c\clip_0009.txt,gs://labios-argentos-vsr-clean-v1/argentina/new_discovery/transcripts/large/ITovsJg-q5c/clip_0009.txt,"siempre terminan bien. Hay decisiones que son correctas, aunque terminen mal.",es,6.016,completed_asr,
argentina/new_discovery,ITovsJg-q5c,new_discovery::ITovsJg-q5c::clip_0001,clip_0001,turbo,turbo,cpu,int8,C:\Users\bianc\NLP Natural Language Processing\labios-argentos\data_release\work\new_discovery_ingest\ITovsJg-q5c\clips_with_audio\clip_0001.mp4,gs://labios-argentos-vsr-clean-v1/argentina/new_discovery/clips_with_audio/ITovsJg-q5c/clip_0001.mp4,C:\Users\bianc\NLP Natural Language Processing\labios-argentos\data_release\work\new_discovery_asr\transcripts\turbo\ITovsJg-q5c\clip_0001.txt,gs://labios-argentos-vsr-clean-v1/argentina/new_discovery/transcripts/turbo/ITovsJg-q5c/clip_0001.txt,Enorme sobre vos. Yo pienso que la persona que de verdad nos ama es la que renuncia a usar el poder.,es,6.016,completed_asr,
argentina/new_discovery,ITovsJg-q5c,new_discovery::ITovsJg-q5c::clip_0002,clip_0002,turbo,turbo,cpu,int8,C:\Users\bianc\NLP Natural Language Processing\labios-argentos\data_release\work\new_discovery_ingest\ITovsJg-q5c\clips_with_audio\clip_0002.mp4,gs://labios-argentos-vsr-clean-v1/argentina/new_discovery/clips_with_audio/ITovsJg-q5c/clip_0002.mp4,C:\Users\bianc\NLP Natural Language Processing\labios-argentos\data_release\work\new_discovery_asr\transcripts\turbo\ITovsJg-q5c\clip_0002.txt,gs://labios-argentos-vsr-clean-v1/argentina/new_discovery/transcripts/turbo/ITovsJg-q5c/clip_0002.txt,que le dimos cuando naciste a tus padres le dijeron que sólo tenía siete días de vida sí,es,6.016,completed_asr,
argentina/new_discovery,ITovsJg-q5c,new_discovery::ITovsJg-q5c::clip_0003,clip_0003,turbo,turbo,cpu,int8,C:\Users\bianc\NLP Natural Language Processing\labios-argentos\data_release\work\new_discovery_ingest\ITovsJg-q5c\clips_with_audio\clip_0003.mp4,gs://labios-argentos-vsr-clean-v1/argentina/new_discovery/clips_with_audio/ITovsJg-q5c/clip_0003.mp4,C:\Users\bianc\NLP Natural Language Processing\labios-argentos\data_release\work\new_discovery_asr\transcripts\turbo\ITovsJg-q5c\clip_0003.txt,gs://labios-argentos-vsr-clean-v1/argentina/new_discovery/transcripts/turbo/ITovsJg-q5c/clip_0003.txt,resultó que no fue así no parece ser que no maestro gabriel rolón psicoanalista,es,6.016,completed_asr,
argentina/new_discovery,ITovsJg-q5c,new_discovery::ITovsJg-q5c::clip_0004,clip_0004,turbo,turbo,cpu,int8,C:\Users\bianc\NLP Natural Language Processing\labios-argentos\data_release\work\new_discovery_ingest\ITovsJg-q5c\clips_with_audio\clip_0004.mp4,gs://labios-argentos-vsr-clean-v1/argentina/new_discovery/clips_with_audio/ITovsJg-q5c/clip_0004.mp4,C:\Users\bianc\NLP Natural Language Processing\labios-argentos\data_release\work\new_discovery_asr\transcripts\turbo\ITovsJg-q5c\clip_0004.txt,gs://labios-argentos-vsr-clean-v1/argentina/new_discovery/transcripts/turbo/ITovsJg-q5c/clip_0004.txt,"escritor y pensador destacado de la cultura. Con más de dos millones de ejemplares, lo convirtió en la historia de la historia de la historia de la historia.",es,6.016,completed_asr,
argentina/new_discovery,ITovsJg-q5c,new_discovery::ITovsJg-q5c::clip_0005,clip_0005,turbo,turbo,cpu,int8,C:\Users\bianc\NLP Natural Language Processing\labios-argentos\data_release\work\new_discovery_ingest\ITovsJg-q5c\clips_with_audio\clip_0005.mp4,gs://labios-argentos-vsr-clean-v1/argentina/new_discovery/clips_with_audio/ITovsJg-q5c/clip_0005.mp4,C:\Users\bianc\NLP Natural Language Processing\labios-argentos\data_release\work\new_discovery_asr\transcripts\turbo\ITovsJg-q5c\clip_0005.txt,gs://labios-argentos-vsr-clean-v1/argentina/new_discovery/transcripts/turbo/ITovsJg-q5c/clip_0005.txt,"confirman como el escritor más vendido de Sudamérica. En una vida donde es tan difícil definir, por ejemplo,",es,6.016,completed_asr,
argentina/new_discovery,ITovsJg-q5c,new_discovery::ITovsJg-q5c::clip_0006,clip_0006,turbo,turbo,cpu,int8,C:\Users\bianc\NLP Natural Language Processing\labios-argentos\data_release\work\new_discovery_ingest\ITovsJg-q5c\clips_with_audio\clip_0006.mp4,gs://labios-argentos-vsr-clean-v1/argentina/new_discovery/clips_with_audio/ITovsJg-q5c/clip_0006.mp4,C:\Users\bianc\NLP Natural Language Processing\labios-argentos\data_release\work\new_discovery_asr\transcripts\turbo\ITovsJg-q5c\clip_0006.txt,gs://labios-argentos-vsr-clean-v1/argentina/new_discovery/transcripts/turbo/ITovsJg-q5c/clip_0006.txt,la felicidad. Yo te diría que una de las cosas que pueden hacer que alguien sea feliz,es,6.016,completed_asr,
argentina/new_discovery,ITovsJg-q5c,new_discovery::ITovsJg-q5c::clip_0007,clip_0007,turbo,turbo,cpu,int8,C:\Users\bianc\NLP Natural Language Processing\labios-argentos\data_release\work\new_discovery_ingest\ITovsJg-q5c\clips_with_audio\clip_0007.mp4,gs://labios-argentos-vsr-clean-v1/argentina/new_discovery/clips_with_audio/ITovsJg-q5c/clip_0007.mp4,C:\Users\bianc\NLP Natural Language Processing\labios-argentos\data_release\work\new_discovery_asr\transcripts\turbo\ITovsJg-q5c\clip_0007.txt,gs://labios-argentos-vsr-clean-v1/argentina/new_discovery/transcripts/turbo/ITovsJg-q5c/clip_0007.txt,es que tenga la capacidad de mirar hacia adentro sin sentir vergüenza de lo que encuentra.,es,6.016,completed_asr,
argentina/new_discovery,ITovsJg-q5c,new_discovery::ITovsJg-q5c::clip_0008,clip_0008,turbo,turbo,cpu,int8,C:\Users\bianc\NLP Natural Language Processing\labios-argentos\data_release\work\new_discovery_ingest\ITovsJg-q5c\clips_with_audio\clip_0008.mp4,gs://labios-argentos-vsr-clean-v1/argentina/new_discovery/clips_with_audio/ITovsJg-q5c/clip_0008.mp4,C:\Users\bianc\NLP Natural Language Processing\labios-argentos\data_release\work\new_discovery_asr\transcripts\turbo\ITovsJg-q5c\clip_0008.txt,gs://labios-argentos-vsr-clean-v1/argentina/new_discovery/transcripts/turbo/ITovsJg-q5c/clip_0008.txt,Hay que tener cuidado con creer que las decisiones correctas son las que se han hecho.,es,6.016,completed_asr,
argentina/new_discovery,ITovsJg-q5c,new_discovery::ITovsJg-q5c::clip_0009,clip_0009,turbo,turbo,cpu,int8,C:\Users\bianc\NLP Natural Language Processing\labios-argentos\data_release\work\new_discovery_ingest\ITovsJg-q5c\clips_with_audio\clip_0009.mp4,gs://labios-argentos-vsr-clean-v1/argentina/new_discovery/clips_with_audio/ITovsJg-q5c/clip_0009.mp4,C:\Users\bianc\NLP Natural Language Processing\labios-argentos\data_release\work\new_discovery_asr\transcripts\turbo\ITovsJg-q5c\clip_0009.txt,gs://labios-argentos-vsr-clean-v1/argentina/new_discovery/transcripts/turbo/ITovsJg-q5c/clip_0009.txt,"siempre terminan bien. Hay decisiones que son correctas, aunque terminen mal.",es,6.016,completed_asr,
argentina/new_discovery,ITovsJg-q5c,new_discovery::ITovsJg-q5c::clip_0010,clip_0010,large,large-v3,cpu,int8,C:\Users\bianc\NLP Natural Language Processing\labios-argentos\data_release\work\new_discovery_ingest\ITovsJg-q5c\clips_with_audio\clip_0010.mp4,gs://labios-argentos-vsr-clean-v1/argentina/new_discovery/clips_with_audio/ITovsJg-q5c/clip_0010.mp4,C:\Users\bianc\NLP Natural Language Processing\labios-argentos\data_release\work\new_discovery_asr\transcripts\large\ITovsJg-q5c\clip_0010.txt,gs://labios-argentos-vsr-clean-v1/argentina/new_discovery/transcripts/large/ITovsJg-q5c/clip_0010.txt,"certidumbre va a saludir la vida. Qué gracia tiene, digamos, que juguemos un...",es,6.016,completed_asr,
argentina/new_discovery,ITovsJg-q5c,new_discovery::ITovsJg-q5c::clip_0011,clip_0011,large,large-v3,cpu,int8,C:\Users\bianc\NLP Natural Language Processing\labios-argentos\data_release\work\new_discovery_ingest\ITovsJg-q5c\clips_with_audio\clip_0011.mp4,gs://labios-argentos-vsr-clean-v1/argentina/new_discovery/clips_with_audio/ITovsJg-q5c/clip_0011.mp4,C:\Users\bianc\NLP Natural Language Processing\labios-argentos\data_release\work\new_discovery_asr\transcripts\large\ITovsJg-q5c\clip_0011.txt,gs://labios-argentos-vsr-clean-v1/argentina/new_discovery/transcripts/large/ITovsJg-q5c/clip_0011.txt,una partida de cartas si yo ya conozco las tuyas cuánto pensamiento,es,6.016,completed_asr,
argentina/new_discovery,ITovsJg-q5c,new_discovery::ITovsJg-q5c::clip_0012,clip_0012,large,large-v3,cpu,int8,C:\Users\bianc\NLP Natural Language Processing\labios-argentos\data_release\work\new_discovery_ingest\ITovsJg-q5c\clips_with_audio\clip_0012.mp4,gs://labios-argentos-vsr-clean-v1/argentina/new_discovery/clips_with_audio/ITovsJg-q5c/clip_0012.mp4,C:\Users\bianc\NLP Natural Language Processing\labios-argentos\data_release\work\new_discovery_asr\transcripts\large\ITovsJg-q5c\clip_0012.txt,gs://labios-argentos-vsr-clean-v1/argentina/new_discovery/transcripts/large/ITovsJg-q5c/clip_0012.txt,caben 140 caracteres. ¿Insultar? Te sobran los caracteres para insultar a,es,6.016,completed_asr,
argentina/new_discovery,ITovsJg-q5c,new_discovery::ITovsJg-q5c::clip_0013,clip_0013,large,large-v3,cpu,int8,C:\Users\bianc\NLP Natural Language Processing\labios-argentos\data_release\work\new_discovery_ingest\ITovsJg-q5c\clips_with_audio\clip_0013.mp4,gs://labios-argentos-vsr-clean-v1/argentina/new_discovery/clips_with_audio/ITovsJg-q5c/clip_0013.mp4,C:\Users\bianc\NLP Natural Language Processing\labios-argentos\data_release\work\new_discovery_asr\transcripts\large\ITovsJg-q5c\clip_0013.txt,gs://labios-argentos-vsr-clean-v1/argentina/new_discovery/transcripts/large/ITovsJg-q5c/clip_0013.txt,Para redondear una idea interesante no te alcanza. La opinión se ha llevado por delante al pensar en eso.,es,6.016,completed_asr,
argentina/new_discovery,ITovsJg-q5c,new_discovery::ITovsJg-q5c::clip_0014,clip_0014,large,large-v3,cpu,int8,C:\Users\bianc\NLP Natural Language Processing\labios-argentos\data_release\work\new_discovery_ingest\ITovsJg-q5c\clips_with_audio\clip_0014.mp4,gs://labios-argentos-vsr-clean-v1/argentina/new_discovery/clips_with_audio/ITovsJg-q5c/clip_0014.mp4,C:\Users\bianc\NLP Natural Language Processing\labios-argentos\data_release\work\new_discovery_asr\transcripts\large\ITovsJg-q5c\clip_0014.txt,gs://labios-argentos-vsr-clean-v1/argentina/new_discovery/transcripts/large/ITovsJg-q5c/clip_0014.txt,"pensamiento. La gente ya no piensa, opina y cree que cualquier opinión es válida.",es,6.016,completed_asr,
argentina/new_discovery,ITovsJg-q5c,new_discovery::ITovsJg-q5c::clip_0015,clip_0015,large,large-v3,cpu,int8,C:\Users\bianc\NLP Natural Language Processing\labios-argentos\data_release\work\new_discovery_ingest\ITovsJg-q5c\clips_with_audio\clip_0015.mp4,gs://labios-argentos-vsr-clean-v1/argentina/new_discovery/clips_with_audio/ITovsJg-q5c/clip_0015.mp4,C:\Users\bianc\NLP Natural Language Processing\labios-argentos\data_release\work\new_discovery_asr\transcripts\large\ITovsJg-q5c\clip_0015.txt,gs://labios-argentos-vsr-clean-v1/argentina/new_discovery/transcripts/large/ITovsJg-q5c/clip_0015.txt,"del inconsciente, me preguntaba ¿cuánto control tenemos realmente en nuestra vida? Mirá",es,6.016,completed_asr,
argentina/new_discovery,ITovsJg-q5c,new_discovery::ITovsJg-q5c::clip_0016,clip_0016,large,large-v3,cpu,int8,C:\Users\bianc\NLP Natural Language Processing\labios-argentos\data_release\work\new_discovery_ingest\ITovsJg-q5c\clips_with_audio\clip_0016.mp4,gs://labios-argentos-vsr-clean-v1/argentina/new_discovery/clips_with_audio/ITovsJg-q5c/clip_0016.mp4,C:\Users\bianc\NLP Natural Language Processing\labios-argentos\data_release\work\new_discovery_asr\transcripts\large\ITovsJg-q5c\clip_0016.txt,gs://labios-argentos-vsr-clean-v1/argentina/new_discovery/transcripts/large/ITovsJg-q5c/clip_0016.txt,oye juan ya que en este podcast se habla sobre relaciones amigos pareja sabes cuál es el plan,es,6.016,completed_asr,
argentina/new_discovery,ITovsJg-q5c,new_discovery::ITovsJg-q5c::clip_0017,clip_0017,large,large-v3,cpu,int8,C:\Users\bianc\NLP Natural Language Processing\labios-argentos\data_release\work\new_discovery_ingest\ITovsJg-q5c\clips_with_audio\clip_0017.mp4,gs://labios-argentos-vsr-clean-v1/argentina/new_discovery/clips_with_audio/ITovsJg-q5c/clip_0017.mp4,C:\Users\bianc\NLP Natural Language Processing\labios-argentos\data_release\work\new_discovery_asr\transcripts\large\ITovsJg-q5c\clip_0017.txt,gs://labios-argentos-vsr-clean-v1/argentina/new_discovery/transcripts/large/ITovsJg-q5c/clip_0017.txt,"para fortalecer este vínculo? ¿Un viaje? Sí, pero no un viaje como tú estás pensando, sino un viaje.",es,6.016,completed_asr,
argentina/new_discovery,ITovsJg-q5c,new_discovery::ITovsJg-q5c::clip_0018,clip_0018,large,large-v3,cpu,int8,C:\Users\bianc\NLP Natural Language Processing\labios-argentos\data_release\work\new_discovery_ingest\ITovsJg-q5c\clips_with_audio\clip_0018.mp4,gs://labios-argentos-vsr-clean-v1/argentina/new_discovery/clips_with_audio/ITovsJg-q5c/clip_0018.mp4,C:\Users\bianc\NLP Natural Language Processing\labios-argentos\data_release\work\new_discovery_asr\transcripts\large\ITovsJg-q5c\clip_0018.txt,gs://labios-argentos-vsr-clean-v1/argentina/new_discovery/transcripts/large/ITovsJg-q5c/clip_0018.txt,"viaje de desconexión, lejos de las prisas de las pantallas en un Airbnb especialmente esos Airbnbs que están en zonas",es,6.016,completed_asr,
argentina/new_discovery,ITovsJg-q5c,new_discovery::ITovsJg-q5c::clip_0019,clip_0019,large,large-v3,cpu,int8,C:\Users\bianc\NLP Natural Language Processing\labios-argentos\data_release\work\new_discovery_ingest\ITovsJg-q5c\clips_with_audio\clip_0019.mp4,gs://labios-argentos-vsr-clean-v1/argentina/new_discovery/clips_with_audio/ITovsJg-q5c/clip_0019.mp4,C:\Users\bianc\NLP Natural Language Processing\labios-argentos\data_release\work\new_discovery_asr\transcripts\large\ITovsJg-q5c\clip_0019.txt,gs://labios-argentos-vsr-clean-v1/argentina/new_discovery/transcripts/large/ITovsJg-q5c/clip_0019.txt,"rurales y sitios de pueblos pequeños y zonas de desconexión. Vale, vale, ya sé a qué te refieres. ¿Te refieres a esos alojamientos",es,6.016,completed_asr,
argentina/new_discovery,ITovsJg-q5c,new_discovery::ITovsJg-q5c::clip_0020,clip_0020,large,large-v3,cpu,int8,C:\Users\bianc\NLP Natural Language Processing\labios-argentos\data_release\work\new_discovery_ingest\ITovsJg-q5c\clips_with_audio\clip_0020.mp4,gs://labios-argentos-vsr-clean-v1/argentina/new_discovery/clips_with_audio/ITovsJg-q5c/clip_0020.mp4,C:\Users\bianc\NLP Natural Language Processing\labios-argentos\data_release\work\new_discovery_asr\transcripts\large\ITovsJg-q5c\clip_0020.txt,gs://labios-argentos-vsr-clean-v1/argentina/new_discovery/transcripts/large/ITovsJg-q5c/clip_0020.txt,"que están en mitad de la nada, que no te queda otra más que relacionarte con tus amigos porque ni tienes móvil ni tienes ordenador.",es,6.016,completed_asr,
argentina/new_discovery,ITovsJg-q5c,new_discovery::ITovsJg-q5c::clip_0021,clip_0021,large,large-v3,cpu,int8,C:\Users\bianc\NLP Natural Language Processing\labios-argentos\data_release\work\new_discovery_ingest\ITovsJg-q5c\clips_with_audio\clip_0021.mp4,gs://labios-argentos-vsr-clean-v1/argentina/new_discovery/clips_with_audio/ITovsJg-q5c/clip_0021.mp4,C:\Users\bianc\NLP Natural Language Processing\labios-argentos\data_release\work\new_discovery_asr\transcripts\large\ITovsJg-q5c\clip_0021.txt,gs://labios-argentos-vsr-clean-v1/argentina/new_discovery/transcripts/large/ITovsJg-q5c/clip_0021.txt,"Eso mola, pero Sergio, yo creo que puede salir o muy bien o muy mal. Pues con el video en vídeo esto no pasa, porque tiene...",es,6.016,completed_asr,
argentina/new_discovery,ITovsJg-q5c,new_discovery::ITovsJg-q5c::clip_0022,clip_0022,large,large-v3,cpu,int8,C:\Users\bianc\NLP Natural Language Processing\labios-argentos\data_release\work\new_discovery_ingest\ITovsJg-q5c\clips_with_audio\clip_0022.mp4,gs://labios-argentos-vsr-clean-v1/argentina/new_discovery/clips_with_audio/ITovsJg-q5c/clip_0022.mp4,C:\Users\bianc\NLP Natural Language Processing\labios-argentos\data_release\work\new_discovery_asr\transcripts\large\ITovsJg-q5c\clip_0022.txt,gs://labios-argentos-vsr-clean-v1/argentina/new_discovery/transcripts/large/ITovsJg-q5c/clip_0022.txt,"habitaciones para que cada uno se separe y no haya peleas, pero también hay zonas comunes donde puedas divertirte, donde puedas jugar.",es,6.016,completed_asr,
argentina/new_discovery,ITovsJg-q5c,new_discovery::ITovsJg-q5c::clip_0023,clip_0023,large,large-v3,cpu,int8,C:\Users\bianc\NLP Natural Language Processing\labios-argentos\data_release\work\new_discovery_ingest\ITovsJg-q5c\clips_with_audio\clip_0023.mp4,gs://labios-argentos-vsr-clean-v1/argentina/new_discovery/clips_with_audio/ITovsJg-q5c/clip_0023.mp4,C:\Users\bianc\NLP Natural Language Processing\labios-argentos\data_release\work\new_discovery_asr\transcripts\large\ITovsJg-q5c\clip_0023.txt,gs://labios-argentos-vsr-clean-v1/argentina/new_discovery/transcripts/large/ITovsJg-q5c/clip_0023.txt,"y vas a pasarlo bien. Es decir, tienes momentos de diversión y momentos de privacidad. Sí, la verdad que tienes razón. Porque en Airbnb puedes encontrar...",es,6.016,completed_asr,
argentina/new_discovery,ITovsJg-q5c,new_discovery::ITovsJg-q5c::clip_0024,clip_0024,large,large-v3,cpu,int8,C:\Users\bianc\NLP Natural Language Processing\labios-argentos\data_release\work\new_discovery_ingest\ITovsJg-q5c\clips_with_audio\clip_0024.mp4,gs://labios-argentos-vsr-clean-v1/argentina/new_discovery/clips_with_audio/ITovsJg-q5c/clip_0024.mp4,C:\Users\bianc\NLP Natural Language Processing\labios-argentos\data_release\work\new_discovery_asr\transcripts\large\ITovsJg-q5c\clip_0024.txt,gs://labios-argentos-vsr-clean-v1/argentina/new_discovery/transcripts/large/ITovsJg-q5c/clip_0024.txt,todo tipo de experiencias y ahora que lo dices me he acordado que hace poco estuve en un pueblo cerca de Toledo con unos amigos míos,es,6.016,completed_asr,
argentina/new_discovery,ITovsJg-q5c,new_discovery::ITovsJg-q5c::clip_0025,clip_0025,large,large-v3,cpu,int8,C:\Users\bianc\NLP Natural Language Processing\labios-argentos\data_release\work\new_discovery_ingest\ITovsJg-q5c\clips_with_audio\clip_0025.mp4,gs://labios-argentos-vsr-clean-v1/argentina/new_discovery/clips_with_audio/ITovsJg-q5c/clip_0025.mp4,C:\Users\bianc\NLP Natural Language Processing\labios-argentos\data_release\work\new_discovery_asr\transcripts\large\ITovsJg-q5c\clip_0025.txt,gs://labios-argentos-vsr-clean-v1/argentina/new_discovery/transcripts/large/ITovsJg-q5c/clip_0025.txt,"Era una casa, vamos, en mitad de la nada, pero destacaba sobre todo el terreno exterior que tenía. Íbamos ahí a jugar pachangas, de hecho vino gente de...",es,6.016,completed_asr,
argentina/new_discovery,ITovsJg-q5c,new_discovery::ITovsJg-q5c::clip_0026,clip_0026,large,large-v3,cpu,int8,C:\Users\bianc\NLP Natural Language Processing\labios-argentos\data_release\work\new_discovery_ingest\ITovsJg-q5c\clips_with_audio\clip_0026.mp4,gs://labios-argentos-vsr-clean-v1/argentina/new_discovery/clips_with_audio/ITovsJg-q5c/clip_0026.mp4,C:\Users\bianc\NLP Natural Language Processing\labios-argentos\data_release\work\new_discovery_asr\transcripts\large\ITovsJg-q5c\clip_0026.txt,gs://labios-argentos-vsr-clean-v1/argentina/new_discovery/transcripts/large/ITovsJg-q5c/clip_0026.txt,"del pueblo de alrededor. Estuvimos entrenando juntos y luego por la noche, cada uno descansar en su habitación. ¡Qué planazo, tío! De hecho, hombre,",es,6.016,completed_asr,
argentina/new_discovery,ITovsJg-q5c,new_discovery::ITovsJg-q5c::clip_0027,clip_0027,large,large-v3,cpu,int8,C:\Users\bianc\NLP Natural Language Processing\labios-argentos\data_release\work\new_discovery_ingest\ITovsJg-q5c\clips_with_audio\clip_0027.mp4,gs://labios-argentos-vsr-clean-v1/argentina/new_discovery/clips_with_audio/ITovsJg-q5c/clip_0027.mp4,C:\Users\bianc\NLP Natural Language Processing\labios-argentos\data_release\work\new_discovery_asr\transcripts\large\ITovsJg-q5c\clip_0027.txt,gs://labios-argentos-vsr-clean-v1/argentina/new_discovery/transcripts/large/ITovsJg-q5c/clip_0027.txt,"entrado ganas de hacer algo así. De hecho, tenemos que hacerlo, tío. Tenemos que coger un Airbnb y descolectar, que ahí vamos con una tunda de entrevistas y de",es,6.016,completed_asr,
argentina/new_discovery,ITovsJg-q5c,new_discovery::ITovsJg-q5c::clip_0028,clip_0028,large,large-v3,cpu,int8,C:\Users\bianc\NLP Natural Language Processing\labios-argentos\data_release\work\new_discovery_ingest\ITovsJg-q5c\clips_with_audio\clip_0028.mp4,gs://labios-argentos-vsr-clean-v1/argentina/new_discovery/clips_with_audio/ITovsJg-q5c/clip_0028.mp4,C:\Users\bianc\NLP Natural Language Processing\labios-argentos\data_release\work\new_discovery_asr\transcripts\large\ITovsJg-q5c\clip_0028.txt,gs://labios-argentos-vsr-clean-v1/argentina/new_discovery/transcripts/large/ITovsJg-q5c/clip_0028.txt,una buena racha de hacer muchos podcast y creo que nos va a ir súper bien unos días de desconexión te cojo la palabra yo me pongo a mirar en Airbnb,es,6.016,completed_asr,
argentina/new_discovery,ITovsJg-q5c,new_discovery::ITovsJg-q5c::clip_0029,clip_0029,large,large-v3,cpu,int8,C:\Users\bianc\NLP Natural Language Processing\labios-argentos\data_release\work\new_discovery_ingest\ITovsJg-q5c\clips_with_audio\clip_0029.mp4,gs://labios-argentos-vsr-clean-v1/argentina/new_discovery/clips_with_audio/ITovsJg-q5c/clip_0029.mp4,C:\Users\bianc\NLP Natural Language Processing\labios-argentos\data_release\work\new_discovery_asr\transcripts\large\ITovsJg-q5c\clip_0029.txt,gs://labios-argentos-vsr-clean-v1/argentina/new_discovery/transcripts/large/ITovsJg-q5c/clip_0029.txt,"Mira, mira, mira. Vamos a mirar. Tú ganas de ahí, barbacoa. A desconectar, tío. A desconectar, lectura. Buah, qué ganas tengo de eso, tío.",es,6.016,completed_asr,
argentina/new_discovery,ITovsJg-q5c,new_discovery::ITovsJg-q5c::clip_0030,clip_0030,large,large-v3,cpu,int8,C:\Users\bianc\NLP Natural Language Processing\labios-argentos\data_release\work\new_discovery_ingest\ITovsJg-q5c\clips_with_audio\clip_0030.mp4,gs://labios-argentos-vsr-clean-v1/argentina/new_discovery/clips_with_audio/ITovsJg-q5c/clip_0030.mp4,C:\Users\bianc\NLP Natural Language Processing\labios-argentos\data_release\work\new_discovery_asr\transcripts\large\ITovsJg-q5c\clip_0030.txt,gs://labios-argentos-vsr-clean-v1/argentina/new_discovery/transcripts/large/ITovsJg-q5c/clip_0030.txt,"Venga va, voy a mirarlo ya Gabriel, cuando naciste A tus padres le dijeron que solo tenías 7 días de vida Sí",es,6.016,completed_asr,
argentina/new_discovery,ITovsJg-q5c,new_discovery::ITovsJg-q5c::clip_0031,clip_0031,large,large-v3,cpu,int8,C:\Users\bianc\NLP Natural Language Processing\labios-argentos\data_release\work\new_discovery_ingest\ITovsJg-q5c\clips_with_audio\clip_0031.mp4,gs://labios-argentos-vsr-clean-v1/argentina/new_discovery/clips_with_audio/ITovsJg-q5c/clip_0031.mp4,C:\Users\bianc\NLP Natural Language Processing\labios-argentos\data_release\work\new_discovery_asr\transcripts\large\ITovsJg-q5c\clip_0031.txt,gs://labios-argentos-vsr-clean-v1/argentina/new_discovery/transcripts/large/ITovsJg-q5c/clip_0031.txt,"resultó que no fue así no, parece ser que no no, no, se ve",es,6.016,completed_asr,
argentina/new_discovery,ITovsJg-q5c,new_discovery::ITovsJg-q5c::clip_0032,clip_0032,large,large-v3,cpu,int8,C:\Users\bianc\NLP Natural Language Processing\labios-argentos\data_release\work\new_discovery_ingest\ITovsJg-q5c\clips_with_audio\clip_0032.mp4,gs://labios-argentos-vsr-clean-v1/argentina/new_discovery/clips_with_audio/ITovsJg-q5c/clip_0032.mp4,C:\Users\bianc\NLP Natural Language Processing\labios-argentos\data_release\work\new_discovery_asr\transcripts\large\ITovsJg-q5c\clip_0032.txt,gs://labios-argentos-vsr-clean-v1/argentina/new_discovery/transcripts/large/ITovsJg-q5c/clip_0032.txt,becken así sin querer darle el gusto a lo que se esperaba de mí no,es,6.016,completed_asr,
argentina/new_discovery,ITovsJg-q5c,new_discovery::ITovsJg-q5c::clip_0033,clip_0033,large,large-v3,cpu,int8,C:\Users\bianc\NLP Natural Language Processing\labios-argentos\data_release\work\new_discovery_ingest\ITovsJg-q5c\clips_with_audio\clip_0033.mp4,gs://labios-argentos-vsr-clean-v1/argentina/new_discovery/clips_with_audio/ITovsJg-q5c/clip_0033.mp4,C:\Users\bianc\NLP Natural Language Processing\labios-argentos\data_release\work\new_discovery_asr\transcripts\large\ITovsJg-q5c\clip_0033.txt,gs://labios-argentos-vsr-clean-v1/argentina/new_discovery/transcripts/large/ITovsJg-q5c/clip_0033.txt,fue una situación muy complicada porque mis padres venían de perder ya una hija,es,6.016,completed_asr,
argentina/new_discovery,ITovsJg-q5c,new_discovery::ITovsJg-q5c::clip_0034,clip_0034,large,large-v3,cpu,int8,C:\Users\bianc\NLP Natural Language Processing\labios-argentos\data_release\work\new_discovery_ingest\ITovsJg-q5c\clips_with_audio\clip_0034.mp4,gs://labios-argentos-vsr-clean-v1/argentina/new_discovery/clips_with_audio/ITovsJg-q5c/clip_0034.mp4,C:\Users\bianc\NLP Natural Language Processing\labios-argentos\data_release\work\new_discovery_asr\transcripts\large\ITovsJg-q5c\clip_0034.txt,gs://labios-argentos-vsr-clean-v1/argentina/new_discovery/transcripts/large/ITovsJg-q5c/clip_0034.txt,"un año antes, en el momento del nacimiento. Y esta vez que...",es,6.016,completed_asr,
argentina/new_discovery,ITovsJg-q5c,new_discovery::ITovsJg-q5c::clip_0035,clip_0035,large,large-v3,cpu,int8,C:\Users\bianc\NLP Natural Language Processing\labios-argentos\data_release\work\new_discovery_ingest\ITovsJg-q5c\clips_with_audio\clip_0035.mp4,gs://labios-argentos-vsr-clean-v1/argentina/new_discovery/clips_with_audio/ITovsJg-q5c/clip_0035.mp4,C:\Users\bianc\NLP Natural Language Processing\labios-argentos\data_release\work\new_discovery_asr\transcripts\large\ITovsJg-q5c\clip_0035.txt,gs://labios-argentos-vsr-clean-v1/argentina/new_discovery/transcripts/large/ITovsJg-q5c/clip_0035.txt,"que yo naciera y ahí mismo le plantearan esta situación de, bueno, va a tener...",es,6.016,completed_asr,
argentina/new_discovery,ITovsJg-q5c,new_discovery::ITovsJg-q5c::clip_0036,clip_0036,large,large-v3,cpu,int8,C:\Users\bianc\NLP Natural Language Processing\labios-argentos\data_release\work\new_discovery_ingest\ITovsJg-q5c\clips_with_audio\clip_0036.mp4,gs://labios-argentos-vsr-clean-v1/argentina/new_discovery/clips_with_audio/ITovsJg-q5c/clip_0036.mp4,C:\Users\bianc\NLP Natural Language Processing\labios-argentos\data_release\work\new_discovery_asr\transcripts\large\ITovsJg-q5c\clip_0036.txt,gs://labios-argentos-vsr-clean-v1/argentina/new_discovery/transcripts/large/ITovsJg-q5c/clip_0036.txt,Siete días de vida. Imagínate la angustia para ellos.,es,6.016,completed_asr,
argentina/new_discovery,ITovsJg-q5c,new_discovery::ITovsJg-q5c::clip_0037,clip_0037,large,large-v3,cpu,int8,C:\Users\bianc\NLP Natural Language Processing\labios-argentos\data_release\work\new_discovery_ingest\ITovsJg-q5c\clips_with_audio\clip_0037.mp4,gs://labios-argentos-vsr-clean-v1/argentina/new_discovery/clips_with_audio/ITovsJg-q5c/clip_0037.mp4,C:\Users\bianc\NLP Natural Language Processing\labios-argentos\data_release\work\new_discovery_asr\transcripts\large\ITovsJg-q5c\clip_0037.txt,gs://labios-argentos-vsr-clean-v1/argentina/new_discovery/transcripts/large/ITovsJg-q5c/clip_0037.txt,Y yo siempre he pensado que a lo mejor eso marcó...,es,6.016,completed_asr,
argentina/new_discovery,ITovsJg-q5c,new_discovery::ITovsJg-q5c::clip_0038,clip_0038,large,large-v3,cpu,int8,C:\Users\bianc\NLP Natural Language Processing\labios-argentos\data_release\work\new_discovery_ingest\ITovsJg-q5c\clips_with_audio\clip_0038.mp4,gs://labios-argentos-vsr-clean-v1/argentina/new_discovery/clips_with_audio/ITovsJg-q5c/clip_0038.mp4,C:\Users\bianc\NLP Natural Language Processing\labios-argentos\data_release\work\new_discovery_asr\transcripts\large\ITovsJg-q5c\clip_0038.txt,gs://labios-argentos-vsr-clean-v1/argentina/new_discovery/transcripts/large/ITovsJg-q5c/clip_0038.txt,mucho mi manera de vivir sabes yo no tengo una pérdida,es,6.016,completed_asr,
argentina/new_discovery,ITovsJg-q5c,new_discovery::ITovsJg-q5c::clip_0039,clip_0039,large,large-v3,cpu,int8,C:\Users\bianc\NLP Natural Language Processing\labios-argentos\data_release\work\new_discovery_ingest\ITovsJg-q5c\clips_with_audio\clip_0039.mp4,gs://labios-argentos-vsr-clean-v1/argentina/new_discovery/clips_with_audio/ITovsJg-q5c/clip_0039.mp4,C:\Users\bianc\NLP Natural Language Processing\labios-argentos\data_release\work\new_discovery_asr\transcripts\large\ITovsJg-q5c\clip_0039.txt,gs://labios-argentos-vsr-clean-v1/argentina/new_discovery/transcripts/large/ITovsJg-q5c/clip_0039.txt,"muy grande a la vida. Me gusta, me gusta vivir, me quiero ir viviendo.",es,6.016,completed_asr,
argentina/new_discovery,ITovsJg-q5c,new_discovery::ITovsJg-q5c::clip_0040,clip_0040,large,large-v3,cpu,int8,C:\Users\bianc\NLP Natural Language Processing\labios-argentos\data_release\work\new_discovery_ingest\ITovsJg-q5c\clips_with_audio\clip_0040.mp4,gs://labios-argentos-vsr-clean-v1/argentina/new_discovery/clips_with_audio/ITovsJg-q5c/clip_0040.mp4,C:\Users\bianc\NLP Natural Language Processing\labios-argentos\data_release\work\new_discovery_asr\transcripts\large\ITovsJg-q5c\clip_0040.txt,gs://labios-argentos-vsr-clean-v1/argentina/new_discovery/transcripts/large/ITovsJg-q5c/clip_0040.txt,"digo, pero no me quiero quedar a cualquier costo, soy una persona que estiraría el...",es,6.016,completed_asr,
argentina/new_discovery,ITovsJg-q5c,new_discovery::ITovsJg-q5c::clip_0041,clip_0041,large,large-v3,cpu,int8,C:\Users\bianc\NLP Natural Language Processing\labios-argentos\data_release\work\new_discovery_ingest\ITovsJg-q5c\clips_with_audio\clip_0041.mp4,gs://labios-argentos-vsr-clean-v1/argentina/new_discovery/clips_with_audio/ITovsJg-q5c/clip_0041.mp4,C:\Users\bianc\NLP Natural Language Processing\labios-argentos\data_release\work\new_discovery_asr\transcripts\large\ITovsJg-q5c\clip_0041.txt,gs://labios-argentos-vsr-clean-v1/argentina/new_discovery/transcripts/large/ITovsJg-q5c/clip_0041.txt,"tiempo de su vida en contra de la calidad de su vida, en contra de la posibilidad de cumplir con sus deseos.",es,6.016,completed_asr,
argentina/new_discovery,ITovsJg-q5c,new_discovery::ITovsJg-q5c::clip_0042,clip_0042,large,large-v3,cpu,int8,C:\Users\bianc\NLP Natural Language Processing\labios-argentos\data_release\work\new_discovery_ingest\ITovsJg-q5c\clips_with_audio\clip_0042.mp4,gs://labios-argentos-vsr-clean-v1/argentina/new_discovery/clips_with_audio/ITovsJg-q5c/clip_0042.mp4,C:\Users\bianc\NLP Natural Language Processing\labios-argentos\data_release\work\new_discovery_asr\transcripts\large\ITovsJg-q5c\clip_0042.txt,gs://labios-argentos-vsr-clean-v1/argentina/new_discovery/transcripts/large/ITovsJg-q5c/clip_0042.txt,de seguir haciendo lo que ama. Ustedes han tenido...,es,6.016,completed_asr,
argentina/new_discovery,ITovsJg-q5c,new_discovery::ITovsJg-q5c::clip_0043,clip_0043,large,large-v3,cpu,int8,C:\Users\bianc\NLP Natural Language Processing\labios-argentos\data_release\work\new_discovery_ingest\ITovsJg-q5c\clips_with_audio\clip_0043.mp4,gs://labios-argentos-vsr-clean-v1/argentina/new_discovery/clips_with_audio/ITovsJg-q5c/clip_0043.mp4,C:\Users\bianc\NLP Natural Language Processing\labios-argentos\data_release\work\new_discovery_asr\transcripts\large\ITovsJg-q5c\clip_0043.txt,gs://labios-argentos-vsr-clean-v1/argentina/new_discovery/transcripts/large/ITovsJg-q5c/clip_0043.txt,un gran maestro allí en España que se llamó José Luis San Pedro un hombre que,es,6.016,completed_asr,
argentina/new_discovery,ITovsJg-q5c,new_discovery::ITovsJg-q5c::clip_0044,clip_0044,large,large-v3,cpu,int8,C:\Users\bianc\NLP Natural Language Processing\labios-argentos\data_release\work\new_discovery_ingest\ITovsJg-q5c\clips_with_audio\clip_0044.mp4,gs://labios-argentos-vsr-clean-v1/argentina/new_discovery/clips_with_audio/ITovsJg-q5c/clip_0044.mp4,C:\Users\bianc\NLP Natural Language Processing\labios-argentos\data_release\work\new_discovery_asr\transcripts\large\ITovsJg-q5c\clip_0044.txt,gs://labios-argentos-vsr-clean-v1/argentina/new_discovery/transcripts/large/ITovsJg-q5c/clip_0044.txt,"extraordinario, un pensador, un docente, y él que murió siendo muy grande.",es,6.016,completed_asr,
argentina/new_discovery,ITovsJg-q5c,new_discovery::ITovsJg-q5c::clip_0045,clip_0045,large,large-v3,cpu,int8,C:\Users\bianc\NLP Natural Language Processing\labios-argentos\data_release\work\new_discovery_ingest\ITovsJg-q5c\clips_with_audio\clip_0045.mp4,gs://labios-argentos-vsr-clean-v1/argentina/new_discovery/clips_with_audio/ITovsJg-q5c/clip_0045.mp4,C:\Users\bianc\NLP Natural Language Processing\labios-argentos\data_release\work\new_discovery_asr\transcripts\large\ITovsJg-q5c\clip_0045.txt,gs://labios-argentos-vsr-clean-v1/argentina/new_discovery/transcripts/large/ITovsJg-q5c/clip_0045.txt,"decía, yo ya vi como era este juego y la verdad que no es demasiado bello",es,6.016,completed_asr,
argentina/new_discovery,ITovsJg-q5c,new_discovery::ITovsJg-q5c::clip_0046,clip_0046,large,large-v3,cpu,int8,C:\Users\bianc\NLP Natural Language Processing\labios-argentos\data_release\work\new_discovery_ingest\ITovsJg-q5c\clips_with_audio\clip_0046.mp4,gs://labios-argentos-vsr-clean-v1/argentina/new_discovery/clips_with_audio/ITovsJg-q5c/clip_0046.mp4,C:\Users\bianc\NLP Natural Language Processing\labios-argentos\data_release\work\new_discovery_asr\transcripts\large\ITovsJg-q5c\clip_0046.txt,gs://labios-argentos-vsr-clean-v1/argentina/new_discovery/transcripts/large/ITovsJg-q5c/clip_0046.txt,"decía él, ¿no? Decía como para si le gustaría regresarse, existir a la reencarnación, ¿no?",es,6.016,completed_asr,
argentina/new_discovery,ITovsJg-q5c,new_discovery::ITovsJg-q5c::clip_0047,clip_0047,large,large-v3,cpu,int8,C:\Users\bianc\NLP Natural Language Processing\labios-argentos\data_release\work\new_discovery_ingest\ITovsJg-q5c\clips_with_audio\clip_0047.mp4,gs://labios-argentos-vsr-clean-v1/argentina/new_discovery/clips_with_audio/ITovsJg-q5c/clip_0047.mp4,C:\Users\bianc\NLP Natural Language Processing\labios-argentos\data_release\work\new_discovery_asr\transcripts\large\ITovsJg-q5c\clip_0047.txt,gs://labios-argentos-vsr-clean-v1/argentina/new_discovery/transcripts/large/ITovsJg-q5c/clip_0047.txt,"Entonces, yo creo que en una vida que es breve y complicada...",es,6.016,completed_asr,
argentina/new_discovery,ITovsJg-q5c,new_discovery::ITovsJg-q5c::clip_0048,clip_0048,large,large-v3,cpu,int8,C:\Users\bianc\NLP Natural Language Processing\labios-argentos\data_release\work\new_discovery_ingest\ITovsJg-q5c\clips_with_audio\clip_0048.mp4,gs://labios-argentos-vsr-clean-v1/argentina/new_discovery/clips_with_audio/ITovsJg-q5c/clip_0048.mp4,C:\Users\bianc\NLP Natural Language Processing\labios-argentos\data_release\work\new_discovery_asr\transcripts\large\ITovsJg-q5c\clip_0048.txt,gs://labios-argentos-vsr-clean-v1/argentina/new_discovery/transcripts/large/ITovsJg-q5c/clip_0048.txt,digo breve porque está allí la muerte si no son 7 días eran 90 años,es,6.016,completed_asr,
argentina/new_discovery,ITovsJg-q5c,new_discovery::ITovsJg-q5c::clip_0049,clip_0049,large,large-v3,cpu,int8,C:\Users\bianc\NLP Natural Language Processing\labios-argentos\data_release\work\new_discovery_ingest\ITovsJg-q5c\clips_with_audio\clip_0049.mp4,gs://labios-argentos-vsr-clean-v1/argentina/new_discovery/clips_with_audio/ITovsJg-q5c/clip_0049.mp4,C:\Users\bianc\NLP Natural Language Processing\labios-argentos\data_release\work\new_discovery_asr\transcripts\large\ITovsJg-q5c\clip_0049.txt,gs://labios-argentos-vsr-clean-v1/argentina/new_discovery/transcripts/large/ITovsJg-q5c/clip_0049.txt,"a lo que es, a la luz de lo que es la existencia del universo.",es,6.016,completed_asr,
argentina/new_discovery,ITovsJg-q5c,new_discovery::ITovsJg-q5c::clip_0050,clip_0050,large,large-v3,cpu,int8,C:\Users\bianc\NLP Natural Language Processing\labios-argentos\data_release\work\new_discovery_ingest\ITovsJg-q5c\clips_with_audio\clip_0050.mp4,gs://labios-argentos-vsr-clean-v1/argentina/new_discovery/clips_with_audio/ITovsJg-q5c/clip_0050.mp4,C:\Users\bianc\NLP Natural Language Processing\labios-argentos\data_release\work\new_discovery_asr\transcripts\large\ITovsJg-q5c\clip_0050.txt,gs://labios-argentos-vsr-clean-v1/argentina/new_discovery/transcripts/large/ITovsJg-q5c/clip_0050.txt,y sigue siendo un suspiro entonces yo creo que lo importante,es,6.016,completed_asr,
argentina/new_discovery,ITovsJg-q5c,new_discovery::ITovsJg-q5c::clip_0051,clip_0051,large,large-v3,cpu,int8,C:\Users\bianc\NLP Natural Language Processing\labios-argentos\data_release\work\new_discovery_ingest\ITovsJg-q5c\clips_with_audio\clip_0051.mp4,gs://labios-argentos-vsr-clean-v1/argentina/new_discovery/clips_with_audio/ITovsJg-q5c/clip_0051.mp4,C:\Users\bianc\NLP Natural Language Processing\labios-argentos\data_release\work\new_discovery_asr\transcripts\large\ITovsJg-q5c\clip_0051.txt,gs://labios-argentos-vsr-clean-v1/argentina/new_discovery/transcripts/large/ITovsJg-q5c/clip_0051.txt,Lo importante de esto es preguntarse mucho a uno mismo qué es lo que queremos.,es,6.016,completed_asr,
argentina/new_discovery,ITovsJg-q5c,new_discovery::ITovsJg-q5c::clip_0052,clip_0052,large,large-v3,cpu,int8,C:\Users\bianc\NLP Natural Language Processing\labios-argentos\data_release\work\new_discovery_ingest\ITovsJg-q5c\clips_with_audio\clip_0052.mp4,gs://labios-argentos-vsr-clean-v1/argentina/new_discovery/clips_with_audio/ITovsJg-q5c/clip_0052.mp4,C:\Users\bianc\NLP Natural Language Processing\labios-argentos\data_release\work\new_discovery_asr\transcripts\large\ITovsJg-q5c\clip_0052.txt,gs://labios-argentos-vsr-clean-v1/argentina/new_discovery/transcripts/large/ITovsJg-q5c/clip_0052.txt,"qué es lo que deseamos de verdad, quiénes queremos ser, cuáles son las cosas importantes para transitar ese camino.",es,6.016,completed_asr,
argentina/new_discovery,ITovsJg-q5c,new_discovery::ITovsJg-q5c::clip_0053,clip_0053,large,large-v3,cpu,int8,C:\Users\bianc\NLP Natural Language Processing\labios-argentos\data_release\work\new_discovery_ingest\ITovsJg-q5c\clips_with_audio\clip_0053.mp4,gs://labios-argentos-vsr-clean-v1/argentina/new_discovery/clips_with_audio/ITovsJg-q5c/clip_0053.mp4,C:\Users\bianc\NLP Natural Language Processing\labios-argentos\data_release\work\new_discovery_asr\transcripts\large\ITovsJg-q5c\clip_0053.txt,gs://labios-argentos-vsr-clean-v1/argentina/new_discovery/transcripts/large/ITovsJg-q5c/clip_0053.txt,"porque si no, no tiene mucho sentido esto. Yo desafié...",es,6.016,completed_asr,
argentina/new_discovery,ITovsJg-q5c,new_discovery::ITovsJg-q5c::clip_0054,clip_0054,large,large-v3,cpu,int8,C:\Users\bianc\NLP Natural Language Processing\labios-argentos\data_release\work\new_discovery_ingest\ITovsJg-q5c\clips_with_audio\clip_0054.mp4,gs://labios-argentos-vsr-clean-v1/argentina/new_discovery/clips_with_audio/ITovsJg-q5c/clip_0054.mp4,C:\Users\bianc\NLP Natural Language Processing\labios-argentos\data_release\work\new_discovery_asr\transcripts\large\ITovsJg-q5c\clip_0054.txt,gs://labios-argentos-vsr-clean-v1/argentina/new_discovery/transcripts/large/ITovsJg-q5c/clip_0054.txt,"ese mandato erróneo, digamos, de los médicos que me daban...",es,6.016,completed_asr,
argentina/new_discovery,ITovsJg-q5c,new_discovery::ITovsJg-q5c::clip_0055,clip_0055,large,large-v3,cpu,int8,C:\Users\bianc\NLP Natural Language Processing\labios-argentos\data_release\work\new_discovery_ingest\ITovsJg-q5c\clips_with_audio\clip_0055.mp4,gs://labios-argentos-vsr-clean-v1/argentina/new_discovery/clips_with_audio/ITovsJg-q5c/clip_0055.mp4,C:\Users\bianc\NLP Natural Language Processing\labios-argentos\data_release\work\new_discovery_asr\transcripts\large\ITovsJg-q5c\clip_0055.txt,gs://labios-argentos-vsr-clean-v1/argentina/new_discovery/transcripts/large/ITovsJg-q5c/clip_0055.txt,"tan poco tiempo de vida aparecieron otros después como... llegaba el día 8, 9, 10",es,6.016,completed_asr,
argentina/new_discovery,ITovsJg-q5c,new_discovery::ITovsJg-q5c::clip_0056,clip_0056,large,large-v3,cpu,int8,C:\Users\bianc\NLP Natural Language Processing\labios-argentos\data_release\work\new_discovery_ingest\ITovsJg-q5c\clips_with_audio\clip_0056.mp4,gs://labios-argentos-vsr-clean-v1/argentina/new_discovery/clips_with_audio/ITovsJg-q5c/clip_0056.mp4,C:\Users\bianc\NLP Natural Language Processing\labios-argentos\data_release\work\new_discovery_asr\transcripts\large\ITovsJg-q5c\clip_0056.txt,gs://labios-argentos-vsr-clean-v1/argentina/new_discovery/transcripts/large/ITovsJg-q5c/clip_0056.txt,"no me moría, mis viejos fueron y se ve que preguntaron, escúchame qué hacemos no se muere, ¿no?",es,6.016,completed_asr,
argentina/new_discovery,ITovsJg-q5c,new_discovery::ITovsJg-q5c::clip_0057,clip_0057,large,large-v3,cpu,int8,C:\Users\bianc\NLP Natural Language Processing\labios-argentos\data_release\work\new_discovery_ingest\ITovsJg-q5c\clips_with_audio\clip_0057.mp4,gs://labios-argentos-vsr-clean-v1/argentina/new_discovery/clips_with_audio/ITovsJg-q5c/clip_0057.mp4,C:\Users\bianc\NLP Natural Language Processing\labios-argentos\data_release\work\new_discovery_asr\transcripts\large\ITovsJg-q5c\clip_0057.txt,gs://labios-argentos-vsr-clean-v1/argentina/new_discovery/transcripts/large/ITovsJg-q5c/clip_0057.txt,y bueno y los médicos dijeron no lo que pasa es que bueno a lo mejor pero no se ilusionen,es,6.016,completed_asr,
argentina/new_discovery,ITovsJg-q5c,new_discovery::ITovsJg-q5c::clip_0058,clip_0058,large,large-v3,cpu,int8,C:\Users\bianc\NLP Natural Language Processing\labios-argentos\data_release\work\new_discovery_ingest\ITovsJg-q5c\clips_with_audio\clip_0058.mp4,gs://labios-argentos-vsr-clean-v1/argentina/new_discovery/clips_with_audio/ITovsJg-q5c/clip_0058.mp4,C:\Users\bianc\NLP Natural Language Processing\labios-argentos\data_release\work\new_discovery_asr\transcripts\large\ITovsJg-q5c\clip_0058.txt,gs://labios-argentos-vsr-clean-v1/argentina/new_discovery/transcripts/large/ITovsJg-q5c/clip_0058.txt,"no son siete días, serán siete semanas, o a lo sumo siete meses, el número siete que...",es,6.016,completed_asr,
argentina/new_discovery,ITovsJg-q5c,new_discovery::ITovsJg-q5c::clip_0059,clip_0059,large,large-v3,cpu,int8,C:\Users\bianc\NLP Natural Language Processing\labios-argentos\data_release\work\new_discovery_ingest\ITovsJg-q5c\clips_with_audio\clip_0059.mp4,gs://labios-argentos-vsr-clean-v1/argentina/new_discovery/clips_with_audio/ITovsJg-q5c/clip_0059.mp4,C:\Users\bianc\NLP Natural Language Processing\labios-argentos\data_release\work\new_discovery_asr\transcripts\large\ITovsJg-q5c\clip_0059.txt,gs://labios-argentos-vsr-clean-v1/argentina/new_discovery/transcripts/large/ITovsJg-q5c/clip_0059.txt,por si es un número bastante mítico me perseguía con este tema de la muerte no,es,6.016,completed_asr,
argentina/new_discovery,ITovsJg-q5c,new_discovery::ITovsJg-q5c::clip_0060,clip_0060,large,large-v3,cpu,int8,C:\Users\bianc\NLP Natural Language Processing\labios-argentos\data_release\work\new_discovery_ingest\ITovsJg-q5c\clips_with_audio\clip_0060.mp4,gs://labios-argentos-vsr-clean-v1/argentina/new_discovery/clips_with_audio/ITovsJg-q5c/clip_0060.mp4,C:\Users\bianc\NLP Natural Language Processing\labios-argentos\data_release\work\new_discovery_asr\transcripts\large\ITovsJg-q5c\clip_0060.txt,gs://labios-argentos-vsr-clean-v1/argentina/new_discovery/transcripts/large/ITovsJg-q5c/clip_0060.txt,apareció un médico por ahí que conocía exactamente el problema cardíaco que yo tenía,es,6.016,completed_asr,
argentina/new_discovery,ITovsJg-q5c,new_discovery::ITovsJg-q5c::clip_0061,clip_0061,large,large-v3,cpu,int8,C:\Users\bianc\NLP Natural Language Processing\labios-argentos\data_release\work\new_discovery_ingest\ITovsJg-q5c\clips_with_audio\clip_0061.mp4,gs://labios-argentos-vsr-clean-v1/argentina/new_discovery/clips_with_audio/ITovsJg-q5c/clip_0061.mp4,C:\Users\bianc\NLP Natural Language Processing\labios-argentos\data_release\work\new_discovery_asr\transcripts\large\ITovsJg-q5c\clip_0061.txt,gs://labios-argentos-vsr-clean-v1/argentina/new_discovery/transcripts/large/ITovsJg-q5c/clip_0061.txt,"Y le dijo, pero dejen tranquilo, dejen en paz a este chico que se va a morir de cualquier cosa menos de esto. No se va a morir.",es,6.016,completed_asr,
argentina/new_discovery,ITovsJg-q5c,new_discovery::ITovsJg-q5c::clip_0062,clip_0062,large,large-v3,cpu,int8,C:\Users\bianc\NLP Natural Language Processing\labios-argentos\data_release\work\new_discovery_ingest\ITovsJg-q5c\clips_with_audio\clip_0062.mp4,gs://labios-argentos-vsr-clean-v1/argentina/new_discovery/clips_with_audio/ITovsJg-q5c/clip_0062.mp4,C:\Users\bianc\NLP Natural Language Processing\labios-argentos\data_release\work\new_discovery_asr\transcripts\large\ITovsJg-q5c\clip_0062.txt,gs://labios-argentos-vsr-clean-v1/argentina/new_discovery/transcripts/large/ITovsJg-q5c/clip_0062.txt,"de esto. Pero el tema ya estaba instalado, ¿sabes? Estaba instalado en el temor de mis",es,6.016,completed_asr,
argentina/new_discovery,ITovsJg-q5c,new_discovery::ITovsJg-q5c::clip_0063,clip_0063,large,large-v3,cpu,int8,C:\Users\bianc\NLP Natural Language Processing\labios-argentos\data_release\work\new_discovery_ingest\ITovsJg-q5c\clips_with_audio\clip_0063.mp4,gs://labios-argentos-vsr-clean-v1/argentina/new_discovery/clips_with_audio/ITovsJg-q5c/clip_0063.mp4,C:\Users\bianc\NLP Natural Language Processing\labios-argentos\data_release\work\new_discovery_asr\transcripts\large\ITovsJg-q5c\clip_0063.txt,gs://labios-argentos-vsr-clean-v1/argentina/new_discovery/transcripts/large/ITovsJg-q5c/clip_0063.txt,"padres que todas las noches yo los recuerdo siendo un chico de 6, 7 años.",es,6.016,completed_asr,
argentina/new_discovery,ITovsJg-q5c,new_discovery::ITovsJg-q5c::clip_0064,clip_0064,large,large-v3,cpu,int8,C:\Users\bianc\NLP Natural Language Processing\labios-argentos\data_release\work\new_discovery_ingest\ITovsJg-q5c\clips_with_audio\clip_0064.mp4,gs://labios-argentos-vsr-clean-v1/argentina/new_discovery/clips_with_audio/ITovsJg-q5c/clip_0064.mp4,C:\Users\bianc\NLP Natural Language Processing\labios-argentos\data_release\work\new_discovery_asr\transcripts\large\ITovsJg-q5c\clip_0064.txt,gs://labios-argentos-vsr-clean-v1/argentina/new_discovery/transcripts/large/ITovsJg-q5c/clip_0064.txt,"ocho años, siempre alguno de los dos venía a apoyar su oído en mi espalda o en mi",es,6.016,completed_asr,
argentina/new_discovery,ITovsJg-q5c,new_discovery::ITovsJg-q5c::clip_0065,clip_0065,large,large-v3,cpu,int8,C:\Users\bianc\NLP Natural Language Processing\labios-argentos\data_release\work\new_discovery_ingest\ITovsJg-q5c\clips_with_audio\clip_0065.mp4,gs://labios-argentos-vsr-clean-v1/argentina/new_discovery/clips_with_audio/ITovsJg-q5c/clip_0065.mp4,C:\Users\bianc\NLP Natural Language Processing\labios-argentos\data_release\work\new_discovery_asr\transcripts\large\ITovsJg-q5c\clip_0065.txt,gs://labios-argentos-vsr-clean-v1/argentina/new_discovery/transcripts/large/ITovsJg-q5c/clip_0065.txt,"pecho pensando que yo dormía a ver cómo estaba mi corazón. Y ya se había instalado en mí, se había instalado",es,6.016,completed_asr,
argentina/new_discovery,ITovsJg-q5c,new_discovery::ITovsJg-q5c::clip_0066,clip_0066,large,large-v3,cpu,int8,C:\Users\bianc\NLP Natural Language Processing\labios-argentos\data_release\work\new_discovery_ingest\ITovsJg-q5c\clips_with_audio\clip_0066.mp4,gs://labios-argentos-vsr-clean-v1/argentina/new_discovery/clips_with_audio/ITovsJg-q5c/clip_0066.mp4,C:\Users\bianc\NLP Natural Language Processing\labios-argentos\data_release\work\new_discovery_asr\transcripts\large\ITovsJg-q5c\clip_0066.txt,gs://labios-argentos-vsr-clean-v1/argentina/new_discovery/transcripts/large/ITovsJg-q5c/clip_0066.txt,"en mí esto de mira vos, así que la idea de que solo se muere",es,6.016,completed_asr,
argentina/new_discovery,ITovsJg-q5c,new_discovery::ITovsJg-q5c::clip_0067,clip_0067,large,large-v3,cpu,int8,C:\Users\bianc\NLP Natural Language Processing\labios-argentos\data_release\work\new_discovery_ingest\ITovsJg-q5c\clips_with_audio\clip_0067.mp4,gs://labios-argentos-vsr-clean-v1/argentina/new_discovery/clips_with_audio/ITovsJg-q5c/clip_0067.mp4,C:\Users\bianc\NLP Natural Language Processing\labios-argentos\data_release\work\new_discovery_asr\transcripts\large\ITovsJg-q5c\clip_0067.txt,gs://labios-argentos-vsr-clean-v1/argentina/new_discovery/transcripts/large/ITovsJg-q5c/clip_0067.txt,"los viejos, la idea de que los chicos no les puede pasar estas cosas es mentira, o sea a mi ya me",es,6.016,completed_asr,
argentina/new_discovery,ITovsJg-q5c,new_discovery::ITovsJg-q5c::clip_0068,clip_0068,large,large-v3,cpu,int8,C:\Users\bianc\NLP Natural Language Processing\labios-argentos\data_release\work\new_discovery_ingest\ITovsJg-q5c\clips_with_audio\clip_0068.mp4,gs://labios-argentos-vsr-clean-v1/argentina/new_discovery/clips_with_audio/ITovsJg-q5c/clip_0068.mp4,C:\Users\bianc\NLP Natural Language Processing\labios-argentos\data_release\work\new_discovery_asr\transcripts\large\ITovsJg-q5c\clip_0068.txt,gs://labios-argentos-vsr-clean-v1/argentina/new_discovery/transcripts/large/ITovsJg-q5c/clip_0068.txt,"ya entendí cómo era esto, ¿no? Y creo que a partir de ahí tomé como un compromiso muy...",es,6.016,completed_asr,
argentina/new_discovery,ITovsJg-q5c,new_discovery::ITovsJg-q5c::clip_0069,clip_0069,large,large-v3,cpu,int8,C:\Users\bianc\NLP Natural Language Processing\labios-argentos\data_release\work\new_discovery_ingest\ITovsJg-q5c\clips_with_audio\clip_0069.mp4,gs://labios-argentos-vsr-clean-v1/argentina/new_discovery/clips_with_audio/ITovsJg-q5c/clip_0069.mp4,C:\Users\bianc\NLP Natural Language Processing\labios-argentos\data_release\work\new_discovery_asr\transcripts\large\ITovsJg-q5c\clip_0069.txt,gs://labios-argentos-vsr-clean-v1/argentina/new_discovery/transcripts/large/ITovsJg-q5c/clip_0069.txt,potente de... Esto se puede terminar en cualquier segundo. Entonces...,es,6.016,completed_asr,
argentina/new_discovery,ITovsJg-q5c,new_discovery::ITovsJg-q5c::clip_0070,clip_0070,large,large-v3,cpu,int8,C:\Users\bianc\NLP Natural Language Processing\labios-argentos\data_release\work\new_discovery_ingest\ITovsJg-q5c\clips_with_audio\clip_0070.mp4,gs://labios-argentos-vsr-clean-v1/argentina/new_discovery/clips_with_audio/ITovsJg-q5c/clip_0070.mp4,C:\Users\bianc\NLP Natural Language Processing\labios-argentos\data_release\work\new_discovery_asr\transcripts\large\ITovsJg-q5c\clip_0070.txt,gs://labios-argentos-vsr-clean-v1/argentina/new_discovery/transcripts/large/ITovsJg-q5c/clip_0070.txt,cómo quiero transitar el tiempo que tengo y el día que se termine cómo quiero que me encuentre,es,6.016,completed_asr,
argentina/new_discovery,ITovsJg-q5c,new_discovery::ITovsJg-q5c::clip_0071,clip_0071,large,large-v3,cpu,int8,C:\Users\bianc\NLP Natural Language Processing\labios-argentos\data_release\work\new_discovery_ingest\ITovsJg-q5c\clips_with_audio\clip_0071.mp4,gs://labios-argentos-vsr-clean-v1/argentina/new_discovery/clips_with_audio/ITovsJg-q5c/clip_0071.mp4,C:\Users\bianc\NLP Natural Language Processing\labios-argentos\data_release\work\new_discovery_asr\transcripts\large\ITovsJg-q5c\clip_0071.txt,gs://labios-argentos-vsr-clean-v1/argentina/new_discovery/transcripts/large/ITovsJg-q5c/clip_0071.txt,"Qué importante es lo que has dicho sobre el sentido de la vida. Porque la vida, si son novenas,",es,6.016,completed_asr,
argentina/new_discovery,ITovsJg-q5c,new_discovery::ITovsJg-q5c::clip_0072,clip_0072,large,large-v3,cpu,int8,C:\Users\bianc\NLP Natural Language Processing\labios-argentos\data_release\work\new_discovery_ingest\ITovsJg-q5c\clips_with_audio\clip_0072.mp4,gs://labios-argentos-vsr-clean-v1/argentina/new_discovery/clips_with_audio/ITovsJg-q5c/clip_0072.mp4,C:\Users\bianc\NLP Natural Language Processing\labios-argentos\data_release\work\new_discovery_asr\transcripts\large\ITovsJg-q5c\clip_0072.txt,gs://labios-argentos-vsr-clean-v1/argentina/new_discovery/transcripts/large/ITovsJg-q5c/clip_0072.txt,años para alguien se lo puede hacer muy largos y para otros muy cortos y yo creo que lo determina el sentido que tú le das a esa vida,es,6.016,completed_asr,
argentina/new_discovery,ITovsJg-q5c,new_discovery::ITovsJg-q5c::clip_0073,clip_0073,large,large-v3,cpu,int8,C:\Users\bianc\NLP Natural Language Processing\labios-argentos\data_release\work\new_discovery_ingest\ITovsJg-q5c\clips_with_audio\clip_0073.mp4,gs://labios-argentos-vsr-clean-v1/argentina/new_discovery/clips_with_audio/ITovsJg-q5c/clip_0073.mp4,C:\Users\bianc\NLP Natural Language Processing\labios-argentos\data_release\work\new_discovery_asr\transcripts\large\ITovsJg-q5c\clip_0073.txt,gs://labios-argentos-vsr-clean-v1/argentina/new_discovery/transcripts/large/ITovsJg-q5c/clip_0073.txt,"trabajando, siendo, lo que sea. Pero la mayoría de gente que nos escucha o la mayoría de gente que",es,6.016,completed_asr,
argentina/new_discovery,ITovsJg-q5c,new_discovery::ITovsJg-q5c::clip_0074,clip_0074,large,large-v3,cpu,int8,C:\Users\bianc\NLP Natural Language Processing\labios-argentos\data_release\work\new_discovery_ingest\ITovsJg-q5c\clips_with_audio\clip_0074.mp4,gs://labios-argentos-vsr-clean-v1/argentina/new_discovery/clips_with_audio/ITovsJg-q5c/clip_0074.mp4,C:\Users\bianc\NLP Natural Language Processing\labios-argentos\data_release\work\new_discovery_asr\transcripts\large\ITovsJg-q5c\clip_0074.txt,gs://labios-argentos-vsr-clean-v1/argentina/new_discovery/transcripts/large/ITovsJg-q5c/clip_0074.txt,"veo que vive ahora en el mundo no tiene un sentido de vida le falta un para qué, un para qué despertarse, ¿cómo le ayudarías a esa persona?",es,6.016,completed_asr,
argentina/new_discovery,ITovsJg-q5c,new_discovery::ITovsJg-q5c::clip_0075,clip_0075,large,large-v3,cpu,int8,C:\Users\bianc\NLP Natural Language Processing\labios-argentos\data_release\work\new_discovery_ingest\ITovsJg-q5c\clips_with_audio\clip_0075.mp4,gs://labios-argentos-vsr-clean-v1/argentina/new_discovery/clips_with_audio/ITovsJg-q5c/clip_0075.mp4,C:\Users\bianc\NLP Natural Language Processing\labios-argentos\data_release\work\new_discovery_asr\transcripts\large\ITovsJg-q5c\clip_0075.txt,gs://labios-argentos-vsr-clean-v1/argentina/new_discovery/transcripts/large/ITovsJg-q5c/clip_0075.txt,"o no mirá, invirtiendo un poco la pregunta",es,6.016,completed_asr,
argentina/new_discovery,ITovsJg-q5c,new_discovery::ITovsJg-q5c::clip_0076,clip_0076,large,large-v3,cpu,int8,C:\Users\bianc\NLP Natural Language Processing\labios-argentos\data_release\work\new_discovery_ingest\ITovsJg-q5c\clips_with_audio\clip_0076.mp4,gs://labios-argentos-vsr-clean-v1/argentina/new_discovery/clips_with_audio/ITovsJg-q5c/clip_0076.mp4,C:\Users\bianc\NLP Natural Language Processing\labios-argentos\data_release\work\new_discovery_asr\transcripts\large\ITovsJg-q5c\clip_0076.txt,gs://labios-argentos-vsr-clean-v1/argentina/new_discovery/transcripts/large/ITovsJg-q5c/clip_0076.txt,porque yo creo que la gente se pregunta ¿para qué? ¿no? y fíjate que es una pregunta,es,6.016,completed_asr,
argentina/new_discovery,ITovsJg-q5c,new_discovery::ITovsJg-q5c::clip_0077,clip_0077,large,large-v3,cpu,int8,C:\Users\bianc\NLP Natural Language Processing\labios-argentos\data_release\work\new_discovery_ingest\ITovsJg-q5c\clips_with_audio\clip_0077.mp4,gs://labios-argentos-vsr-clean-v1/argentina/new_discovery/clips_with_audio/ITovsJg-q5c/clip_0077.mp4,C:\Users\bianc\NLP Natural Language Processing\labios-argentos\data_release\work\new_discovery_asr\transcripts\large\ITovsJg-q5c\clip_0077.txt,gs://labios-argentos-vsr-clean-v1/argentina/new_discovery/transcripts/large/ITovsJg-q5c/clip_0077.txt,"utilitarista? Es una pregunta muy de nuestra época, de la época que vivimos donde todo tiene que tener un sentido.",es,6.016,completed_asr,
argentina/new_discovery,ITovsJg-q5c,new_discovery::ITovsJg-q5c::clip_0078,clip_0078,large,large-v3,cpu,int8,C:\Users\bianc\NLP Natural Language Processing\labios-argentos\data_release\work\new_discovery_ingest\ITovsJg-q5c\clips_with_audio\clip_0078.mp4,gs://labios-argentos-vsr-clean-v1/argentina/new_discovery/clips_with_audio/ITovsJg-q5c/clip_0078.mp4,C:\Users\bianc\NLP Natural Language Processing\labios-argentos\data_release\work\new_discovery_asr\transcripts\large\ITovsJg-q5c\clip_0078.txt,gs://labios-argentos-vsr-clean-v1/argentina/new_discovery/transcripts/large/ITovsJg-q5c/clip_0078.txt,"sentido utilitario. Bueno, ¿para qué vas a hacer eso? ¿Para qué vas a estudiar aquello? ¿Para qué te vas a casar si así estás bien?",es,6.016,completed_asr,
argentina/new_discovery,ITovsJg-q5c,new_discovery::ITovsJg-q5c::clip_0079,clip_0079,large,large-v3,cpu,int8,C:\Users\bianc\NLP Natural Language Processing\labios-argentos\data_release\work\new_discovery_ingest\ITovsJg-q5c\clips_with_audio\clip_0079.mp4,gs://labios-argentos-vsr-clean-v1/argentina/new_discovery/clips_with_audio/ITovsJg-q5c/clip_0079.mp4,C:\Users\bianc\NLP Natural Language Processing\labios-argentos\data_release\work\new_discovery_asr\transcripts\large\ITovsJg-q5c\clip_0079.txt,gs://labios-argentos-vsr-clean-v1/argentina/new_discovery/transcripts/large/ITovsJg-q5c/clip_0079.txt,"¿para qué? Y yo creo que la pregunta hay que invertirla, hay que cambiarla, hay que cambiar el para qué",es,6.016,completed_asr,
argentina/new_discovery,ITovsJg-q5c,new_discovery::ITovsJg-q5c::clip_0080,clip_0080,large,large-v3,cpu,int8,C:\Users\bianc\NLP Natural Language Processing\labios-argentos\data_release\work\new_discovery_ingest\ITovsJg-q5c\clips_with_audio\clip_0080.mp4,gs://labios-argentos-vsr-clean-v1/argentina/new_discovery/clips_with_audio/ITovsJg-q5c/clip_0080.mp4,C:\Users\bianc\NLP Natural Language Processing\labios-argentos\data_release\work\new_discovery_asr\transcripts\large\ITovsJg-q5c\clip_0080.txt,gs://labios-argentos-vsr-clean-v1/argentina/new_discovery/transcripts/large/ITovsJg-q5c/clip_0080.txt,"por el por qué. ¿Por qué estás vivo? Digo, ¿por qué? Contame.",es,6.016,completed_asr,
argentina/new_discovery,ITovsJg-q5c,new_discovery::ITovsJg-q5c::clip_0081,clip_0081,large,large-v3,cpu,int8,C:\Users\bianc\NLP Natural Language Processing\labios-argentos\data_release\work\new_discovery_ingest\ITovsJg-q5c\clips_with_audio\clip_0081.mp4,gs://labios-argentos-vsr-clean-v1/argentina/new_discovery/clips_with_audio/ITovsJg-q5c/clip_0081.mp4,C:\Users\bianc\NLP Natural Language Processing\labios-argentos\data_release\work\new_discovery_asr\transcripts\large\ITovsJg-q5c\clip_0081.txt,gs://labios-argentos-vsr-clean-v1/argentina/new_discovery/transcripts/large/ITovsJg-q5c/clip_0081.txt,¿Por qué querés seguir estando vivo? ¿Por qué te importa la vida? A mí me parece que...,es,6.016,completed_asr,
argentina/new_discovery,ITovsJg-q5c,new_discovery::ITovsJg-q5c::clip_0082,clip_0082,large,large-v3,cpu,int8,C:\Users\bianc\NLP Natural Language Processing\labios-argentos\data_release\work\new_discovery_ingest\ITovsJg-q5c\clips_with_audio\clip_0082.mp4,gs://labios-argentos-vsr-clean-v1/argentina/new_discovery/clips_with_audio/ITovsJg-q5c/clip_0082.mp4,C:\Users\bianc\NLP Natural Language Processing\labios-argentos\data_release\work\new_discovery_asr\transcripts\large\ITovsJg-q5c\clip_0082.txt,gs://labios-argentos-vsr-clean-v1/argentina/new_discovery/transcripts/large/ITovsJg-q5c/clip_0082.txt,"A veces lo que nos falta es eso, es un porqué, es un motivo.",es,6.016,completed_asr,
argentina/new_discovery,ITovsJg-q5c,new_discovery::ITovsJg-q5c::clip_0083,clip_0083,large,large-v3,cpu,int8,C:\Users\bianc\NLP Natural Language Processing\labios-argentos\data_release\work\new_discovery_ingest\ITovsJg-q5c\clips_with_audio\clip_0083.mp4,gs://labios-argentos-vsr-clean-v1/argentina/new_discovery/clips_with_audio/ITovsJg-q5c/clip_0083.mp4,C:\Users\bianc\NLP Natural Language Processing\labios-argentos\data_release\work\new_discovery_asr\transcripts\large\ITovsJg-q5c\clip_0083.txt,gs://labios-argentos-vsr-clean-v1/argentina/new_discovery/transcripts/large/ITovsJg-q5c/clip_0083.txt,un deseo que le dé a nuestra existencia un sentido.,es,6.016,completed_asr,
argentina/new_discovery,ITovsJg-q5c,new_discovery::ITovsJg-q5c::clip_0084,clip_0084,large,large-v3,cpu,int8,C:\Users\bianc\NLP Natural Language Processing\labios-argentos\data_release\work\new_discovery_ingest\ITovsJg-q5c\clips_with_audio\clip_0084.mp4,gs://labios-argentos-vsr-clean-v1/argentina/new_discovery/clips_with_audio/ITovsJg-q5c/clip_0084.mp4,C:\Users\bianc\NLP Natural Language Processing\labios-argentos\data_release\work\new_discovery_asr\transcripts\large\ITovsJg-q5c\clip_0084.txt,gs://labios-argentos-vsr-clean-v1/argentina/new_discovery/transcripts/large/ITovsJg-q5c/clip_0084.txt,la vida de por si no tiene ningún sentido digo vivimos,es,6.016,completed_asr,
argentina/new_discovery,ITovsJg-q5c,new_discovery::ITovsJg-q5c::clip_0085,clip_0085,large,large-v3,cpu,int8,C:\Users\bianc\NLP Natural Language Processing\labios-argentos\data_release\work\new_discovery_ingest\ITovsJg-q5c\clips_with_audio\clip_0085.mp4,gs://labios-argentos-vsr-clean-v1/argentina/new_discovery/clips_with_audio/ITovsJg-q5c/clip_0085.mp4,C:\Users\bianc\NLP Natural Language Processing\labios-argentos\data_release\work\new_discovery_asr\transcripts\large\ITovsJg-q5c\clip_0085.txt,gs://labios-argentos-vsr-clean-v1/argentina/new_discovery/transcripts/large/ITovsJg-q5c/clip_0085.txt,permitime jugar un poco con una idea nichiana vivimos en un oscuro,es,6.016,completed_asr,
argentina/new_discovery,ITovsJg-q5c,new_discovery::ITovsJg-q5c::clip_0086,clip_0086,large,large-v3,cpu,int8,C:\Users\bianc\NLP Natural Language Processing\labios-argentos\data_release\work\new_discovery_ingest\ITovsJg-q5c\clips_with_audio\clip_0086.mp4,gs://labios-argentos-vsr-clean-v1/argentina/new_discovery/clips_with_audio/ITovsJg-q5c/clip_0086.mp4,C:\Users\bianc\NLP Natural Language Processing\labios-argentos\data_release\work\new_discovery_asr\transcripts\large\ITovsJg-q5c\clip_0086.txt,gs://labios-argentos-vsr-clean-v1/argentina/new_discovery/transcripts/large/ITovsJg-q5c/clip_0086.txt,"cascote que gira alrededor del sol de un mozo onso decía él, ¿no?",es,6.016,completed_asr,
argentina/new_discovery,ITovsJg-q5c,new_discovery::ITovsJg-q5c::clip_0087,clip_0087,large,large-v3,cpu,int8,C:\Users\bianc\NLP Natural Language Processing\labios-argentos\data_release\work\new_discovery_ingest\ITovsJg-q5c\clips_with_audio\clip_0087.mp4,gs://labios-argentos-vsr-clean-v1/argentina/new_discovery/clips_with_audio/ITovsJg-q5c/clip_0087.mp4,C:\Users\bianc\NLP Natural Language Processing\labios-argentos\data_release\work\new_discovery_asr\transcripts\large\ITovsJg-q5c\clip_0087.txt,gs://labios-argentos-vsr-clean-v1/argentina/new_discovery/transcripts/large/ITovsJg-q5c/clip_0087.txt,"Pero claro, lo que pasa es que en este cascote apareció un ser que se preguntó por el sentido de la vida.",es,6.016,completed_asr,
argentina/new_discovery,ITovsJg-q5c,new_discovery::ITovsJg-q5c::clip_0088,clip_0088,large,large-v3,cpu,int8,C:\Users\bianc\NLP Natural Language Processing\labios-argentos\data_release\work\new_discovery_ingest\ITovsJg-q5c\clips_with_audio\clip_0088.mp4,gs://labios-argentos-vsr-clean-v1/argentina/new_discovery/clips_with_audio/ITovsJg-q5c/clip_0088.mp4,C:\Users\bianc\NLP Natural Language Processing\labios-argentos\data_release\work\new_discovery_asr\transcripts\large\ITovsJg-q5c\clip_0088.txt,gs://labios-argentos-vsr-clean-v1/argentina/new_discovery/transcripts/large/ITovsJg-q5c/clip_0088.txt,un ser que inventó la guitarra con la que tocaba Paco de Lucía,es,6.016,completed_asr,
argentina/new_discovery,ITovsJg-q5c,new_discovery::ITovsJg-q5c::clip_0089,clip_0089,large,large-v3,cpu,int8,C:\Users\bianc\NLP Natural Language Processing\labios-argentos\data_release\work\new_discovery_ingest\ITovsJg-q5c\clips_with_audio\clip_0089.mp4,gs://labios-argentos-vsr-clean-v1/argentina/new_discovery/clips_with_audio/ITovsJg-q5c/clip_0089.mp4,C:\Users\bianc\NLP Natural Language Processing\labios-argentos\data_release\work\new_discovery_asr\transcripts\large\ITovsJg-q5c\clip_0089.txt,gs://labios-argentos-vsr-clean-v1/argentina/new_discovery/transcripts/large/ITovsJg-q5c/clip_0089.txt,"que inventó los libros que escribieron Shakespeare y Cervantes,",es,6.016,completed_asr,
argentina/new_discovery,ITovsJg-q5c,new_discovery::ITovsJg-q5c::clip_0090,clip_0090,large,large-v3,cpu,int8,C:\Users\bianc\NLP Natural Language Processing\labios-argentos\data_release\work\new_discovery_ingest\ITovsJg-q5c\clips_with_audio\clip_0090.mp4,gs://labios-argentos-vsr-clean-v1/argentina/new_discovery/clips_with_audio/ITovsJg-q5c/clip_0090.mp4,C:\Users\bianc\NLP Natural Language Processing\labios-argentos\data_release\work\new_discovery_asr\transcripts\large\ITovsJg-q5c\clip_0090.txt,gs://labios-argentos-vsr-clean-v1/argentina/new_discovery/transcripts/large/ITovsJg-q5c/clip_0090.txt,"la ciencia de Einstein. Es decir, existió alguien, apareció alguien que se preguntó...",es,6.016,completed_asr,
argentina/new_discovery,ITovsJg-q5c,new_discovery::ITovsJg-q5c::clip_0091,clip_0091,large,large-v3,cpu,int8,C:\Users\bianc\NLP Natural Language Processing\labios-argentos\data_release\work\new_discovery_ingest\ITovsJg-q5c\clips_with_audio\clip_0091.mp4,gs://labios-argentos-vsr-clean-v1/argentina/new_discovery/clips_with_audio/ITovsJg-q5c/clip_0091.mp4,C:\Users\bianc\NLP Natural Language Processing\labios-argentos\data_release\work\new_discovery_asr\transcripts\large\ITovsJg-q5c\clip_0091.txt,gs://labios-argentos-vsr-clean-v1/argentina/new_discovery/transcripts/large/ITovsJg-q5c/clip_0091.txt,"está bien, en un universo sin mucho sentido ¿por qué nos",es,6.016,completed_asr,
argentina/new_discovery,ITovsJg-q5c,new_discovery::ITovsJg-q5c::clip_0092,clip_0092,large,large-v3,cpu,int8,C:\Users\bianc\NLP Natural Language Processing\labios-argentos\data_release\work\new_discovery_ingest\ITovsJg-q5c\clips_with_audio\clip_0092.mp4,gs://labios-argentos-vsr-clean-v1/argentina/new_discovery/clips_with_audio/ITovsJg-q5c/clip_0092.mp4,C:\Users\bianc\NLP Natural Language Processing\labios-argentos\data_release\work\new_discovery_asr\transcripts\large\ITovsJg-q5c\clip_0092.txt,gs://labios-argentos-vsr-clean-v1/argentina/new_discovery/transcripts/large/ITovsJg-q5c/clip_0092.txt,"nosotros tampoco tenemos que tener uno. Y ahí aparece, me parece, el verdadero desafío del ser humano",es,6.016,completed_asr,
argentina/new_discovery,ITovsJg-q5c,new_discovery::ITovsJg-q5c::clip_0093,clip_0093,large,large-v3,cpu,int8,C:\Users\bianc\NLP Natural Language Processing\labios-argentos\data_release\work\new_discovery_ingest\ITovsJg-q5c\clips_with_audio\clip_0093.mp4,gs://labios-argentos-vsr-clean-v1/argentina/new_discovery/clips_with_audio/ITovsJg-q5c/clip_0093.mp4,C:\Users\bianc\NLP Natural Language Processing\labios-argentos\data_release\work\new_discovery_asr\transcripts\large\ITovsJg-q5c\clip_0093.txt,gs://labios-argentos-vsr-clean-v1/argentina/new_discovery/transcripts/large/ITovsJg-q5c/clip_0093.txt,en encontrarle un porqué a su existencia yo a esa persona que el tiempo se,es,6.016,completed_asr,
argentina/new_discovery,ITovsJg-q5c,new_discovery::ITovsJg-q5c::clip_0094,clip_0094,large,large-v3,cpu,int8,C:\Users\bianc\NLP Natural Language Processing\labios-argentos\data_release\work\new_discovery_ingest\ITovsJg-q5c\clips_with_audio\clip_0094.mp4,gs://labios-argentos-vsr-clean-v1/argentina/new_discovery/clips_with_audio/ITovsJg-q5c/clip_0094.mp4,C:\Users\bianc\NLP Natural Language Processing\labios-argentos\data_release\work\new_discovery_asr\transcripts\large\ITovsJg-q5c\clip_0094.txt,gs://labios-argentos-vsr-clean-v1/argentina/new_discovery/transcripts/large/ITovsJg-q5c/clip_0094.txt,"se le hace largo, me la imagino desconectada de sus propios deseos.",es,6.016,completed_asr,
argentina/new_discovery,ITovsJg-q5c,new_discovery::ITovsJg-q5c::clip_0095,clip_0095,large,large-v3,cpu,int8,C:\Users\bianc\NLP Natural Language Processing\labios-argentos\data_release\work\new_discovery_ingest\ITovsJg-q5c\clips_with_audio\clip_0095.mp4,gs://labios-argentos-vsr-clean-v1/argentina/new_discovery/clips_with_audio/ITovsJg-q5c/clip_0095.mp4,C:\Users\bianc\NLP Natural Language Processing\labios-argentos\data_release\work\new_discovery_asr\transcripts\large\ITovsJg-q5c\clip_0095.txt,gs://labios-argentos-vsr-clean-v1/argentina/new_discovery/transcripts/large/ITovsJg-q5c/clip_0095.txt,Me lo imagino sin proyectos. ¿Por qué?,es,6.016,completed_asr,
argentina/new_discovery,ITovsJg-q5c,new_discovery::ITovsJg-q5c::clip_0096,clip_0096,large,large-v3,cpu,int8,C:\Users\bianc\NLP Natural Language Processing\labios-argentos\data_release\work\new_discovery_ingest\ITovsJg-q5c\clips_with_audio\clip_0096.mp4,gs://labios-argentos-vsr-clean-v1/argentina/new_discovery/clips_with_audio/ITovsJg-q5c/clip_0096.mp4,C:\Users\bianc\NLP Natural Language Processing\labios-argentos\data_release\work\new_discovery_asr\transcripts\large\ITovsJg-q5c\clip_0096.txt,gs://labios-argentos-vsr-clean-v1/argentina/new_discovery/transcripts/large/ITovsJg-q5c/clip_0096.txt,"Porque, digo, yo soy mayor que ustedes, pero...",es,6.016,completed_asr,
argentina/new_discovery,ITovsJg-q5c,new_discovery::ITovsJg-q5c::clip_0097,clip_0097,large,large-v3,cpu,int8,C:\Users\bianc\NLP Natural Language Processing\labios-argentos\data_release\work\new_discovery_ingest\ITovsJg-q5c\clips_with_audio\clip_0097.mp4,gs://labios-argentos-vsr-clean-v1/argentina/new_discovery/clips_with_audio/ITovsJg-q5c/clip_0097.mp4,C:\Users\bianc\NLP Natural Language Processing\labios-argentos\data_release\work\new_discovery_asr\transcripts\large\ITovsJg-q5c\clip_0097.txt,gs://labios-argentos-vsr-clean-v1/argentina/new_discovery/transcripts/large/ITovsJg-q5c/clip_0097.txt,"más tarde o más temprano también se van a morir, ¿no? Y lo saben, porque son...",es,6.016,completed_asr,
argentina/new_discovery,ITovsJg-q5c,new_discovery::ITovsJg-q5c::clip_0098,clip_0098,large,large-v3,cpu,int8,C:\Users\bianc\NLP Natural Language Processing\labios-argentos\data_release\work\new_discovery_ingest\ITovsJg-q5c\clips_with_audio\clip_0098.mp4,gs://labios-argentos-vsr-clean-v1/argentina/new_discovery/clips_with_audio/ITovsJg-q5c/clip_0098.mp4,C:\Users\bianc\NLP Natural Language Processing\labios-argentos\data_release\work\new_discovery_asr\transcripts\large\ITovsJg-q5c\clip_0098.txt,gs://labios-argentos-vsr-clean-v1/argentina/new_discovery/transcripts/large/ITovsJg-q5c/clip_0098.txt,"personas inteligentes, lo saben y no lo niegan todo el tiempo. ¿Y cómo hacemos entonces?",es,6.016,completed_asr,
argentina/new_discovery,ITovsJg-q5c,new_discovery::ITovsJg-q5c::clip_0099,clip_0099,large,large-v3,cpu,int8,C:\Users\bianc\NLP Natural Language Processing\labios-argentos\data_release\work\new_discovery_ingest\ITovsJg-q5c\clips_with_audio\clip_0099.mp4,gs://labios-argentos-vsr-clean-v1/argentina/new_discovery/clips_with_audio/ITovsJg-q5c/clip_0099.mp4,C:\Users\bianc\NLP Natural Language Processing\labios-argentos\data_release\work\new_discovery_asr\transcripts\large\ITovsJg-q5c\clip_0099.txt,gs://labios-argentos-vsr-clean-v1/argentina/new_discovery/transcripts/large/ITovsJg-q5c/clip_0099.txt,"Para transitar todos nuestros días sin vivir angustiados, sabiendo que no podemos vivir sin Dios.",es,6.016,completed_asr,
argentina/new_discovery,ITovsJg-q5c,new_discovery::ITovsJg-q5c::clip_0010,clip_0010,turbo,turbo,cpu,int8,C:\Users\bianc\NLP Natural Language Processing\labios-argentos\data_release\work\new_discovery_ingest\ITovsJg-q5c\clips_with_audio\clip_0010.mp4,gs://labios-argentos-vsr-clean-v1/argentina/new_discovery/clips_with_audio/ITovsJg-q5c/clip_0010.mp4,C:\Users\bianc\NLP Natural Language Processing\labios-argentos\data_release\work\new_discovery_asr\transcripts\turbo\ITovsJg-q5c\clip_0010.txt,gs://labios-argentos-vsr-clean-v1/argentina/new_discovery/transcripts/turbo/ITovsJg-q5c/clip_0010.txt,"certidumbre va a saludar la vida. ¿Qué gracia tiene, digamos, que juguemos un",es,6.016,completed_asr,
argentina/new_discovery,ITovsJg-q5c,new_discovery::ITovsJg-q5c::clip_0011,clip_0011,turbo,turbo,cpu,int8,C:\Users\bianc\NLP Natural Language Processing\labios-argentos\data_release\work\new_discovery_ingest\ITovsJg-q5c\clips_with_audio\clip_0011.mp4,gs://labios-argentos-vsr-clean-v1/argentina/new_discovery/clips_with_audio/ITovsJg-q5c/clip_0011.mp4,C:\Users\bianc\NLP Natural Language Processing\labios-argentos\data_release\work\new_discovery_asr\transcripts\turbo\ITovsJg-q5c\clip_0011.txt,gs://labios-argentos-vsr-clean-v1/argentina/new_discovery/transcripts/turbo/ITovsJg-q5c/clip_0011.txt,una partida de cartas si yo ya conozco las tuyas ¿Cuánto pensamiento,es,6.016,completed_asr,
argentina/new_discovery,ITovsJg-q5c,new_discovery::ITovsJg-q5c::clip_0012,clip_0012,turbo,turbo,cpu,int8,C:\Users\bianc\NLP Natural Language Processing\labios-argentos\data_release\work\new_discovery_ingest\ITovsJg-q5c\clips_with_audio\clip_0012.mp4,gs://labios-argentos-vsr-clean-v1/argentina/new_discovery/clips_with_audio/ITovsJg-q5c/clip_0012.mp4,C:\Users\bianc\NLP Natural Language Processing\labios-argentos\data_release\work\new_discovery_asr\transcripts\turbo\ITovsJg-q5c\clip_0012.txt,gs://labios-argentos-vsr-clean-v1/argentina/new_discovery/transcripts/turbo/ITovsJg-q5c/clip_0012.txt,caben 140 caracteres. Insultar te sobran los caracteres para insultar a,es,6.016,completed_asr,
argentina/new_discovery,ITovsJg-q5c,new_discovery::ITovsJg-q5c::clip_0013,clip_0013,turbo,turbo,cpu,int8,C:\Users\bianc\NLP Natural Language Processing\labios-argentos\data_release\work\new_discovery_ingest\ITovsJg-q5c\clips_with_audio\clip_0013.mp4,gs://labios-argentos-vsr-clean-v1/argentina/new_discovery/clips_with_audio/ITovsJg-q5c/clip_0013.mp4,C:\Users\bianc\NLP Natural Language Processing\labios-argentos\data_release\work\new_discovery_asr\transcripts\turbo\ITovsJg-q5c\clip_0013.txt,gs://labios-argentos-vsr-clean-v1/argentina/new_discovery/transcripts/turbo/ITovsJg-q5c/clip_0013.txt,alguien. Para redondear una idea interesante no te alcanzan. La opinión se ha llevado por delante al pensar,es,6.016,completed_asr,
argentina/new_discovery,ITovsJg-q5c,new_discovery::ITovsJg-q5c::clip_0014,clip_0014,turbo,turbo,cpu,int8,C:\Users\bianc\NLP Natural Language Processing\labios-argentos\data_release\work\new_discovery_ingest\ITovsJg-q5c\clips_with_audio\clip_0014.mp4,gs://labios-argentos-vsr-clean-v1/argentina/new_discovery/clips_with_audio/ITovsJg-q5c/clip_0014.mp4,C:\Users\bianc\NLP Natural Language Processing\labios-argentos\data_release\work\new_discovery_asr\transcripts\turbo\ITovsJg-q5c\clip_0014.txt,gs://labios-argentos-vsr-clean-v1/argentina/new_discovery/transcripts/turbo/ITovsJg-q5c/clip_0014.txt,"pensamiento. La gente ya no piensa, opina, y cree que cualquier opinión es válida.",es,6.016,completed_asr,
argentina/new_discovery,ITovsJg-q5c,new_discovery::ITovsJg-q5c::clip_0015,clip_0015,turbo,turbo,cpu,int8,C:\Users\bianc\NLP Natural Language Processing\labios-argentos\data_release\work\new_discovery_ingest\ITovsJg-q5c\clips_with_audio\clip_0015.mp4,gs://labios-argentos-vsr-clean-v1/argentina/new_discovery/clips_with_audio/ITovsJg-q5c/clip_0015.mp4,C:\Users\bianc\NLP Natural Language Processing\labios-argentos\data_release\work\new_discovery_asr\transcripts\turbo\ITovsJg-q5c\clip_0015.txt,gs://labios-argentos-vsr-clean-v1/argentina/new_discovery/transcripts/turbo/ITovsJg-q5c/clip_0015.txt,del inconsciente me preguntaba cuánto control tenemos realmente nuestra vida mira,es,6.016,completed_asr,
argentina/new_discovery,ITovsJg-q5c,new_discovery::ITovsJg-q5c::clip_0016,clip_0016,turbo,turbo,cpu,int8,C:\Users\bianc\NLP Natural Language Processing\labios-argentos\data_release\work\new_discovery_ingest\ITovsJg-q5c\clips_with_audio\clip_0016.mp4,gs://labios-argentos-vsr-clean-v1/argentina/new_discovery/clips_with_audio/ITovsJg-q5c/clip_0016.mp4,C:\Users\bianc\NLP Natural Language Processing\labios-argentos\data_release\work\new_discovery_asr\transcripts\turbo\ITovsJg-q5c\clip_0016.txt,gs://labios-argentos-vsr-clean-v1/argentina/new_discovery/transcripts/turbo/ITovsJg-q5c/clip_0016.txt,oye juan ya que en este podcast se habla sobre relaciones amigos pareja sabes cuál es el plan,es,6.016,completed_asr,
argentina/new_discovery,ITovsJg-q5c,new_discovery::ITovsJg-q5c::clip_0017,clip_0017,turbo,turbo,cpu,int8,C:\Users\bianc\NLP Natural Language Processing\labios-argentos\data_release\work\new_discovery_ingest\ITovsJg-q5c\clips_with_audio\clip_0017.mp4,gs://labios-argentos-vsr-clean-v1/argentina/new_discovery/clips_with_audio/ITovsJg-q5c/clip_0017.mp4,C:\Users\bianc\NLP Natural Language Processing\labios-argentos\data_release\work\new_discovery_asr\transcripts\turbo\ITovsJg-q5c\clip_0017.txt,gs://labios-argentos-vsr-clean-v1/argentina/new_discovery/transcripts/turbo/ITovsJg-q5c/clip_0017.txt,"¿Un viaje? Sí, pero no un viaje como tú estás pensando sino un viaje",es,6.016,completed_asr,
argentina/new_discovery,ITovsJg-q5c,new_discovery::ITovsJg-q5c::clip_0018,clip_0018,turbo,turbo,cpu,int8,C:\Users\bianc\NLP Natural Language Processing\labios-argentos\data_release\work\new_discovery_ingest\ITovsJg-q5c\clips_with_audio\clip_0018.mp4,gs://labios-argentos-vsr-clean-v1/argentina/new_discovery/clips_with_audio/ITovsJg-q5c/clip_0018.mp4,C:\Users\bianc\NLP Natural Language Processing\labios-argentos\data_release\work\new_discovery_asr\transcripts\turbo\ITovsJg-q5c\clip_0018.txt,gs://labios-argentos-vsr-clean-v1/argentina/new_discovery/transcripts/turbo/ITovsJg-q5c/clip_0018.txt,"viaje de desconexión, lejos de las prisas de las pantallas en un Airbnb. Especialmente esos Airbnb que están en zona",es,6.016,completed_asr,
argentina/new_discovery,ITovsJg-q5c,new_discovery::ITovsJg-q5c::clip_0019,clip_0019,turbo,turbo,cpu,int8,C:\Users\bianc\NLP Natural Language Processing\labios-argentos\data_release\work\new_discovery_ingest\ITovsJg-q5c\clips_with_audio\clip_0019.mp4,gs://labios-argentos-vsr-clean-v1/argentina/new_discovery/clips_with_audio/ITovsJg-q5c/clip_0019.mp4,C:\Users\bianc\NLP Natural Language Processing\labios-argentos\data_release\work\new_discovery_asr\transcripts\turbo\ITovsJg-q5c\clip_0019.txt,gs://labios-argentos-vsr-clean-v1/argentina/new_discovery/transcripts/turbo/ITovsJg-q5c/clip_0019.txt,rurales y sitios de pueblos pequeños y zonas de desconexión vale vale ya sé a qué te refieres te refieres a esos alojamientos,es,6.016,completed_asr,
argentina/new_discovery,ITovsJg-q5c,new_discovery::ITovsJg-q5c::clip_0020,clip_0020,turbo,turbo,cpu,int8,C:\Users\bianc\NLP Natural Language Processing\labios-argentos\data_release\work\new_discovery_ingest\ITovsJg-q5c\clips_with_audio\clip_0020.mp4,gs://labios-argentos-vsr-clean-v1/argentina/new_discovery/clips_with_audio/ITovsJg-q5c/clip_0020.mp4,C:\Users\bianc\NLP Natural Language Processing\labios-argentos\data_release\work\new_discovery_asr\transcripts\turbo\ITovsJg-q5c\clip_0020.txt,gs://labios-argentos-vsr-clean-v1/argentina/new_discovery/transcripts/turbo/ITovsJg-q5c/clip_0020.txt,que están en mitad de la nada que no te queda otra más que relacionarte con tus amigos porque ni tienes móvil ni tienes ordenador,es,6.016,completed_asr,
argentina/new_discovery,ITovsJg-q5c,new_discovery::ITovsJg-q5c::clip_0021,clip_0021,turbo,turbo,cpu,int8,C:\Users\bianc\NLP Natural Language Processing\labios-argentos\data_release\work\new_discovery_ingest\ITovsJg-q5c\clips_with_audio\clip_0021.mp4,gs://labios-argentos-vsr-clean-v1/argentina/new_discovery/clips_with_audio/ITovsJg-q5c/clip_0021.mp4,C:\Users\bianc\NLP Natural Language Processing\labios-argentos\data_release\work\new_discovery_asr\transcripts\turbo\ITovsJg-q5c\clip_0021.txt,gs://labios-argentos-vsr-clean-v1/argentina/new_discovery/transcripts/turbo/ITovsJg-q5c/clip_0021.txt,"Eso mola, pero Sergio yo creo que puede salir o muy bien o muy mal. Pues con Arby en vídeo esto no pasa porque tiene...",es,6.016,completed_asr,
argentina/new_discovery,ITovsJg-q5c,new_discovery::ITovsJg-q5c::clip_0022,clip_0022,turbo,turbo,cpu,int8,C:\Users\bianc\NLP Natural Language Processing\labios-argentos\data_release\work\new_discovery_ingest\ITovsJg-q5c\clips_with_audio\clip_0022.mp4,gs://labios-argentos-vsr-clean-v1/argentina/new_discovery/clips_with_audio/ITovsJg-q5c/clip_0022.mp4,C:\Users\bianc\NLP Natural Language Processing\labios-argentos\data_release\work\new_discovery_asr\transcripts\turbo\ITovsJg-q5c\clip_0022.txt,gs://labios-argentos-vsr-clean-v1/argentina/new_discovery/transcripts/turbo/ITovsJg-q5c/clip_0022.txt,habitaciones para que cada uno se separe y no haya peleas pero también hay zonas comunes donde puedas divertirte donde puedas jugar,es,6.016,completed_asr,
argentina/new_discovery,ITovsJg-q5c,new_discovery::ITovsJg-q5c::clip_0023,clip_0023,turbo,turbo,cpu,int8,C:\Users\bianc\NLP Natural Language Processing\labios-argentos\data_release\work\new_discovery_ingest\ITovsJg-q5c\clips_with_audio\clip_0023.mp4,gs://labios-argentos-vsr-clean-v1/argentina/new_discovery/clips_with_audio/ITovsJg-q5c/clip_0023.mp4,C:\Users\bianc\NLP Natural Language Processing\labios-argentos\data_release\work\new_discovery_asr\transcripts\turbo\ITovsJg-q5c\clip_0023.txt,gs://labios-argentos-vsr-clean-v1/argentina/new_discovery/transcripts/turbo/ITovsJg-q5c/clip_0023.txt,"y de dónde vas a pasarlo bien. Es decir, tienes momentos de diversión y momentos de privacidad. Sí, la verdad que tienes razón, porque en Airbnb puedes encontrar",es,6.016,completed_asr,
argentina/new_discovery,ITovsJg-q5c,new_discovery::ITovsJg-q5c::clip_0024,clip_0024,turbo,turbo,cpu,int8,C:\Users\bianc\NLP Natural Language Processing\labios-argentos\data_release\work\new_discovery_ingest\ITovsJg-q5c\clips_with_audio\clip_0024.mp4,gs://labios-argentos-vsr-clean-v1/argentina/new_discovery/clips_with_audio/ITovsJg-q5c/clip_0024.mp4,C:\Users\bianc\NLP Natural Language Processing\labios-argentos\data_release\work\new_discovery_asr\transcripts\turbo\ITovsJg-q5c\clip_0024.txt,gs://labios-argentos-vsr-clean-v1/argentina/new_discovery/transcripts/turbo/ITovsJg-q5c/clip_0024.txt,todo tipo de experiencias y ahora que lo dices me he acordado que hace poco estuve en un pueblo cerca de Toledo con unos amigos míos,es,6.016,completed_asr,
argentina/new_discovery,ITovsJg-q5c,new_discovery::ITovsJg-q5c::clip_0025,clip_0025,turbo,turbo,cpu,int8,C:\Users\bianc\NLP Natural Language Processing\labios-argentos\data_release\work\new_discovery_ingest\ITovsJg-q5c\clips_with_audio\clip_0025.mp4,gs://labios-argentos-vsr-clean-v1/argentina/new_discovery/clips_with_audio/ITovsJg-q5c/clip_0025.mp4,C:\Users\bianc\NLP Natural Language Processing\labios-argentos\data_release\work\new_discovery_asr\transcripts\turbo\ITovsJg-q5c\clip_0025.txt,gs://labios-argentos-vsr-clean-v1/argentina/new_discovery/transcripts/turbo/ITovsJg-q5c/clip_0025.txt,"Era una casa, vamos, en mitad de la nada, pero destacaba sobre todo el terreno exterior que tenía. Íbamos ahí a jugar pachangas, de hecho vino gente...",es,6.016,completed_asr,
argentina/new_discovery,ITovsJg-q5c,new_discovery::ITovsJg-q5c::clip_0026,clip_0026,turbo,turbo,cpu,int8,C:\Users\bianc\NLP Natural Language Processing\labios-argentos\data_release\work\new_discovery_ingest\ITovsJg-q5c\clips_with_audio\clip_0026.mp4,gs://labios-argentos-vsr-clean-v1/argentina/new_discovery/clips_with_audio/ITovsJg-q5c/clip_0026.mp4,C:\Users\bianc\NLP Natural Language Processing\labios-argentos\data_release\work\new_discovery_asr\transcripts\turbo\ITovsJg-q5c\clip_0026.txt,gs://labios-argentos-vsr-clean-v1/argentina/new_discovery/transcripts/turbo/ITovsJg-q5c/clip_0026.txt,"del pueblo de alrededor. Estuvimos cenando juntos y luego por la noche, cada uno descansar en su habitación. ¡Qué planazo, tío! De hecho, me",es,6.016,completed_asr,
argentina/new_discovery,ITovsJg-q5c,new_discovery::ITovsJg-q5c::clip_0027,clip_0027,turbo,turbo,cpu,int8,C:\Users\bianc\NLP Natural Language Processing\labios-argentos\data_release\work\new_discovery_ingest\ITovsJg-q5c\clips_with_audio\clip_0027.mp4,gs://labios-argentos-vsr-clean-v1/argentina/new_discovery/clips_with_audio/ITovsJg-q5c/clip_0027.mp4,C:\Users\bianc\NLP Natural Language Processing\labios-argentos\data_release\work\new_discovery_asr\transcripts\turbo\ITovsJg-q5c\clip_0027.txt,gs://labios-argentos-vsr-clean-v1/argentina/new_discovery/transcripts/turbo/ITovsJg-q5c/clip_0027.txt,entrado ganas de hacer algo así de hecho tenemos que hacerlo tío tengo que poner bien y descolectar que llevamos una tunda de entrevistas y de,es,6.016,completed_asr,
argentina/new_discovery,ITovsJg-q5c,new_discovery::ITovsJg-q5c::clip_0028,clip_0028,turbo,turbo,cpu,int8,C:\Users\bianc\NLP Natural Language Processing\labios-argentos\data_release\work\new_discovery_ingest\ITovsJg-q5c\clips_with_audio\clip_0028.mp4,gs://labios-argentos-vsr-clean-v1/argentina/new_discovery/clips_with_audio/ITovsJg-q5c/clip_0028.mp4,C:\Users\bianc\NLP Natural Language Processing\labios-argentos\data_release\work\new_discovery_asr\transcripts\turbo\ITovsJg-q5c\clip_0028.txt,gs://labios-argentos-vsr-clean-v1/argentina/new_discovery/transcripts/turbo/ITovsJg-q5c/clip_0028.txt,"una buena racha de hacer muchos podcasts y creo que nos va a venir súper bien unos días de desconexión te cojo la palabra, yo me pongo ya a mirar en Airbnb",es,6.016,completed_asr,
argentina/new_discovery,ITovsJg-q5c,new_discovery::ITovsJg-q5c::clip_0029,clip_0029,turbo,turbo,cpu,int8,C:\Users\bianc\NLP Natural Language Processing\labios-argentos\data_release\work\new_discovery_ingest\ITovsJg-q5c\clips_with_audio\clip_0029.mp4,gs://labios-argentos-vsr-clean-v1/argentina/new_discovery/clips_with_audio/ITovsJg-q5c/clip_0029.mp4,C:\Users\bianc\NLP Natural Language Processing\labios-argentos\data_release\work\new_discovery_asr\transcripts\turbo\ITovsJg-q5c\clip_0029.txt,gs://labios-argentos-vsr-clean-v1/argentina/new_discovery/transcripts/turbo/ITovsJg-q5c/clip_0029.txt,"Mira, mira, mira. Vamos a mirar. Fue una de ahí barbaco. A desconectar, tío. A desconectar, lectura. ¡Bua! ¡Qué ganas tengo de eso, tío!",es,6.016,completed_asr,
argentina/new_discovery,ITovsJg-q5c,new_discovery::ITovsJg-q5c::clip_0030,clip_0030,turbo,turbo,cpu,int8,C:\Users\bianc\NLP Natural Language Processing\labios-argentos\data_release\work\new_discovery_ingest\ITovsJg-q5c\clips_with_audio\clip_0030.mp4,gs://labios-argentos-vsr-clean-v1/argentina/new_discovery/clips_with_audio/ITovsJg-q5c/clip_0030.mp4,C:\Users\bianc\NLP Natural Language Processing\labios-argentos\data_release\work\new_discovery_asr\transcripts\turbo\ITovsJg-q5c\clip_0030.txt,gs://labios-argentos-vsr-clean-v1/argentina/new_discovery/transcripts/turbo/ITovsJg-q5c/clip_0030.txt,"y venga va, voy a mirarlo ya. Gabriel, cuando naciste, a tus padres le dijeron que solo tenía 7 días de vida. Sí.",es,6.016,completed_asr,
argentina/new_discovery,ITovsJg-q5c,new_discovery::ITovsJg-q5c::clip_0031,clip_0031,turbo,turbo,cpu,int8,C:\Users\bianc\NLP Natural Language Processing\labios-argentos\data_release\work\new_discovery_ingest\ITovsJg-q5c\clips_with_audio\clip_0031.mp4,gs://labios-argentos-vsr-clean-v1/argentina/new_discovery/clips_with_audio/ITovsJg-q5c/clip_0031.mp4,C:\Users\bianc\NLP Natural Language Processing\labios-argentos\data_release\work\new_discovery_asr\transcripts\turbo\ITovsJg-q5c\clip_0031.txt,gs://labios-argentos-vsr-clean-v1/argentina/new_discovery/transcripts/turbo/ITovsJg-q5c/clip_0031.txt,"resultó que no fue así no, parece ser que no no, no",es,6.016,completed_asr,
argentina/new_discovery,ITovsJg-q5c,new_discovery::ITovsJg-q5c::clip_0032,clip_0032,turbo,turbo,cpu,int8,C:\Users\bianc\NLP Natural Language Processing\labios-argentos\data_release\work\new_discovery_ingest\ITovsJg-q5c\clips_with_audio\clip_0032.mp4,gs://labios-argentos-vsr-clean-v1/argentina/new_discovery/clips_with_audio/ITovsJg-q5c/clip_0032.mp4,C:\Users\bianc\NLP Natural Language Processing\labios-argentos\data_release\work\new_discovery_asr\transcripts\turbo\ITovsJg-q5c\clip_0032.txt,gs://labios-argentos-vsr-clean-v1/argentina/new_discovery/transcripts/turbo/ITovsJg-q5c/clip_0032.txt,"ve que nací sin querer darle gusto a lo que se esperaba de mí, ¿no?",es,6.016,completed_asr,
argentina/new_discovery,ITovsJg-q5c,new_discovery::ITovsJg-q5c::clip_0033,clip_0033,turbo,turbo,cpu,int8,C:\Users\bianc\NLP Natural Language Processing\labios-argentos\data_release\work\new_discovery_ingest\ITovsJg-q5c\clips_with_audio\clip_0033.mp4,gs://labios-argentos-vsr-clean-v1/argentina/new_discovery/clips_with_audio/ITovsJg-q5c/clip_0033.mp4,C:\Users\bianc\NLP Natural Language Processing\labios-argentos\data_release\work\new_discovery_asr\transcripts\turbo\ITovsJg-q5c\clip_0033.txt,gs://labios-argentos-vsr-clean-v1/argentina/new_discovery/transcripts/turbo/ITovsJg-q5c/clip_0033.txt,fue una situación muy complicada porque mis padres venían de perder ya una hija,es,6.016,completed_asr,
argentina/new_discovery,ITovsJg-q5c,new_discovery::ITovsJg-q5c::clip_0034,clip_0034,turbo,turbo,cpu,int8,C:\Users\bianc\NLP Natural Language Processing\labios-argentos\data_release\work\new_discovery_ingest\ITovsJg-q5c\clips_with_audio\clip_0034.mp4,gs://labios-argentos-vsr-clean-v1/argentina/new_discovery/clips_with_audio/ITovsJg-q5c/clip_0034.mp4,C:\Users\bianc\NLP Natural Language Processing\labios-argentos\data_release\work\new_discovery_asr\transcripts\turbo\ITovsJg-q5c\clip_0034.txt,gs://labios-argentos-vsr-clean-v1/argentina/new_discovery/transcripts/turbo/ITovsJg-q5c/clip_0034.txt,"un año antes, en el momento del nacimiento. Y esta vez que...",es,6.016,completed_asr,
argentina/new_discovery,ITovsJg-q5c,new_discovery::ITovsJg-q5c::clip_0035,clip_0035,turbo,turbo,cpu,int8,C:\Users\bianc\NLP Natural Language Processing\labios-argentos\data_release\work\new_discovery_ingest\ITovsJg-q5c\clips_with_audio\clip_0035.mp4,gs://labios-argentos-vsr-clean-v1/argentina/new_discovery/clips_with_audio/ITovsJg-q5c/clip_0035.mp4,C:\Users\bianc\NLP Natural Language Processing\labios-argentos\data_release\work\new_discovery_asr\transcripts\turbo\ITovsJg-q5c\clip_0035.txt,gs://labios-argentos-vsr-clean-v1/argentina/new_discovery/transcripts/turbo/ITovsJg-q5c/clip_0035.txt,"que yo naciera y ahí mismo le plantearan esta situación de, bueno, va a tener...",es,6.016,completed_asr,
argentina/new_discovery,ITovsJg-q5c,new_discovery::ITovsJg-q5c::clip_0036,clip_0036,turbo,turbo,cpu,int8,C:\Users\bianc\NLP Natural Language Processing\labios-argentos\data_release\work\new_discovery_ingest\ITovsJg-q5c\clips_with_audio\clip_0036.mp4,gs://labios-argentos-vsr-clean-v1/argentina/new_discovery/clips_with_audio/ITovsJg-q5c/clip_0036.mp4,C:\Users\bianc\NLP Natural Language Processing\labios-argentos\data_release\work\new_discovery_asr\transcripts\turbo\ITovsJg-q5c\clip_0036.txt,gs://labios-argentos-vsr-clean-v1/argentina/new_discovery/transcripts/turbo/ITovsJg-q5c/clip_0036.txt,"7 días de vida, imagínate la angustia para ellos.",es,6.016,completed_asr,
argentina/new_discovery,ITovsJg-q5c,new_discovery::ITovsJg-q5c::clip_0037,clip_0037,turbo,turbo,cpu,int8,C:\Users\bianc\NLP Natural Language Processing\labios-argentos\data_release\work\new_discovery_ingest\ITovsJg-q5c\clips_with_audio\clip_0037.mp4,gs://labios-argentos-vsr-clean-v1/argentina/new_discovery/clips_with_audio/ITovsJg-q5c/clip_0037.mp4,C:\Users\bianc\NLP Natural Language Processing\labios-argentos\data_release\work\new_discovery_asr\transcripts\turbo\ITovsJg-q5c\clip_0037.txt,gs://labios-argentos-vsr-clean-v1/argentina/new_discovery/transcripts/turbo/ITovsJg-q5c/clip_0037.txt,Y yo siempre he pensado que a lo mejor eso marcó...,es,6.016,completed_asr,
argentina/new_discovery,ITovsJg-q5c,new_discovery::ITovsJg-q5c::clip_0038,clip_0038,turbo,turbo,cpu,int8,C:\Users\bianc\NLP Natural Language Processing\labios-argentos\data_release\work\new_discovery_ingest\ITovsJg-q5c\clips_with_audio\clip_0038.mp4,gs://labios-argentos-vsr-clean-v1/argentina/new_discovery/clips_with_audio/ITovsJg-q5c/clip_0038.mp4,C:\Users\bianc\NLP Natural Language Processing\labios-argentos\data_release\work\new_discovery_asr\transcripts\turbo\ITovsJg-q5c\clip_0038.txt,gs://labios-argentos-vsr-clean-v1/argentina/new_discovery/transcripts/turbo/ITovsJg-q5c/clip_0038.txt,"con mucho mi manera de vivir, ¿sabes? Yo no tengo una perspectiva",es,6.016,completed_asr,
argentina/new_discovery,ITovsJg-q5c,new_discovery::ITovsJg-q5c::clip_0039,clip_0039,turbo,turbo,cpu,int8,C:\Users\bianc\NLP Natural Language Processing\labios-argentos\data_release\work\new_discovery_ingest\ITovsJg-q5c\clips_with_audio\clip_0039.mp4,gs://labios-argentos-vsr-clean-v1/argentina/new_discovery/clips_with_audio/ITovsJg-q5c/clip_0039.mp4,C:\Users\bianc\NLP Natural Language Processing\labios-argentos\data_release\work\new_discovery_asr\transcripts\turbo\ITovsJg-q5c\clip_0039.txt,gs://labios-argentos-vsr-clean-v1/argentina/new_discovery/transcripts/turbo/ITovsJg-q5c/clip_0039.txt,"muy grande a la vida. Me gusta, me gusta vivir, me quiero ir viviendo.",es,6.016,completed_asr,
argentina/new_discovery,ITovsJg-q5c,new_discovery::ITovsJg-q5c::clip_0040,clip_0040,turbo,turbo,cpu,int8,C:\Users\bianc\NLP Natural Language Processing\labios-argentos\data_release\work\new_discovery_ingest\ITovsJg-q5c\clips_with_audio\clip_0040.mp4,gs://labios-argentos-vsr-clean-v1/argentina/new_discovery/clips_with_audio/ITovsJg-q5c/clip_0040.mp4,C:\Users\bianc\NLP Natural Language Processing\labios-argentos\data_release\work\new_discovery_asr\transcripts\turbo\ITovsJg-q5c\clip_0040.txt,gs://labios-argentos-vsr-clean-v1/argentina/new_discovery/transcripts/turbo/ITovsJg-q5c/clip_0040.txt,"digo, pero no me quiero quedar a cualquier costo, soy una persona que estiraría el...",es,6.016,completed_asr,
argentina/new_discovery,ITovsJg-q5c,new_discovery::ITovsJg-q5c::clip_0041,clip_0041,turbo,turbo,cpu,int8,C:\Users\bianc\NLP Natural Language Processing\labios-argentos\data_release\work\new_discovery_ingest\ITovsJg-q5c\clips_with_audio\clip_0041.mp4,gs://labios-argentos-vsr-clean-v1/argentina/new_discovery/clips_with_audio/ITovsJg-q5c/clip_0041.mp4,C:\Users\bianc\NLP Natural Language Processing\labios-argentos\data_release\work\new_discovery_asr\transcripts\turbo\ITovsJg-q5c\clip_0041.txt,gs://labios-argentos-vsr-clean-v1/argentina/new_discovery/transcripts/turbo/ITovsJg-q5c/clip_0041.txt,tiempo de su vida en contra de la calidad de su vida en contra de la posibilidad de cumplir con sus deseos,es,6.016,completed_asr,
argentina/new_discovery,ITovsJg-q5c,new_discovery::ITovsJg-q5c::clip_0042,clip_0042,turbo,turbo,cpu,int8,C:\Users\bianc\NLP Natural Language Processing\labios-argentos\data_release\work\new_discovery_ingest\ITovsJg-q5c\clips_with_audio\clip_0042.mp4,gs://labios-argentos-vsr-clean-v1/argentina/new_discovery/clips_with_audio/ITovsJg-q5c/clip_0042.mp4,C:\Users\bianc\NLP Natural Language Processing\labios-argentos\data_release\work\new_discovery_asr\transcripts\turbo\ITovsJg-q5c\clip_0042.txt,gs://labios-argentos-vsr-clean-v1/argentina/new_discovery/transcripts/turbo/ITovsJg-q5c/clip_0042.txt,de seguir haciendo lo que ama. Ustedes han tenido...,es,6.016,completed_asr,
argentina/new_discovery,ITovsJg-q5c,new_discovery::ITovsJg-q5c::clip_0043,clip_0043,turbo,turbo,cpu,int8,C:\Users\bianc\NLP Natural Language Processing\labios-argentos\data_release\work\new_discovery_ingest\ITovsJg-q5c\clips_with_audio\clip_0043.mp4,gs://labios-argentos-vsr-clean-v1/argentina/new_discovery/clips_with_audio/ITovsJg-q5c/clip_0043.mp4,C:\Users\bianc\NLP Natural Language Processing\labios-argentos\data_release\work\new_discovery_asr\transcripts\turbo\ITovsJg-q5c\clip_0043.txt,gs://labios-argentos-vsr-clean-v1/argentina/new_discovery/transcripts/turbo/ITovsJg-q5c/clip_0043.txt,un gran maestro allí en España que se llamó José Luis San Pedro un hombre,es,6.016,completed_asr,
argentina/new_discovery,ITovsJg-q5c,new_discovery::ITovsJg-q5c::clip_0044,clip_0044,turbo,turbo,cpu,int8,C:\Users\bianc\NLP Natural Language Processing\labios-argentos\data_release\work\new_discovery_ingest\ITovsJg-q5c\clips_with_audio\clip_0044.mp4,gs://labios-argentos-vsr-clean-v1/argentina/new_discovery/clips_with_audio/ITovsJg-q5c/clip_0044.mp4,C:\Users\bianc\NLP Natural Language Processing\labios-argentos\data_release\work\new_discovery_asr\transcripts\turbo\ITovsJg-q5c\clip_0044.txt,gs://labios-argentos-vsr-clean-v1/argentina/new_discovery/transcripts/turbo/ITovsJg-q5c/clip_0044.txt,"extraordinario, un pensador, un docente, y él que murió siendo muy grande.",es,6.016,completed_asr,
argentina/new_discovery,ITovsJg-q5c,new_discovery::ITovsJg-q5c::clip_0045,clip_0045,turbo,turbo,cpu,int8,C:\Users\bianc\NLP Natural Language Processing\labios-argentos\data_release\work\new_discovery_ingest\ITovsJg-q5c\clips_with_audio\clip_0045.mp4,gs://labios-argentos-vsr-clean-v1/argentina/new_discovery/clips_with_audio/ITovsJg-q5c/clip_0045.mp4,C:\Users\bianc\NLP Natural Language Processing\labios-argentos\data_release\work\new_discovery_asr\transcripts\turbo\ITovsJg-q5c\clip_0045.txt,gs://labios-argentos-vsr-clean-v1/argentina/new_discovery/transcripts/turbo/ITovsJg-q5c/clip_0045.txt,decía yo ya vi como era este juego y la verdad que no es demasiado bello,es,6.016,completed_asr,
argentina/new_discovery,ITovsJg-q5c,new_discovery::ITovsJg-q5c::clip_0046,clip_0046,turbo,turbo,cpu,int8,C:\Users\bianc\NLP Natural Language Processing\labios-argentos\data_release\work\new_discovery_ingest\ITovsJg-q5c\clips_with_audio\clip_0046.mp4,gs://labios-argentos-vsr-clean-v1/argentina/new_discovery/clips_with_audio/ITovsJg-q5c/clip_0046.mp4,C:\Users\bianc\NLP Natural Language Processing\labios-argentos\data_release\work\new_discovery_asr\transcripts\turbo\ITovsJg-q5c\clip_0046.txt,gs://labios-argentos-vsr-clean-v1/argentina/new_discovery/transcripts/turbo/ITovsJg-q5c/clip_0046.txt,"decía él, decía como para si le gustaría regresar, si existiera la reencarnación.",es,6.016,completed_asr,
argentina/new_discovery,ITovsJg-q5c,new_discovery::ITovsJg-q5c::clip_0047,clip_0047,turbo,turbo,cpu,int8,C:\Users\bianc\NLP Natural Language Processing\labios-argentos\data_release\work\new_discovery_ingest\ITovsJg-q5c\clips_with_audio\clip_0047.mp4,gs://labios-argentos-vsr-clean-v1/argentina/new_discovery/clips_with_audio/ITovsJg-q5c/clip_0047.mp4,C:\Users\bianc\NLP Natural Language Processing\labios-argentos\data_release\work\new_discovery_asr\transcripts\turbo\ITovsJg-q5c\clip_0047.txt,gs://labios-argentos-vsr-clean-v1/argentina/new_discovery/transcripts/turbo/ITovsJg-q5c/clip_0047.txt,"Entonces, yo creo que en una vida que es breve y complicada...",es,6.016,completed_asr,
argentina/new_discovery,ITovsJg-q5c,new_discovery::ITovsJg-q5c::clip_0048,clip_0048,turbo,turbo,cpu,int8,C:\Users\bianc\NLP Natural Language Processing\labios-argentos\data_release\work\new_discovery_ingest\ITovsJg-q5c\clips_with_audio\clip_0048.mp4,gs://labios-argentos-vsr-clean-v1/argentina/new_discovery/clips_with_audio/ITovsJg-q5c/clip_0048.mp4,C:\Users\bianc\NLP Natural Language Processing\labios-argentos\data_release\work\new_discovery_asr\transcripts\turbo\ITovsJg-q5c\clip_0048.txt,gs://labios-argentos-vsr-clean-v1/argentina/new_discovery/transcripts/turbo/ITovsJg-q5c/clip_0048.txt,digo breve porque está allí la muerte si no son 7 días eran 90 años,es,6.016,completed_asr,
argentina/new_discovery,ITovsJg-q5c,new_discovery::ITovsJg-q5c::clip_0049,clip_0049,turbo,turbo,cpu,int8,C:\Users\bianc\NLP Natural Language Processing\labios-argentos\data_release\work\new_discovery_ingest\ITovsJg-q5c\clips_with_audio\clip_0049.mp4,gs://labios-argentos-vsr-clean-v1/argentina/new_discovery/clips_with_audio/ITovsJg-q5c/clip_0049.mp4,C:\Users\bianc\NLP Natural Language Processing\labios-argentos\data_release\work\new_discovery_asr\transcripts\turbo\ITovsJg-q5c\clip_0049.txt,gs://labios-argentos-vsr-clean-v1/argentina/new_discovery/transcripts/turbo/ITovsJg-q5c/clip_0049.txt,a lo que es a la luz de lo que es la existencia del universo,es,6.016,completed_asr,
argentina/new_discovery,ITovsJg-q5c,new_discovery::ITovsJg-q5c::clip_0050,clip_0050,turbo,turbo,cpu,int8,C:\Users\bianc\NLP Natural Language Processing\labios-argentos\data_release\work\new_discovery_ingest\ITovsJg-q5c\clips_with_audio\clip_0050.mp4,gs://labios-argentos-vsr-clean-v1/argentina/new_discovery/clips_with_audio/ITovsJg-q5c/clip_0050.mp4,C:\Users\bianc\NLP Natural Language Processing\labios-argentos\data_release\work\new_discovery_asr\transcripts\turbo\ITovsJg-q5c\clip_0050.txt,gs://labios-argentos-vsr-clean-v1/argentina/new_discovery/transcripts/turbo/ITovsJg-q5c/clip_0050.txt,y sigue siendo un suspiro entonces yo creo que lo importante,es,6.016,completed_asr,
argentina/new_discovery,ITovsJg-q5c,new_discovery::ITovsJg-q5c::clip_0051,clip_0051,turbo,turbo,cpu,int8,C:\Users\bianc\NLP Natural Language Processing\labios-argentos\data_release\work\new_discovery_ingest\ITovsJg-q5c\clips_with_audio\clip_0051.mp4,gs://labios-argentos-vsr-clean-v1/argentina/new_discovery/clips_with_audio/ITovsJg-q5c/clip_0051.mp4,C:\Users\bianc\NLP Natural Language Processing\labios-argentos\data_release\work\new_discovery_asr\transcripts\turbo\ITovsJg-q5c\clip_0051.txt,gs://labios-argentos-vsr-clean-v1/argentina/new_discovery/transcripts/turbo/ITovsJg-q5c/clip_0051.txt,Lo importante de esto es preguntarse mucho a uno mismo qué es lo que queremos.,es,6.016,completed_asr,
argentina/new_discovery,ITovsJg-q5c,new_discovery::ITovsJg-q5c::clip_0052,clip_0052,turbo,turbo,cpu,int8,C:\Users\bianc\NLP Natural Language Processing\labios-argentos\data_release\work\new_discovery_ingest\ITovsJg-q5c\clips_with_audio\clip_0052.mp4,gs://labios-argentos-vsr-clean-v1/argentina/new_discovery/clips_with_audio/ITovsJg-q5c/clip_0052.mp4,C:\Users\bianc\NLP Natural Language Processing\labios-argentos\data_release\work\new_discovery_asr\transcripts\turbo\ITovsJg-q5c\clip_0052.txt,gs://labios-argentos-vsr-clean-v1/argentina/new_discovery/transcripts/turbo/ITovsJg-q5c/clip_0052.txt,"qué es lo que deseamos de verdad, quiénes queremos ser, cuáles son las cosas importantes para transitar ese camino.",es,6.016,completed_asr,
argentina/new_discovery,ITovsJg-q5c,new_discovery::ITovsJg-q5c::clip_0053,clip_0053,turbo,turbo,cpu,int8,C:\Users\bianc\NLP Natural Language Processing\labios-argentos\data_release\work\new_discovery_ingest\ITovsJg-q5c\clips_with_audio\clip_0053.mp4,gs://labios-argentos-vsr-clean-v1/argentina/new_discovery/clips_with_audio/ITovsJg-q5c/clip_0053.mp4,C:\Users\bianc\NLP Natural Language Processing\labios-argentos\data_release\work\new_discovery_asr\transcripts\turbo\ITovsJg-q5c\clip_0053.txt,gs://labios-argentos-vsr-clean-v1/argentina/new_discovery/transcripts/turbo/ITovsJg-q5c/clip_0053.txt,"porque si no, no tiene mucho sentido esto. Yo desafié...",es,6.016,completed_asr,
argentina/new_discovery,ITovsJg-q5c,new_discovery::ITovsJg-q5c::clip_0054,clip_0054,turbo,turbo,cpu,int8,C:\Users\bianc\NLP Natural Language Processing\labios-argentos\data_release\work\new_discovery_ingest\ITovsJg-q5c\clips_with_audio\clip_0054.mp4,gs://labios-argentos-vsr-clean-v1/argentina/new_discovery/clips_with_audio/ITovsJg-q5c/clip_0054.mp4,C:\Users\bianc\NLP Natural Language Processing\labios-argentos\data_release\work\new_discovery_asr\transcripts\turbo\ITovsJg-q5c\clip_0054.txt,gs://labios-argentos-vsr-clean-v1/argentina/new_discovery/transcripts/turbo/ITovsJg-q5c/clip_0054.txt,"ese mandato erróneo, digamos, de los médicos que me daban...",es,6.016,completed_asr,
argentina/new_discovery,ITovsJg-q5c,new_discovery::ITovsJg-q5c::clip_0055,clip_0055,turbo,turbo,cpu,int8,C:\Users\bianc\NLP Natural Language Processing\labios-argentos\data_release\work\new_discovery_ingest\ITovsJg-q5c\clips_with_audio\clip_0055.mp4,gs://labios-argentos-vsr-clean-v1/argentina/new_discovery/clips_with_audio/ITovsJg-q5c/clip_0055.mp4,C:\Users\bianc\NLP Natural Language Processing\labios-argentos\data_release\work\new_discovery_asr\transcripts\turbo\ITovsJg-q5c\clip_0055.txt,gs://labios-argentos-vsr-clean-v1/argentina/new_discovery/transcripts/turbo/ITovsJg-q5c/clip_0055.txt,"tan poco tiempo de vida aparecieron otros después como yo llegaba al día 8, 9, 10",es,6.016,completed_asr,
argentina/new_discovery,ITovsJg-q5c,new_discovery::ITovsJg-q5c::clip_0056,clip_0056,turbo,turbo,cpu,int8,C:\Users\bianc\NLP Natural Language Processing\labios-argentos\data_release\work\new_discovery_ingest\ITovsJg-q5c\clips_with_audio\clip_0056.mp4,gs://labios-argentos-vsr-clean-v1/argentina/new_discovery/clips_with_audio/ITovsJg-q5c/clip_0056.mp4,C:\Users\bianc\NLP Natural Language Processing\labios-argentos\data_release\work\new_discovery_asr\transcripts\turbo\ITovsJg-q5c\clip_0056.txt,gs://labios-argentos-vsr-clean-v1/argentina/new_discovery/transcripts/turbo/ITovsJg-q5c/clip_0056.txt,"no me moría, mis viejos fueron y se ve que preguntaron, escúchame qué hacemos no se muere, ¿no?",es,6.016,completed_asr,
argentina/new_discovery,ITovsJg-q5c,new_discovery::ITovsJg-q5c::clip_0057,clip_0057,turbo,turbo,cpu,int8,C:\Users\bianc\NLP Natural Language Processing\labios-argentos\data_release\work\new_discovery_ingest\ITovsJg-q5c\clips_with_audio\clip_0057.mp4,gs://labios-argentos-vsr-clean-v1/argentina/new_discovery/clips_with_audio/ITovsJg-q5c/clip_0057.mp4,C:\Users\bianc\NLP Natural Language Processing\labios-argentos\data_release\work\new_discovery_asr\transcripts\turbo\ITovsJg-q5c\clip_0057.txt,gs://labios-argentos-vsr-clean-v1/argentina/new_discovery/transcripts/turbo/ITovsJg-q5c/clip_0057.txt,y bueno y los médicos dijeron no lo que pasa es que bueno a lo mejor pero no se ilusione,es,6.016,completed_asr,
argentina/new_discovery,ITovsJg-q5c,new_discovery::ITovsJg-q5c::clip_0058,clip_0058,turbo,turbo,cpu,int8,C:\Users\bianc\NLP Natural Language Processing\labios-argentos\data_release\work\new_discovery_ingest\ITovsJg-q5c\clips_with_audio\clip_0058.mp4,gs://labios-argentos-vsr-clean-v1/argentina/new_discovery/clips_with_audio/ITovsJg-q5c/clip_0058.mp4,C:\Users\bianc\NLP Natural Language Processing\labios-argentos\data_release\work\new_discovery_asr\transcripts\turbo\ITovsJg-q5c\clip_0058.txt,gs://labios-argentos-vsr-clean-v1/argentina/new_discovery/transcripts/turbo/ITovsJg-q5c/clip_0058.txt,"no son siete días, serán siete semanas, o a lo sumo siete meses, el número siete que...",es,6.016,completed_asr,
argentina/new_discovery,ITovsJg-q5c,new_discovery::ITovsJg-q5c::clip_0059,clip_0059,turbo,turbo,cpu,int8,C:\Users\bianc\NLP Natural Language Processing\labios-argentos\data_release\work\new_discovery_ingest\ITovsJg-q5c\clips_with_audio\clip_0059.mp4,gs://labios-argentos-vsr-clean-v1/argentina/new_discovery/clips_with_audio/ITovsJg-q5c/clip_0059.mp4,C:\Users\bianc\NLP Natural Language Processing\labios-argentos\data_release\work\new_discovery_asr\transcripts\turbo\ITovsJg-q5c\clip_0059.txt,gs://labios-argentos-vsr-clean-v1/argentina/new_discovery/transcripts/turbo/ITovsJg-q5c/clip_0059.txt,"por sí es un número bastante mítico, me perseguía con este tema de la muerte.",es,6.016,completed_asr,
argentina/new_discovery,ITovsJg-q5c,new_discovery::ITovsJg-q5c::clip_0060,clip_0060,turbo,turbo,cpu,int8,C:\Users\bianc\NLP Natural Language Processing\labios-argentos\data_release\work\new_discovery_ingest\ITovsJg-q5c\clips_with_audio\clip_0060.mp4,gs://labios-argentos-vsr-clean-v1/argentina/new_discovery/clips_with_audio/ITovsJg-q5c/clip_0060.mp4,C:\Users\bianc\NLP Natural Language Processing\labios-argentos\data_release\work\new_discovery_asr\transcripts\turbo\ITovsJg-q5c\clip_0060.txt,gs://labios-argentos-vsr-clean-v1/argentina/new_discovery/transcripts/turbo/ITovsJg-q5c/clip_0060.txt,que apareció un médico por ahí que conocía exactamente el problema cardíaco que yo tenía.,es,6.016,completed_asr,
argentina/new_discovery,ITovsJg-q5c,new_discovery::ITovsJg-q5c::clip_0061,clip_0061,turbo,turbo,cpu,int8,C:\Users\bianc\NLP Natural Language Processing\labios-argentos\data_release\work\new_discovery_ingest\ITovsJg-q5c\clips_with_audio\clip_0061.mp4,gs://labios-argentos-vsr-clean-v1/argentina/new_discovery/clips_with_audio/ITovsJg-q5c/clip_0061.mp4,C:\Users\bianc\NLP Natural Language Processing\labios-argentos\data_release\work\new_discovery_asr\transcripts\turbo\ITovsJg-q5c\clip_0061.txt,gs://labios-argentos-vsr-clean-v1/argentina/new_discovery/transcripts/turbo/ITovsJg-q5c/clip_0061.txt,"Y le dijo, pero dejen tranquilo, dejen en paz a este chico que se va a morir de cualquier cosa menos de esto. No se va a morir.",es,6.016,completed_asr,
argentina/new_discovery,ITovsJg-q5c,new_discovery::ITovsJg-q5c::clip_0062,clip_0062,turbo,turbo,cpu,int8,C:\Users\bianc\NLP Natural Language Processing\labios-argentos\data_release\work\new_discovery_ingest\ITovsJg-q5c\clips_with_audio\clip_0062.mp4,gs://labios-argentos-vsr-clean-v1/argentina/new_discovery/clips_with_audio/ITovsJg-q5c/clip_0062.mp4,C:\Users\bianc\NLP Natural Language Processing\labios-argentos\data_release\work\new_discovery_asr\transcripts\turbo\ITovsJg-q5c\clip_0062.txt,gs://labios-argentos-vsr-clean-v1/argentina/new_discovery/transcripts/turbo/ITovsJg-q5c/clip_0062.txt,"de esto. Pero el tema ya estaba instalado, ¿sabes? Estaba instalado en el temor de mis...",es,6.016,completed_asr,
argentina/new_discovery,ITovsJg-q5c,new_discovery::ITovsJg-q5c::clip_0063,clip_0063,turbo,turbo,cpu,int8,C:\Users\bianc\NLP Natural Language Processing\labios-argentos\data_release\work\new_discovery_ingest\ITovsJg-q5c\clips_with_audio\clip_0063.mp4,gs://labios-argentos-vsr-clean-v1/argentina/new_discovery/clips_with_audio/ITovsJg-q5c/clip_0063.mp4,C:\Users\bianc\NLP Natural Language Processing\labios-argentos\data_release\work\new_discovery_asr\transcripts\turbo\ITovsJg-q5c\clip_0063.txt,gs://labios-argentos-vsr-clean-v1/argentina/new_discovery/transcripts/turbo/ITovsJg-q5c/clip_0063.txt,padres que todas las noches yo los recuerdo siendo un chico de 6 7,es,6.016,completed_asr,
argentina/new_discovery,ITovsJg-q5c,new_discovery::ITovsJg-q5c::clip_0064,clip_0064,turbo,turbo,cpu,int8,C:\Users\bianc\NLP Natural Language Processing\labios-argentos\data_release\work\new_discovery_ingest\ITovsJg-q5c\clips_with_audio\clip_0064.mp4,gs://labios-argentos-vsr-clean-v1/argentina/new_discovery/clips_with_audio/ITovsJg-q5c/clip_0064.mp4,C:\Users\bianc\NLP Natural Language Processing\labios-argentos\data_release\work\new_discovery_asr\transcripts\turbo\ITovsJg-q5c\clip_0064.txt,gs://labios-argentos-vsr-clean-v1/argentina/new_discovery/transcripts/turbo/ITovsJg-q5c/clip_0064.txt,"8 años, siempre alguno de los dos venía a apoyar su oído en mi espalda o en mi",es,6.016,completed_asr,
argentina/new_discovery,ITovsJg-q5c,new_discovery::ITovsJg-q5c::clip_0065,clip_0065,turbo,turbo,cpu,int8,C:\Users\bianc\NLP Natural Language Processing\labios-argentos\data_release\work\new_discovery_ingest\ITovsJg-q5c\clips_with_audio\clip_0065.mp4,gs://labios-argentos-vsr-clean-v1/argentina/new_discovery/clips_with_audio/ITovsJg-q5c/clip_0065.mp4,C:\Users\bianc\NLP Natural Language Processing\labios-argentos\data_release\work\new_discovery_asr\transcripts\turbo\ITovsJg-q5c\clip_0065.txt,gs://labios-argentos-vsr-clean-v1/argentina/new_discovery/transcripts/turbo/ITovsJg-q5c/clip_0065.txt,pecho pensando que yo dormía a ver cómo estaba mi corazón y ya se había instalado en mí se había instalado,es,6.016,completed_asr,
argentina/new_discovery,ITovsJg-q5c,new_discovery::ITovsJg-q5c::clip_0066,clip_0066,turbo,turbo,cpu,int8,C:\Users\bianc\NLP Natural Language Processing\labios-argentos\data_release\work\new_discovery_ingest\ITovsJg-q5c\clips_with_audio\clip_0066.mp4,gs://labios-argentos-vsr-clean-v1/argentina/new_discovery/clips_with_audio/ITovsJg-q5c/clip_0066.mp4,C:\Users\bianc\NLP Natural Language Processing\labios-argentos\data_release\work\new_discovery_asr\transcripts\turbo\ITovsJg-q5c\clip_0066.txt,gs://labios-argentos-vsr-clean-v1/argentina/new_discovery/transcripts/turbo/ITovsJg-q5c/clip_0066.txt,"en mí esto de mira vos, así que la idea de que solo se muere",es,6.016,completed_asr,
argentina/new_discovery,ITovsJg-q5c,new_discovery::ITovsJg-q5c::clip_0067,clip_0067,turbo,turbo,cpu,int8,C:\Users\bianc\NLP Natural Language Processing\labios-argentos\data_release\work\new_discovery_ingest\ITovsJg-q5c\clips_with_audio\clip_0067.mp4,gs://labios-argentos-vsr-clean-v1/argentina/new_discovery/clips_with_audio/ITovsJg-q5c/clip_0067.mp4,C:\Users\bianc\NLP Natural Language Processing\labios-argentos\data_release\work\new_discovery_asr\transcripts\turbo\ITovsJg-q5c\clip_0067.txt,gs://labios-argentos-vsr-clean-v1/argentina/new_discovery/transcripts/turbo/ITovsJg-q5c/clip_0067.txt,"los viejos, la idea de que a los chicos no les puede pasar estas cosas es mentira",es,6.016,completed_asr,
argentina/new_discovery,ITovsJg-q5c,new_discovery::ITovsJg-q5c::clip_0068,clip_0068,turbo,turbo,cpu,int8,C:\Users\bianc\NLP Natural Language Processing\labios-argentos\data_release\work\new_discovery_ingest\ITovsJg-q5c\clips_with_audio\clip_0068.mp4,gs://labios-argentos-vsr-clean-v1/argentina/new_discovery/clips_with_audio/ITovsJg-q5c/clip_0068.mp4,C:\Users\bianc\NLP Natural Language Processing\labios-argentos\data_release\work\new_discovery_asr\transcripts\turbo\ITovsJg-q5c\clip_0068.txt,gs://labios-argentos-vsr-clean-v1/argentina/new_discovery/transcripts/turbo/ITovsJg-q5c/clip_0068.txt,ya entendí cómo era esto y creo que a partir de ahí tomé como un compromiso muy,es,6.016,completed_asr,
argentina/new_discovery,ITovsJg-q5c,new_discovery::ITovsJg-q5c::clip_0069,clip_0069,turbo,turbo,cpu,int8,C:\Users\bianc\NLP Natural Language Processing\labios-argentos\data_release\work\new_discovery_ingest\ITovsJg-q5c\clips_with_audio\clip_0069.mp4,gs://labios-argentos-vsr-clean-v1/argentina/new_discovery/clips_with_audio/ITovsJg-q5c/clip_0069.mp4,C:\Users\bianc\NLP Natural Language Processing\labios-argentos\data_release\work\new_discovery_asr\transcripts\turbo\ITovsJg-q5c\clip_0069.txt,gs://labios-argentos-vsr-clean-v1/argentina/new_discovery/transcripts/turbo/ITovsJg-q5c/clip_0069.txt,"potente de esto se puede terminar en cualquier segundo, entonces",es,6.016,completed_asr,
argentina/new_discovery,ITovsJg-q5c,new_discovery::ITovsJg-q5c::clip_0070,clip_0070,turbo,turbo,cpu,int8,C:\Users\bianc\NLP Natural Language Processing\labios-argentos\data_release\work\new_discovery_ingest\ITovsJg-q5c\clips_with_audio\clip_0070.mp4,gs://labios-argentos-vsr-clean-v1/argentina/new_discovery/clips_with_audio/ITovsJg-q5c/clip_0070.mp4,C:\Users\bianc\NLP Natural Language Processing\labios-argentos\data_release\work\new_discovery_asr\transcripts\turbo\ITovsJg-q5c\clip_0070.txt,gs://labios-argentos-vsr-clean-v1/argentina/new_discovery/transcripts/turbo/ITovsJg-q5c/clip_0070.txt,"cómo quiero transitar el tiempo que tengo y el día que se termine, cómo quiero que me encuentre.",es,6.016,completed_asr,
argentina/new_discovery,ITovsJg-q5c,new_discovery::ITovsJg-q5c::clip_0071,clip_0071,turbo,turbo,cpu,int8,C:\Users\bianc\NLP Natural Language Processing\labios-argentos\data_release\work\new_discovery_ingest\ITovsJg-q5c\clips_with_audio\clip_0071.mp4,gs://labios-argentos-vsr-clean-v1/argentina/new_discovery/clips_with_audio/ITovsJg-q5c/clip_0071.mp4,C:\Users\bianc\NLP Natural Language Processing\labios-argentos\data_release\work\new_discovery_asr\transcripts\turbo\ITovsJg-q5c\clip_0071.txt,gs://labios-argentos-vsr-clean-v1/argentina/new_discovery/transcripts/turbo/ITovsJg-q5c/clip_0071.txt,Qué importante es lo que has dicho sobre el sentido de la vida.,es,6.016,completed_asr,
argentina/new_discovery,ITovsJg-q5c,new_discovery::ITovsJg-q5c::clip_0072,clip_0072,turbo,turbo,cpu,int8,C:\Users\bianc\NLP Natural Language Processing\labios-argentos\data_release\work\new_discovery_ingest\ITovsJg-q5c\clips_with_audio\clip_0072.mp4,gs://labios-argentos-vsr-clean-v1/argentina/new_discovery/clips_with_audio/ITovsJg-q5c/clip_0072.mp4,C:\Users\bianc\NLP Natural Language Processing\labios-argentos\data_release\work\new_discovery_asr\transcripts\turbo\ITovsJg-q5c\clip_0072.txt,gs://labios-argentos-vsr-clean-v1/argentina/new_discovery/transcripts/turbo/ITovsJg-q5c/clip_0072.txt,años para alguien se lo va a hacer muy largos y para otros muy cortos y yo creo que lo determina el sentido que tú le das a esa vida,es,6.016,completed_asr,
argentina/new_discovery,ITovsJg-q5c,new_discovery::ITovsJg-q5c::clip_0073,clip_0073,turbo,turbo,cpu,int8,C:\Users\bianc\NLP Natural Language Processing\labios-argentos\data_release\work\new_discovery_ingest\ITovsJg-q5c\clips_with_audio\clip_0073.mp4,gs://labios-argentos-vsr-clean-v1/argentina/new_discovery/clips_with_audio/ITovsJg-q5c/clip_0073.mp4,C:\Users\bianc\NLP Natural Language Processing\labios-argentos\data_release\work\new_discovery_asr\transcripts\turbo\ITovsJg-q5c\clip_0073.txt,gs://labios-argentos-vsr-clean-v1/argentina/new_discovery/transcripts/turbo/ITovsJg-q5c/clip_0073.txt,"trabajando, siendo, lo que sea. Pero la mayoría de gente que nos escucha o la mayoría de gente que",es,6.016,completed_asr,
argentina/new_discovery,ITovsJg-q5c,new_discovery::ITovsJg-q5c::clip_0074,clip_0074,turbo,turbo,cpu,int8,C:\Users\bianc\NLP Natural Language Processing\labios-argentos\data_release\work\new_discovery_ingest\ITovsJg-q5c\clips_with_audio\clip_0074.mp4,gs://labios-argentos-vsr-clean-v1/argentina/new_discovery/clips_with_audio/ITovsJg-q5c/clip_0074.mp4,C:\Users\bianc\NLP Natural Language Processing\labios-argentos\data_release\work\new_discovery_asr\transcripts\turbo\ITovsJg-q5c\clip_0074.txt,gs://labios-argentos-vsr-clean-v1/argentina/new_discovery/transcripts/turbo/ITovsJg-q5c/clip_0074.txt,veo que vive ahora en el mundo no tiene un sentido de vida. Le falta un para qué. Un para qué despertarse. ¿Cómo le ayudarías a esa persona?,es,6.016,completed_asr,
argentina/new_discovery,ITovsJg-q5c,new_discovery::ITovsJg-q5c::clip_0075,clip_0075,turbo,turbo,cpu,int8,C:\Users\bianc\NLP Natural Language Processing\labios-argentos\data_release\work\new_discovery_ingest\ITovsJg-q5c\clips_with_audio\clip_0075.mp4,gs://labios-argentos-vsr-clean-v1/argentina/new_discovery/clips_with_audio/ITovsJg-q5c/clip_0075.mp4,C:\Users\bianc\NLP Natural Language Processing\labios-argentos\data_release\work\new_discovery_asr\transcripts\turbo\ITovsJg-q5c\clip_0075.txt,gs://labios-argentos-vsr-clean-v1/argentina/new_discovery/transcripts/turbo/ITovsJg-q5c/clip_0075.txt,"o no mira, invirtiendo un poco la pregunta",es,6.016,completed_asr,
argentina/new_discovery,ITovsJg-q5c,new_discovery::ITovsJg-q5c::clip_0076,clip_0076,turbo,turbo,cpu,int8,C:\Users\bianc\NLP Natural Language Processing\labios-argentos\data_release\work\new_discovery_ingest\ITovsJg-q5c\clips_with_audio\clip_0076.mp4,gs://labios-argentos-vsr-clean-v1/argentina/new_discovery/clips_with_audio/ITovsJg-q5c/clip_0076.mp4,C:\Users\bianc\NLP Natural Language Processing\labios-argentos\data_release\work\new_discovery_asr\transcripts\turbo\ITovsJg-q5c\clip_0076.txt,gs://labios-argentos-vsr-clean-v1/argentina/new_discovery/transcripts/turbo/ITovsJg-q5c/clip_0076.txt,porque yo creo que la gente se pregunta ¿para qué? y fíjate que es una pregunta,es,6.016,completed_asr,
argentina/new_discovery,ITovsJg-q5c,new_discovery::ITovsJg-q5c::clip_0077,clip_0077,turbo,turbo,cpu,int8,C:\Users\bianc\NLP Natural Language Processing\labios-argentos\data_release\work\new_discovery_ingest\ITovsJg-q5c\clips_with_audio\clip_0077.mp4,gs://labios-argentos-vsr-clean-v1/argentina/new_discovery/clips_with_audio/ITovsJg-q5c/clip_0077.mp4,C:\Users\bianc\NLP Natural Language Processing\labios-argentos\data_release\work\new_discovery_asr\transcripts\turbo\ITovsJg-q5c\clip_0077.txt,gs://labios-argentos-vsr-clean-v1/argentina/new_discovery/transcripts/turbo/ITovsJg-q5c/clip_0077.txt,utilitarista es una pregunta muy de nuestra época de la época que vivimos donde todo tiene que tener un ser,es,6.016,completed_asr,
argentina/new_discovery,ITovsJg-q5c,new_discovery::ITovsJg-q5c::clip_0078,clip_0078,turbo,turbo,cpu,int8,C:\Users\bianc\NLP Natural Language Processing\labios-argentos\data_release\work\new_discovery_ingest\ITovsJg-q5c\clips_with_audio\clip_0078.mp4,gs://labios-argentos-vsr-clean-v1/argentina/new_discovery/clips_with_audio/ITovsJg-q5c/clip_0078.mp4,C:\Users\bianc\NLP Natural Language Processing\labios-argentos\data_release\work\new_discovery_asr\transcripts\turbo\ITovsJg-q5c\clip_0078.txt,gs://labios-argentos-vsr-clean-v1/argentina/new_discovery/transcripts/turbo/ITovsJg-q5c/clip_0078.txt,"sentido utilitario. Bueno, ¿para qué vas a hacer eso? ¿Para qué vas a estudiar aquello? ¿Para qué te vas a casar si así estás bien?",es,6.016,completed_asr,
argentina/new_discovery,ITovsJg-q5c,new_discovery::ITovsJg-q5c::clip_0079,clip_0079,turbo,turbo,cpu,int8,C:\Users\bianc\NLP Natural Language Processing\labios-argentos\data_release\work\new_discovery_ingest\ITovsJg-q5c\clips_with_audio\clip_0079.mp4,gs://labios-argentos-vsr-clean-v1/argentina/new_discovery/clips_with_audio/ITovsJg-q5c/clip_0079.mp4,C:\Users\bianc\NLP Natural Language Processing\labios-argentos\data_release\work\new_discovery_asr\transcripts\turbo\ITovsJg-q5c\clip_0079.txt,gs://labios-argentos-vsr-clean-v1/argentina/new_discovery/transcripts/turbo/ITovsJg-q5c/clip_0079.txt,"¿Para qué? Y yo creo que la pregunta hay que invertirla, hay que cambiarla, hay que cambiar el para qué.",es,6.016,completed_asr,
argentina/new_discovery,ITovsJg-q5c,new_discovery::ITovsJg-q5c::clip_0080,clip_0080,turbo,turbo,cpu,int8,C:\Users\bianc\NLP Natural Language Processing\labios-argentos\data_release\work\new_discovery_ingest\ITovsJg-q5c\clips_with_audio\clip_0080.mp4,gs://labios-argentos-vsr-clean-v1/argentina/new_discovery/clips_with_audio/ITovsJg-q5c/clip_0080.mp4,C:\Users\bianc\NLP Natural Language Processing\labios-argentos\data_release\work\new_discovery_asr\transcripts\turbo\ITovsJg-q5c\clip_0080.txt,gs://labios-argentos-vsr-clean-v1/argentina/new_discovery/transcripts/turbo/ITovsJg-q5c/clip_0080.txt,"por el por qué. ¿Por qué estás vivo? Digo, ¿por qué? Contame.",es,6.016,completed_asr,
argentina/new_discovery,ITovsJg-q5c,new_discovery::ITovsJg-q5c::clip_0081,clip_0081,turbo,turbo,cpu,int8,C:\Users\bianc\NLP Natural Language Processing\labios-argentos\data_release\work\new_discovery_ingest\ITovsJg-q5c\clips_with_audio\clip_0081.mp4,gs://labios-argentos-vsr-clean-v1/argentina/new_discovery/clips_with_audio/ITovsJg-q5c/clip_0081.mp4,C:\Users\bianc\NLP Natural Language Processing\labios-argentos\data_release\work\new_discovery_asr\transcripts\turbo\ITovsJg-q5c\clip_0081.txt,gs://labios-argentos-vsr-clean-v1/argentina/new_discovery/transcripts/turbo/ITovsJg-q5c/clip_0081.txt,¿Por qué querés seguir estando vivo? ¿Por qué te importa la vida? A mí me parece que...,es,6.016,completed_asr,
argentina/new_discovery,ITovsJg-q5c,new_discovery::ITovsJg-q5c::clip_0082,clip_0082,turbo,turbo,cpu,int8,C:\Users\bianc\NLP Natural Language Processing\labios-argentos\data_release\work\new_discovery_ingest\ITovsJg-q5c\clips_with_audio\clip_0082.mp4,gs://labios-argentos-vsr-clean-v1/argentina/new_discovery/clips_with_audio/ITovsJg-q5c/clip_0082.mp4,C:\Users\bianc\NLP Natural Language Processing\labios-argentos\data_release\work\new_discovery_asr\transcripts\turbo\ITovsJg-q5c\clip_0082.txt,gs://labios-argentos-vsr-clean-v1/argentina/new_discovery/transcripts/turbo/ITovsJg-q5c/clip_0082.txt,"A veces lo que nos falta es eso, es un porqué, es un motivo.",es,6.016,completed_asr,
argentina/new_discovery,ITovsJg-q5c,new_discovery::ITovsJg-q5c::clip_0083,clip_0083,turbo,turbo,cpu,int8,C:\Users\bianc\NLP Natural Language Processing\labios-argentos\data_release\work\new_discovery_ingest\ITovsJg-q5c\clips_with_audio\clip_0083.mp4,gs://labios-argentos-vsr-clean-v1/argentina/new_discovery/clips_with_audio/ITovsJg-q5c/clip_0083.mp4,C:\Users\bianc\NLP Natural Language Processing\labios-argentos\data_release\work\new_discovery_asr\transcripts\turbo\ITovsJg-q5c\clip_0083.txt,gs://labios-argentos-vsr-clean-v1/argentina/new_discovery/transcripts/turbo/ITovsJg-q5c/clip_0083.txt,un deseo que le dé a nuestra existencia un sentido.,es,6.016,completed_asr,
argentina/new_discovery,ITovsJg-q5c,new_discovery::ITovsJg-q5c::clip_0084,clip_0084,turbo,turbo,cpu,int8,C:\Users\bianc\NLP Natural Language Processing\labios-argentos\data_release\work\new_discovery_ingest\ITovsJg-q5c\clips_with_audio\clip_0084.mp4,gs://labios-argentos-vsr-clean-v1/argentina/new_discovery/clips_with_audio/ITovsJg-q5c/clip_0084.mp4,C:\Users\bianc\NLP Natural Language Processing\labios-argentos\data_release\work\new_discovery_asr\transcripts\turbo\ITovsJg-q5c\clip_0084.txt,gs://labios-argentos-vsr-clean-v1/argentina/new_discovery/transcripts/turbo/ITovsJg-q5c/clip_0084.txt,la vida de por sí no tiene ningún sentido digo vivimos,es,6.016,completed_asr,
argentina/new_discovery,ITovsJg-q5c,new_discovery::ITovsJg-q5c::clip_0085,clip_0085,turbo,turbo,cpu,int8,C:\Users\bianc\NLP Natural Language Processing\labios-argentos\data_release\work\new_discovery_ingest\ITovsJg-q5c\clips_with_audio\clip_0085.mp4,gs://labios-argentos-vsr-clean-v1/argentina/new_discovery/clips_with_audio/ITovsJg-q5c/clip_0085.mp4,C:\Users\bianc\NLP Natural Language Processing\labios-argentos\data_release\work\new_discovery_asr\transcripts\turbo\ITovsJg-q5c\clip_0085.txt,gs://labios-argentos-vsr-clean-v1/argentina/new_discovery/transcripts/turbo/ITovsJg-q5c/clip_0085.txt,"permitime jugar un poco con una idea nischiana, ¿no? Vivimos en un oscuro",es,6.016,completed_asr,
argentina/new_discovery,ITovsJg-q5c,new_discovery::ITovsJg-q5c::clip_0086,clip_0086,turbo,turbo,cpu,int8,C:\Users\bianc\NLP Natural Language Processing\labios-argentos\data_release\work\new_discovery_ingest\ITovsJg-q5c\clips_with_audio\clip_0086.mp4,gs://labios-argentos-vsr-clean-v1/argentina/new_discovery/clips_with_audio/ITovsJg-q5c/clip_0086.mp4,C:\Users\bianc\NLP Natural Language Processing\labios-argentos\data_release\work\new_discovery_asr\transcripts\turbo\ITovsJg-q5c\clip_0086.txt,gs://labios-argentos-vsr-clean-v1/argentina/new_discovery/transcripts/turbo/ITovsJg-q5c/clip_0086.txt,"cascote que gira alrededor del sol de un mozo onzo, decía él, ¿no?",es,6.016,completed_asr,
argentina/new_discovery,ITovsJg-q5c,new_discovery::ITovsJg-q5c::clip_0087,clip_0087,turbo,turbo,cpu,int8,C:\Users\bianc\NLP Natural Language Processing\labios-argentos\data_release\work\new_discovery_ingest\ITovsJg-q5c\clips_with_audio\clip_0087.mp4,gs://labios-argentos-vsr-clean-v1/argentina/new_discovery/clips_with_audio/ITovsJg-q5c/clip_0087.mp4,C:\Users\bianc\NLP Natural Language Processing\labios-argentos\data_release\work\new_discovery_asr\transcripts\turbo\ITovsJg-q5c\clip_0087.txt,gs://labios-argentos-vsr-clean-v1/argentina/new_discovery/transcripts/turbo/ITovsJg-q5c/clip_0087.txt,"Pero claro, lo que pasa es que en este cascote apareció un ser que se preguntó por el sentido de la vida.",es,6.016,completed_asr,
argentina/new_discovery,ITovsJg-q5c,new_discovery::ITovsJg-q5c::clip_0088,clip_0088,turbo,turbo,cpu,int8,C:\Users\bianc\NLP Natural Language Processing\labios-argentos\data_release\work\new_discovery_ingest\ITovsJg-q5c\clips_with_audio\clip_0088.mp4,gs://labios-argentos-vsr-clean-v1/argentina/new_discovery/clips_with_audio/ITovsJg-q5c/clip_0088.mp4,C:\Users\bianc\NLP Natural Language Processing\labios-argentos\data_release\work\new_discovery_asr\transcripts\turbo\ITovsJg-q5c\clip_0088.txt,gs://labios-argentos-vsr-clean-v1/argentina/new_discovery/transcripts/turbo/ITovsJg-q5c/clip_0088.txt,Un ser que inventó la guitarra con la que tocaba Paco de Lucía.,es,6.016,completed_asr,
argentina/new_discovery,ITovsJg-q5c,new_discovery::ITovsJg-q5c::clip_0089,clip_0089,turbo,turbo,cpu,int8,C:\Users\bianc\NLP Natural Language Processing\labios-argentos\data_release\work\new_discovery_ingest\ITovsJg-q5c\clips_with_audio\clip_0089.mp4,gs://labios-argentos-vsr-clean-v1/argentina/new_discovery/clips_with_audio/ITovsJg-q5c/clip_0089.mp4,C:\Users\bianc\NLP Natural Language Processing\labios-argentos\data_release\work\new_discovery_asr\transcripts\turbo\ITovsJg-q5c\clip_0089.txt,gs://labios-argentos-vsr-clean-v1/argentina/new_discovery/transcripts/turbo/ITovsJg-q5c/clip_0089.txt,"que inventó los libros que escribieron Shakespeare y Cervantes,",es,6.016,completed_asr,
argentina/new_discovery,ITovsJg-q5c,new_discovery::ITovsJg-q5c::clip_0090,clip_0090,turbo,turbo,cpu,int8,C:\Users\bianc\NLP Natural Language Processing\labios-argentos\data_release\work\new_discovery_ingest\ITovsJg-q5c\clips_with_audio\clip_0090.mp4,gs://labios-argentos-vsr-clean-v1/argentina/new_discovery/clips_with_audio/ITovsJg-q5c/clip_0090.mp4,C:\Users\bianc\NLP Natural Language Processing\labios-argentos\data_release\work\new_discovery_asr\transcripts\turbo\ITovsJg-q5c\clip_0090.txt,gs://labios-argentos-vsr-clean-v1/argentina/new_discovery/transcripts/turbo/ITovsJg-q5c/clip_0090.txt,"la ciencia de Einstein. Es decir, existió alguien, apareció alguien que se preguntó...",es,6.016,completed_asr,
argentina/new_discovery,ITovsJg-q5c,new_discovery::ITovsJg-q5c::clip_0091,clip_0091,turbo,turbo,cpu,int8,C:\Users\bianc\NLP Natural Language Processing\labios-argentos\data_release\work\new_discovery_ingest\ITovsJg-q5c\clips_with_audio\clip_0091.mp4,gs://labios-argentos-vsr-clean-v1/argentina/new_discovery/clips_with_audio/ITovsJg-q5c/clip_0091.mp4,C:\Users\bianc\NLP Natural Language Processing\labios-argentos\data_release\work\new_discovery_asr\transcripts\turbo\ITovsJg-q5c\clip_0091.txt,gs://labios-argentos-vsr-clean-v1/argentina/new_discovery/transcripts/turbo/ITovsJg-q5c/clip_0091.txt,"está bien, en un universo sin mucho sentido, ¿por qué nosotros",es,6.016,completed_asr,
argentina/new_discovery,ITovsJg-q5c,new_discovery::ITovsJg-q5c::clip_0092,clip_0092,turbo,turbo,cpu,int8,C:\Users\bianc\NLP Natural Language Processing\labios-argentos\data_release\work\new_discovery_ingest\ITovsJg-q5c\clips_with_audio\clip_0092.mp4,gs://labios-argentos-vsr-clean-v1/argentina/new_discovery/clips_with_audio/ITovsJg-q5c/clip_0092.mp4,C:\Users\bianc\NLP Natural Language Processing\labios-argentos\data_release\work\new_discovery_asr\transcripts\turbo\ITovsJg-q5c\clip_0092.txt,gs://labios-argentos-vsr-clean-v1/argentina/new_discovery/transcripts/turbo/ITovsJg-q5c/clip_0092.txt,"nosotros tampoco tenemos que tener uno. Y ahí aparece, me parece, el verdadero desafío del ser humano.",es,6.016,completed_asr,
argentina/new_discovery,ITovsJg-q5c,new_discovery::ITovsJg-q5c::clip_0093,clip_0093,turbo,turbo,cpu,int8,C:\Users\bianc\NLP Natural Language Processing\labios-argentos\data_release\work\new_discovery_ingest\ITovsJg-q5c\clips_with_audio\clip_0093.mp4,gs://labios-argentos-vsr-clean-v1/argentina/new_discovery/clips_with_audio/ITovsJg-q5c/clip_0093.mp4,C:\Users\bianc\NLP Natural Language Processing\labios-argentos\data_release\work\new_discovery_asr\transcripts\turbo\ITovsJg-q5c\clip_0093.txt,gs://labios-argentos-vsr-clean-v1/argentina/new_discovery/transcripts/turbo/ITovsJg-q5c/clip_0093.txt,en encontrarle un porqué a su existencia. Yo a esa persona que el tiempo se...,es,6.016,completed_asr,
argentina/new_discovery,ITovsJg-q5c,new_discovery::ITovsJg-q5c::clip_0094,clip_0094,turbo,turbo,cpu,int8,C:\Users\bianc\NLP Natural Language Processing\labios-argentos\data_release\work\new_discovery_ingest\ITovsJg-q5c\clips_with_audio\clip_0094.mp4,gs://labios-argentos-vsr-clean-v1/argentina/new_discovery/clips_with_audio/ITovsJg-q5c/clip_0094.mp4,C:\Users\bianc\NLP Natural Language Processing\labios-argentos\data_release\work\new_discovery_asr\transcripts\turbo\ITovsJg-q5c\clip_0094.txt,gs://labios-argentos-vsr-clean-v1/argentina/new_discovery/transcripts/turbo/ITovsJg-q5c/clip_0094.txt,"se le hace largo, me la imagino desconectada de sus propios derechos.",es,6.016,completed_asr,
argentina/new_discovery,ITovsJg-q5c,new_discovery::ITovsJg-q5c::clip_0095,clip_0095,turbo,turbo,cpu,int8,C:\Users\bianc\NLP Natural Language Processing\labios-argentos\data_release\work\new_discovery_ingest\ITovsJg-q5c\clips_with_audio\clip_0095.mp4,gs://labios-argentos-vsr-clean-v1/argentina/new_discovery/clips_with_audio/ITovsJg-q5c/clip_0095.mp4,C:\Users\bianc\NLP Natural Language Processing\labios-argentos\data_release\work\new_discovery_asr\transcripts\turbo\ITovsJg-q5c\clip_0095.txt,gs://labios-argentos-vsr-clean-v1/argentina/new_discovery/transcripts/turbo/ITovsJg-q5c/clip_0095.txt,deseos. Me lo imagino sin proyectos. ¿Por qué?,es,6.016,completed_asr,
argentina/new_discovery,ITovsJg-q5c,new_discovery::ITovsJg-q5c::clip_0096,clip_0096,turbo,turbo,cpu,int8,C:\Users\bianc\NLP Natural Language Processing\labios-argentos\data_release\work\new_discovery_ingest\ITovsJg-q5c\clips_with_audio\clip_0096.mp4,gs://labios-argentos-vsr-clean-v1/argentina/new_discovery/clips_with_audio/ITovsJg-q5c/clip_0096.mp4,C:\Users\bianc\NLP Natural Language Processing\labios-argentos\data_release\work\new_discovery_asr\transcripts\turbo\ITovsJg-q5c\clip_0096.txt,gs://labios-argentos-vsr-clean-v1/argentina/new_discovery/transcripts/turbo/ITovsJg-q5c/clip_0096.txt,"Porque, digo, yo soy mayor que ustedes, pero...",es,6.016,completed_asr,
argentina/new_discovery,ITovsJg-q5c,new_discovery::ITovsJg-q5c::clip_0097,clip_0097,turbo,turbo,cpu,int8,C:\Users\bianc\NLP Natural Language Processing\labios-argentos\data_release\work\new_discovery_ingest\ITovsJg-q5c\clips_with_audio\clip_0097.mp4,gs://labios-argentos-vsr-clean-v1/argentina/new_discovery/clips_with_audio/ITovsJg-q5c/clip_0097.mp4,C:\Users\bianc\NLP Natural Language Processing\labios-argentos\data_release\work\new_discovery_asr\transcripts\turbo\ITovsJg-q5c\clip_0097.txt,gs://labios-argentos-vsr-clean-v1/argentina/new_discovery/transcripts/turbo/ITovsJg-q5c/clip_0097.txt,"más tarde o más temprano también se van a morir, ¿no? Y lo saben, porque son...",es,6.016,completed_asr,
argentina/new_discovery,ITovsJg-q5c,new_discovery::ITovsJg-q5c::clip_0098,clip_0098,turbo,turbo,cpu,int8,C:\Users\bianc\NLP Natural Language Processing\labios-argentos\data_release\work\new_discovery_ingest\ITovsJg-q5c\clips_with_audio\clip_0098.mp4,gs://labios-argentos-vsr-clean-v1/argentina/new_discovery/clips_with_audio/ITovsJg-q5c/clip_0098.mp4,C:\Users\bianc\NLP Natural Language Processing\labios-argentos\data_release\work\new_discovery_asr\transcripts\turbo\ITovsJg-q5c\clip_0098.txt,gs://labios-argentos-vsr-clean-v1/argentina/new_discovery/transcripts/turbo/ITovsJg-q5c/clip_0098.txt,"personas inteligentes, lo saben y no lo niegan todo el tiempo. ¿Y cómo hacemos entonces?",es,6.016,completed_asr,
argentina/new_discovery,ITovsJg-q5c,new_discovery::ITovsJg-q5c::clip_0099,clip_0099,turbo,turbo,cpu,int8,C:\Users\bianc\NLP Natural Language Processing\labios-argentos\data_release\work\new_discovery_ingest\ITovsJg-q5c\clips_with_audio\clip_0099.mp4,gs://labios-argentos-vsr-clean-v1/argentina/new_discovery/clips_with_audio/ITovsJg-q5c/clip_0099.mp4,C:\Users\bianc\NLP Natural Language Processing\labios-argentos\data_release\work\new_discovery_asr\transcripts\turbo\ITovsJg-q5c\clip_0099.txt,gs://labios-argentos-vsr-clean-v1/argentina/new_discovery/transcripts/turbo/ITovsJg-q5c/clip_0099.txt,para transitar todos nuestros días sin vivir angustiados sabiendo,es,6.016,completed_asr,
