url,title,channel,channel_url,video_id,duration,duration_minutes,width,height,fps,upload_date,view_count,language,tags,source_type,expected_accent,expected_speaker_count,query,search_rank,notes
https://www.youtube.com/watch?v=anxzhg7NxUA,99dosmil - Todo el Día Pensando (Video Oficial),99dosmil,https://www.youtube.com/channel/UCsHJM5W5VZWPhh2A02ffxZQ,anxzhg7NxUA,285,4.75,640,360,25,20260304,334930,es,,other,unknown,unknown,podcast argentino entrevista camara fija,1,prefilter_reject:duracion_menor_a_480s
https://www.youtube.com/watch?v=KS4dCIP4JrE,¡Gaspi va a la heladería!,Bat Flicks & Ink,https://www.youtube.com/channel/UCosq89YF0x7ImOe9dKbLHpw,KS4dCIP4JrE,105,1.75,640,352,30,20220811,1230388,es,,other,unknown,unknown,podcast argentino entrevista camara fija,2,prefilter_reject:duracion_menor_a_480s
https://www.youtube.com/watch?v=3DU520MCIO4,VUELAPELUCAS 3000: Encuentro de Artistas en La Pampa - EN EL VACÍO PODCAST,EN EL VACÍO,https://www.youtube.com/channel/UCoi2nKLA2fadiCqgXVVul2A,3DU520MCIO4,2633,43.883,640,360,30,20250130,210,es,podcast|en el vacío|en el vacío podcast|vuelapelucas 3000|vuela|juanito png|pamilo ceirone|pancho del pueblo|taka|takashoshi|nft|solana|ethereum|zora|crypto art|la pampa|victorica,podcast,argentino/rioplatense_probable,1-2,podcast argentino entrevista camara fija,3,prefilter_reject:rechazo_keyword:tiktok
https://www.youtube.com/watch?v=7o3kTnxB664,En Vilo #115 con Ta'crack,EN VILO,https://www.youtube.com/channel/UCLlZfeVVoJLC4u5NOouoJ5Q,7o3kTnxB664,1037,17.283,640,360,30,20260410,517,,,other,unknown,unknown,podcast argentino entrevista camara fija,4,ytsearch_metadata_no_download
https://www.youtube.com/watch?v=m6jfZa00vkY,"ESTOY FUERA | Corto ganador 1er premio concurso ""Hacé cine"" ECU.",Ismael Krall,https://www.youtube.com/channel/UCkhZpbl2iz6E7SsU3NWpBQw,m6jfZa00vkY,60,1.0,640,360,24,20190119,1825335,,short film|minuto|1 minute|uruguay|corto|cortometraje|short|winner|ecu|concurso,educational,unknown,1,podcast argentino entrevista camara fija,5,prefilter_reject:duracion_menor_a_480s
https://www.youtube.com/watch?v=Gdi-M-RwNao,1 Hombre Construido vs 7 Mujeres Modernas | Rodeados con Matías Laca,La Cruda Verdad Podcast,https://www.youtube.com/channel/UCbIsVQyn2UfiTcdnbt7tEhA,Gdi-M-RwNao,6346,105.767,640,360,30,20260227,239002,es,,podcast,unknown,1-2,podcast argentino entrevista camara fija,6,prefilter_reject:rechazo_keyword:musica
https://www.youtube.com/watch?v=0lJ1Y6xyxsY,VALE ACEVEDO En La Pileta De Blest - APÓSTROFE LIVE MUSIC SESSIONS,Apóstrofe,https://www.youtube.com/channel/UCr94O0DXHFDH3k09s1P-xLw,0lJ1Y6xyxsY,1046,17.433,640,360,24,20210725,43638,es,vale|acevedo|vale acevedo|pileta de blest|blest palermo|live session|live music session|apostrofe|apóstrofe|apostrofe live music|tiny desk|pileta,other,argentino/rioplatense_probable,unknown,podcast argentino entrevista camara fija,7,ytsearch_metadata_no_download
https://www.youtube.com/watch?v=vlejYMsa00Y,PROHIBIDO DORMIR: 5 Horas de Relatos Reales SIN INTERRUPCIONES (Especial de Colección),PARANORMAL AND UFOs,https://www.youtube.com/channel/UC_1OvMBLlYzIyKJAvNHnLdA,vlejYMsa00Y,18104,301.733,640,360,30,20260426,3325,es,POP|HECTOR|ROSSI|PARANORMAL|TRASNOCHE|LOCUTOR,interview,argentino/rioplatense_probable,1-2,podcast argentino entrevista camara fija,8,prefilter_reject:duracion_mayor_a_14400s
https://www.youtube.com/watch?v=8Ax26bhTBM4,La mejor camara para Streaming y podcast || GUIA 2025,Martin De Iuliis,https://www.youtube.com/channel/UCTBfxr-ZxHJqjKbC5BCakHQ,8Ax26bhTBM4,501,8.35,640,360,25,20251215,6027,es,guia streaming|martindeiuliis|martin de iuliis|embajada|embajador sony|la embajada estudio|la embajada productora|sony alpha|sony fr7|streaming|mejor camara para streaming|guia|tutorial|review,podcast,argentino/rioplatense_probable,1-2,streamer argentino charla larga facecam,1,ytsearch_metadata_no_download
https://www.youtube.com/watch?v=SimBGCewqHs,Las 5 MEJORES Webcams Para Streaming en 2025/2026!,TiltEdward,https://www.youtube.com/channel/UCUc-IlxTa96nmruSaKuvfqw,SimBGCewqHs,569,9.483,640,360,30,20250212,124787,es,best camera|best mirrorless camera|best camera for youtube|webcam|Streaming|webcams calidad precio|webcams colombia|webcams|camaras de streaming|camaras de stream|camara para streaming|camara para streaming calidad precio|obs studio|obs|logitech mx brio ultra hd 4k|logitech mx brio|logitech brio 4k|logitech c920|logitech brio|streamplify cam,streamer,unknown,1,streamer argentino charla larga facecam,2,prefilter_reject:rechazo_keyword:tiktok
https://www.youtube.com/watch?v=imYBX3EfJ2w,La mejor webcam 4k BBB para streaming y creación de contenido? Emeet S600 vs Logitech c920,CaroKokoGG,https://www.youtube.com/channel/UCCbJg3zeQEMriDk45FQUCAw,imYBX3EfJ2w,671,11.183,640,360,30,20241126,66096,es,,streamer,unknown,1,streamer argentino charla larga facecam,3,ytsearch_metadata_no_download
https://www.youtube.com/watch?v=ecAe6lheTOA,La Mejor Webcam Barata Para Streamers,Duodedos,https://www.youtube.com/channel/UCey6VRtUzCQkBl_qpRPhiww,ecAe6lheTOA,277,4.617,640,360,30,20231123,64687,es,duodedos|yayas de duodedos|duodedos consejos|yayasduo|ayuda duodedos|duodedos twitch|yayas consejos|cómo ser streamer|duodedos youtube|cómo crecer en youtube,streamer,unknown,1,streamer argentino charla larga facecam,4,prefilter_reject:duracion_menor_a_480s
https://www.youtube.com/watch?v=PPg0fBniLTQ,Las Mejores Webcams 4K para 2026 (Baratas VS Pros),Gallardo Reviews,https://www.youtube.com/channel/UCAokj3x3ab8idvx1W3HOBlg,PPg0fBniLTQ,745,12.417,640,360,30,20251221,33699,es,webcams 4k|mejor webcam 2026|mejores webcams 4k|webcam 4k barata|webcam 4k calidad precio|webcam para videollamadas|webcam para streaming|webcam para clases online|webcam para trabajar desde casa|webcam con inteligencia artificial|webcam con tracking|webcam con seguimiento automatico|webcam 4k 60fps|elgato facecam 4k|insta360 link 2|obsbot tiny 2 lite|obsbot meet 2|ugreen webcam 4k|comparativa webcams|review webcams,streamer,unknown,1,streamer argentino charla larga facecam,5,prefilter_reject:rechazo_keyword:letra
https://www.youtube.com/watch?v=2iP3xPX2Iww,Las 5 Mejores Webcams Para Streaming 2026 | Calidad-Precio en Mercado Libre,La Mejor Opción ,https://www.youtube.com/channel/UCnhql_o0yJZIClvsTuV_oMQ,2iP3xPX2Iww,511,8.517,640,360,30,20251116,7228,es,webcams baratas para stream|webcam para stream|la mejor webcam calidad precio|mejores webcams 2026|webcams para streaming|webcams calidad precio|camaras para streaming 2026|mejores webcams mercado libre|webcam logitech c920|logitech brio 100|emeer pixy ptz 4k|webcam para twitch|webcam para youtube|webcams baratas 2026|cual webcam comprar 2026|top 5 webcams 2026|mejores camaras para videollamadas|camara para zoom|camara para clases online|webcam 4k barata,streamer,unknown,1,streamer argentino charla larga facecam,6,ytsearch_metadata_no_download
https://www.youtube.com/watch?v=fd-ApV6WZzI,¿Cómo conectar mi cámara al celular para transmitir en vivo con - DOMO STREAM?,Kerigma Films,https://www.youtube.com/channel/UCk85VzzoeaVe2hFboWoVZuQ,fd-ApV6WZzI,110,1.833,640,360,30,20250603,17956,es,camlink|el gato capture|tarjeta el gato|livetream|Domo Stream|Streaming,streamer,unknown,1,streamer argentino charla larga facecam,7,prefilter_reject:duracion_menor_a_480s
https://www.youtube.com/watch?v=LEoQyiDObx4,🔴 Convierte  tu CELULAR en una 📱WEBCAM ► Y envía a OBS Studio 2024,"Luces, Cámara, Aprendo",https://www.youtube.com/channel/UCBzmoWPpXEGHeKj7TSET4Sg,LEoQyiDObx4,1381,23.017,640,360,30,20240926,134594,es,Luces Camara Aprendo|usar celular como webcam|aplicaciones para celular 2024|celular obs webcam|obs celular a pc|cómo usar celular como webcam por USB|cómo usar celular como webcam en OBS|cómo usar celular como webcam y micrófono en Windows|ivcam|vdo ninja|droidcam obs|usar celular como webcam en zoom|usar camara de celular como webcam|usar el celular como camara web|Cómo usar tu teléfono Android como Webcam en Windows|obs studio|iriun webcam,streamer,unknown,1,streamer argentino charla larga facecam,8,ytsearch_metadata_no_download
https://www.youtube.com/watch?v=Sm_N7WYpofQ,NAHIR GALARZA: la entrevista desde la cárcel de Paraná con NATI JOTA Y PAULO KABLAN,OLGA,https://www.youtube.com/channel/UC7mJ2EDXFomeDIRFu5FtEbA,Sm_N7WYpofQ,4877,81.283,640,360,25,20260608,2395166,es,olga|olga en vivo|olgaenvivo|migue granados|olga tv|olgatv|olga migue granados|migue granados olga|nati jota,interview,argentino/rioplatense_probable,1-2,entrevista argentina completa,1,prefilter_reject:rechazo_keyword:tiktok
https://www.youtube.com/watch?v=R3f0x1IJvhI,"GUILLERMO FRANCELLA, UN LUJO COMO PRIMER INVITADO DE OTRO DÍA PERDIDO || ENTREVISTA COMPLETA",eltrece,https://www.youtube.com/channel/UC0DM_mHV2u6dj8ig51GkQwg,R3f0x1IJvhI,1761,29.35,640,360,25,20250715,610231,es,pergolini eltrece|mario pergolini|otro día perdido|eltrece|big show|late night show|otro día perdido estreno|estreno|pergolini|la vuelta de pergolini|volvio pergolini|otro dia perdido|rada|agustin aristaran|soy rada|laila roth|guillermo francella|francella|franchela,interview,argentino/rioplatense_probable,1-2,entrevista argentina completa,2,ytsearch_metadata_no_download
https://www.youtube.com/watch?v=6ohZOktxMoY,Dante Gebel en #LuisNovaresioEntrevista | Programa Completo (22/04/26),A24com,https://www.youtube.com/channel/UCR9120YBAqMfntqgRTKmkjQ,6ohZOktxMoY,3370,56.167,640,360,25,20260423,329617,es,LUIS NOVARESIO ENTREVISTA|PGM|Programa Completo|RIVER CHURCH|superclasico|juventud|guebel|nobaresio|navarecio|nobarecio|dante gevel|dante guebel|dante guevel,interview,argentino/rioplatense_probable,1-2,entrevista argentina completa,3,prefilter_reject:rechazo_keyword:tiktok
https://www.youtube.com/watch?v=qs1PovHocmU,"Yo, la reina del boliche, por Mauro Szeta - Telefe Noticias",Telefe Noticias,https://www.youtube.com/channel/UChxGASjdNEYHhVKpl667Huw,qs1PovHocmU,541,9.017,640,360,25,20191010,2445530,es,Telefe|mauro szeta|mauro zeta|entrevistas de szeta|entrevistas de mauro szeta|presa|estupefacientes|drogas|Camberlaind|telefe noticias|noticias,interview,argentino/rioplatense_probable,1-2,entrevista argentina completa,4,ytsearch_metadata_no_download
https://www.youtube.com/watch?v=zcasomU6Ios,"""Mato al chorro, mato al juez"" ENTREVISTA COMPLETA ORIGINAL.",Sentidos Audiovisuales,https://www.youtube.com/channel/UCDzG9s2RDvroAGY72pJtbDw,zcasomU6Ios,348,5.8,640,360,25,20220301,581173,es,sos inimputable|sos inimputable hermano|viejo inimputable|inimputable|matalo a ese guacho|mato al chorro|mato a la policia|mato al juez|jubilado mato|jubilado mato a delincuente,interview,unknown,1-2,entrevista argentina completa,5,prefilter_reject:duracion_menor_a_480s
https://www.youtube.com/watch?v=Xmh0vaJqFr8,Pablo Martínez en Saber Ver (03/09/2013),Saber Ver,https://www.youtube.com/channel/UCM4yOo4K5y1kX9ac6OcyUTQ,Xmh0vaJqFr8,416,6.933,450,360,25,20130904,2539323,es,Pablo Martínez Saber Ver somos bahia cablevision,other,unknown,unknown,entrevista argentina completa,6,prefilter_reject:duracion_menor_a_480s
https://www.youtube.com/watch?v=ww-qZNwQ1pM,Jaime Bayly en #LuisNovaresioEntrevista | Programa completo (07/05/26),A24com,https://www.youtube.com/channel/UCR9120YBAqMfntqgRTKmkjQ,ww-qZNwQ1pM,3296,54.933,640,360,25,20260511,121572,es,,interview,argentino/rioplatense_probable,1-2,entrevista argentina completa,7,prefilter_reject:rechazo_keyword:tiktok
https://www.youtube.com/watch?v=tnSHZ1ylnXY,"Mario Pergolini con Pedro Aznar y David Lebón: Entrevista Completa - ""Uno"" | Vorterix",Vorterix,https://www.youtube.com/channel/UCvCTWHCbBC0b9UIeLeNs8ug,tnSHZ1ylnXY,2845,47.417,640,360,25,20260311,186179,es,Vorterix|vorterix|Vorterix en vivo|streaming|Paren La Mano|Desde el Respeto|Pergolini|Luquitas Rodriguez|paren la mano|vorterix paren la mano|paren la mano en vivo|Paren la mano|Esto no sucedió|esto no sucedió|Mario Pergolini|entrevista mario pergolini|entrevista david lebon|entrevista pedro aznar|pedro aznar david lebon|david lebon entrevista,interview,argentino/rioplatense_probable,1-2,entrevista argentina completa,8,ytsearch_metadata_no_download
https://www.youtube.com/watch?v=EDgo3YXY4KE,Hacer visible lo invisible | Elena Santa Cruz | TEDxUBA,TEDx Talks,https://www.youtube.com/channel/UCsT0YIqwnpJCM-mx7-gSA4Q,EDgo3YXY4KE,888,14.8,640,360,25,20150615,143665,es,TEDxTalks|Spanish|Argentina|Humanities|Art|Beauty|Charter for Compassion|Compassion|Prison|Social Change,other,argentino/rioplatense_probable,unknown,charla argentina YouTube cara visible,1,ytsearch_metadata_no_download
https://www.youtube.com/watch?v=jRjwpxtrgCc,How to Show Up FIRST on YouTube Search,Think Media,https://www.youtube.com/channel/UCGxjDWAN1KwrkXYVi8CXtjQ,jRjwpxtrgCc,573,9.55,640,360,24,20220419,81322,en,how youtube search engine works|youtube seo|rank youtube videos|how to rank youtube videos|how to hack the youtube algorithm|youtube algorithm hack|youtube algorithm|how does the youtube algorithm work|youtube algorithm explained|youtube channel growth tips|hacking youtube algorithm|what is the youtube algorithm|sean cannell|think media|video seo|youtube video seo|how to rank on youtube|youtube seo tutorial|youtube seo tips|how to rank youtube videos fast,podcast,argentino/rioplatense_probable,1-2,charla argentina YouTube cara visible,2,ytsearch_metadata_no_download
https://www.youtube.com/watch?v=1uO-x8Q34mE,¿Cómo nuestra imagen nos puede movilizar? | Analia Polasek | TEDxEldorado,TEDx Talks,https://www.youtube.com/channel/UCsT0YIqwnpJCM-mx7-gSA4Q,1uO-x8Q34mE,707,11.783,640,360,25,20160920,6986,es,TEDxTalks|Spanish|Argentina|Life|Self improvement|Self-help|Visualization,other,argentino/rioplatense_probable,unknown,charla argentina YouTube cara visible,3,ytsearch_metadata_no_download
https://www.youtube.com/watch?v=v6lAF8Ep73Q,13 Misterios de Buenos Aires que te dejarán sin palabras,Ecos del Pasado Argentino: Recuerdo con nostalgia,https://www.youtube.com/channel/UC-6EzuoBMemPKPiTeTa-fyQ,v6lAF8Ep73Q,1515,25.25,640,360,30,20260629,25614,es,historias de buenos aires|mitos urbanos argentina|tragedia puente bosch|castillo castelforte adrogue|casa minima san telmo|ateneo grand splendid historia|faro querandi misterio|inquilino del obelisco|pabellon de los suicidas recoleta|tuneles manzana de las luces|hombre elefante argentino|inundacion 1985 buenos aires|documental buenos aires antiguo|pasado de buenos aires|relatos retro argentina|la argentina de antes|mitos de recoleta,other,argentino/rioplatense_probable,unknown,charla argentina YouTube cara visible,4,prefilter_reject:rechazo_keyword:compilado
https://www.youtube.com/watch?v=tr21Srpn9Gg,"González y el video viral: ""Jamás me reí de Clorinda""",Noticias Formosa,https://www.youtube.com/channel/UCPkv1q7NuXBlC8LQQivbo2w,tr21Srpn9Gg,595,9.917,640,360,25,20201216,2272,es,,educational,unknown,1,charla argentina YouTube cara visible,5,ytsearch_metadata_no_download
https://www.youtube.com/watch?v=IFgPzdWO_wU,Aprende a crear contenido para ser VIRAL en redes sociales,converzzo,https://www.youtube.com/channel/UCmIlY59NzX3Z18-PwUzLD1g,IFgPzdWO_wU,521,8.683,640,360,24,20250806,84553,es,,other,unknown,unknown,charla argentina YouTube cara visible,6,prefilter_reject:rechazo_keyword:tiktok
https://www.youtube.com/watch?v=KbYBZn7jw9I,El cuidado de lo invisible | Gabriel Heras | TEDxValladolid,TEDx Talks,https://www.youtube.com/channel/UCsT0YIqwnpJCM-mx7-gSA4Q,KbYBZn7jw9I,1200,20.0,640,360,25,20151102,127956,es,TEDxTalks|Spanish|Spain|Health|Activism|Cancer|Change|Compassion|Death|Disease|Education|Emotions|Empathy|Family|Illness|Impact|Life|Medicine|Mental health|Movement,other,unknown,unknown,charla argentina YouTube cara visible,7,ytsearch_metadata_no_download
https://www.youtube.com/watch?v=Ni0bRe4_DOI,La historia de Hidrolit: ¿Qué tiene que pasar para que una empresa valga 100 millones de dólares?,Construyendo Negocios,https://www.youtube.com/channel/UCqqIFjSF2o-S9DzjBnIdu_A,Ni0bRe4_DOI,4027,67.117,640,360,30,20260402,5022,es,soledad del emprendedor|crisis emprendedora|salud mental emprendedor|emprender en argentina|resiliencia emprendedora|estrés emprendedor|liderazgo emocional|detrás del algoritmo|mariano sirena|negocios reales|ansiedad emprendedor|burnout emprendedor|mentalidad emprendedora|crecimiento personal,educational,argentino/rioplatense_probable,1,charla argentina YouTube cara visible,8,prefilter_reject:rechazo_keyword:tiktok
https://www.youtube.com/watch?v=Dv8ktyDa-xk,SE HIZO VIRAL: La mujer que habla igual a Cristina Kirchner,eltrece,https://www.youtube.com/channel/UC0DM_mHV2u6dj8ig51GkQwg,Dv8ktyDa-xk,134,2.233,640,360,25,20210128,6123957,es,Se hizo #VIRAL: La mujer que habla igual a Cristina Kirchner|Pollo Álvarez|Sandra Borghi|Gastón Marote|Ariel Wolman|Nicole Neumann|Graciela Alfano|Karina Iavícoli|sociedad|política|economía|entertainment news|Celebrity News|Celebrity Gossip|farándula nacional|actores famosos|celebridades|LA MUJER QUE HABLA IGUAL A CRISTINA KIRCHNER|la voz de cristina kirchner,other,unknown,unknown,youtuber argentino hablando a camara,1,prefilter_reject:duracion_menor_a_480s
https://www.youtube.com/watch?v=EKW-1CA4e6o,Este reportero se dio un buen viaje durante una nota | El Mundial Qué Importa,Imagen Noticias,https://www.youtube.com/channel/UCcHtke0raf8vNYLM1Hbq3Jw,EKW-1CA4e6o,129,2.15,640,360,30,20180704,2915333,es,VIDEOS DE REPORTEROS CHISTOSO|REPORTERO EN MARCHA DE MARIHUANA|REPORTERO SE PACHEQUEA|REPORTERO SE DROGA EN MARCHA|VIDEOS GRACIOSOS|QUE IMPORTA|COMEDIA|EDUARDO VIDEGARAY|EL ESTACA|JOSE RAMON SANCRISTOBAL|LA CORNETA|PULPOMO|LA SOPA|EL PULSO DE LA REPUBLICA|LA RESOLANA|VIDEOS PARA REIR|VIDEOS CHISTOSOS|GENTE GRACIOSA|VIDEOS DE CARCAJADAS|VIDEOS VIRALES,other,argentino/rioplatense_probable,unknown,youtuber argentino hablando a camara,2,prefilter_reject:duracion_menor_a_480s
https://www.youtube.com/watch?v=Lf6Qh-iWlT0,😱ILLOJUAN reacciona  a JORDI WILD hablando CATALÁN en la TELE✨,TrendClips,https://www.youtube.com/channel/UCEraZCfJn3QlbM2OFGBHR2Q,Lf6Qh-iWlT0,36,0.6,640,360,30,20230319,1693742,,illojuan|illojuan reacciona|illojuan y jordi wild|illojuan reacciona a jordi wild de joven|illojuan reacciona a jordi wild|jordi wild en la tele|hablando catalán|no lo sabia,other,unknown,unknown,youtuber argentino hablando a camara,3,prefilter_reject:duracion_menor_a_480s
https://www.youtube.com/watch?v=MGOOML1CVIc,Tokio Hotel Hablando Español,Vanesa Cortes,https://www.youtube.com/channel/UCeJiei8ToW1gkinO3i27MwQ,MGOOML1CVIc,158,2.633,480,360,25,20111213,830302,es,te|quiego|bill,other,unknown,unknown,youtuber argentino hablando a camara,4,prefilter_reject:duracion_menor_a_480s
https://www.youtube.com/watch?v=hDaKf8icuhs,Georgina Rodríguez confiesa cómo se enamoró de Cristiano Ronaldo - El Hormiguero,Antena 3,https://www.youtube.com/channel/UC84t25xqhPEPpGY7NBZJ_eA,hDaKf8icuhs,203,3.383,640,360,25,20230327,1407249,es,Atresplayer|Antena 3|Pablo Motos|El hormiguero T17|Marron|El Hormiguero 3.0|Atresmedia|El Hormiguero|Trancas y Barrancas|Juan y Damián|Georgina Rodríguez,other,unknown,unknown,youtuber argentino hablando a camara,5,prefilter_reject:duracion_menor_a_480s
https://www.youtube.com/watch?v=1m3DT0DcA-g,"¡Donald Trump, nuevo presidente de Estados Unidos, visitó Showmatch!",eltrece,https://www.youtube.com/channel/UC0DM_mHV2u6dj8ig51GkQwg,1m3DT0DcA-g,222,3.7,640,360,25,20161112,6682928,es,eltrece|Bailando 2016|bailando por un sueño|competición|marcelo tinelli|showmatch 2016|showmatch|donald trump|presidente de estados unidos donald trump|trump|imitador de donald trump|joke|broma|nuevo presidente de Estados Unidos|donald trump new president of united states|united states|election day|new president donald trump|USA|video,other,argentino/rioplatense_probable,unknown,youtuber argentino hablando a camara,6,prefilter_reject:duracion_menor_a_480s
https://www.youtube.com/watch?v=BkF_mtwa02g,Entro a supermercados argentinos hablando CHINO (reacciones increíbles),Un Topo por el Mundo,https://www.youtube.com/channel/UCiDf-cmHEkKZ4woo2Ny7JRQ,BkF_mtwa02g,665,11.083,640,360,30,20210521,2309372,es,supermercados chinos|supermercados chinos en argentina|super chino|chino|china|hablando chino|chino mandarin|argentino hablando chino|argentino hablando chino mandarin|chinos en buenos aires|hablar chino|super chino argentina|comprar en chino|chino buenos aires|buenos aires chino|supermercados chinos rejas|barrio chino|barrio chino argentina|supermercado chino|un topo por el mundo,other,argentino/rioplatense_probable,unknown,youtuber argentino hablando a camara,7,ytsearch_metadata_no_download
https://www.youtube.com/watch?v=q_26k18E3FE,Me entrevistó Univisión por imitar varios acentos en Español | Marianna Girgenti,Marianna Girgenti,https://www.youtube.com/channel/UC-nVh-arY6EVclEpc_jmeNQ,q_26k18E3FE,308,5.133,640,360,30,20220720,4177713,es,,interview,argentino/rioplatense_probable,1-2,youtuber argentino hablando a camara,8,prefilter_reject:duracion_menor_a_480s
https://www.youtube.com/watch?v=FpKfNqDYei8,"""Tango. La música que el tiempo no ha borrado"" - Podcast #01 - Historia de un encuentro rioplatense",Chino Soto Lozano - Locutor,https://www.youtube.com/channel/UCGKDaL-juZNUYgLT9OUve7Q,FpKfNqDYei8,120,2.0,320,240,30,20170430,156,es,tango|tiempo|musica|milonga|historia|rioplatense|tita merello|libertad lamarque|julio sosa|astor piazzolla,podcast,argentino/rioplatense_probable,1-2,podcast rioplatense video completo,1,prefilter_reject:duracion_menor_a_480s
https://www.youtube.com/watch?v=1tdOI0X0phE,Así era el acento porteño en los años '90 en Argentina,GLH HaxBall,https://www.youtube.com/channel/UCe-MW2zvImdhAXeKuVyWUAA,1tdOI0X0phE,96,1.6,640,360,25,20240316,1469320,es,,interview,argentino/rioplatense_probable,1-2,podcast rioplatense video completo,2,prefilter_reject:duracion_menor_a_480s
https://www.youtube.com/watch?v=dB4HR5WpYZc,“La primera estrella” retrata la hazaña uruguaya que cambió la visión sobre el fútbol rioplatense,En Perspectiva + VIDEO ,https://www.youtube.com/channel/UCzj1iuImjo-Eb8JMELC1Jwg,dB4HR5WpYZc,1547,25.783,640,360,30,20260612,519,es,Emiliano Cotelo|radio|En Perspectiva|1170 AM|Radiomundo|Uruguay|Romina Andrioli|Periodismo,podcast,argentino/rioplatense_probable,1-2,podcast rioplatense video completo,3,ytsearch_metadata_no_download
https://www.youtube.com/watch?v=vDNy6EN7bIY,¿Cómo es el ESPAÑOL ARGENTINO FORMAL? - Argento Podcast #44,Spanish with Nico,https://www.youtube.com/channel/UCLH4dyg0-T84kf1le42XyWw,vDNy6EN7bIY,813,13.55,640,360,30,20251123,438,es,spanish|learn spanish|argentina|ARGENTINE SPANISH,podcast,argentino/rioplatense_probable,1-2,podcast rioplatense video completo,4,ytsearch_metadata_no_download
https://www.youtube.com/watch?v=1bhYeJkJdck,"Historia Argentina - Cap 1, 2, 3 y 4",tijobrae2,https://www.youtube.com/channel/UCK0mnvDJGSWCaFo2WZqfCrw,1bhYeJkJdck,6622,110.367,480,360,25,20120707,1307464,,historia|argentina|La|formación|de|un|país|Campaña|del|desierto|república|conservadora|(1890-1916)|El|modelo|agroexportador,other,argentino/rioplatense_probable,unknown,podcast rioplatense video completo,5,ytsearch_metadata_no_download
https://www.youtube.com/watch?v=KRNKHrYwWsI,Argentine Spanish: The Definitive Beginner's Guide (1 hr ),Spanish with Nico,https://www.youtube.com/channel/UCLH4dyg0-T84kf1le42XyWw,KRNKHrYwWsI,3857,64.283,640,360,30,20250831,7909,en,spanish|learn spanish|argentina,podcast,argentino/rioplatense_probable,1-2,podcast rioplatense video completo,6,ytsearch_metadata_no_download
https://www.youtube.com/watch?v=X-O-hYI5zbQ,Mi Revolución (Cuatro Pesos de Propina) con Karen Medina - Episodio 23,Omitir Intro - Podcast,https://www.youtube.com/channel/UCa1g5mE0dX8gp0wbTfr89eA,X-O-hYI5zbQ,4660,77.667,640,360,30,20210410,2150,es,uruguay|canguros|omitir intro|podcast|cuatro pesos|cuatro pesos de propina|mi revolución|rock|rock en español|rock uruguayo|omitir intro podcast|diego rossberg,podcast,unknown,1-2,podcast rioplatense video completo,7,ytsearch_metadata_no_download
https://www.youtube.com/watch?v=YRLdJ2tfklw,Peruano aprende lunfardo argentino | EP18T4,DESEMPLEADO,https://www.youtube.com/channel/UCH9og12aAJCMArcYjYqiL9w,YRLdJ2tfklw,3191,53.183,640,360,30,20230716,1730,es,podcast|videocast,other,argentino/rioplatense_probable,unknown,podcast rioplatense video completo,8,prefilter_reject:rechazo_keyword:tiktok
https://www.youtube.com/watch?v=119ZXE9bmj8,"VINO COSCU, HABLAMOS CON GIORGIO ARMAS, PALPITANDO LOS 16AVOS (30/6)",Infobae,https://www.youtube.com/channel/UCvsU0EGXN7Su7MfNqcTGNHg,119ZXE9bmj8,6158,102.633,640,360,30,20260701,52802,es,,interview,argentino/rioplatense_probable,1-2,entrevista Coscu streamers argentinos,1,prefilter_reject:rechazo_keyword:tiktok
https://www.youtube.com/watch?v=bacTwzcDN-A,Coscu le explicó a Marcelo por qué el streaming le ganó terreno a la televisión,Infobae,https://www.youtube.com/channel/UCvsU0EGXN7Su7MfNqcTGNHg,bacTwzcDN-A,1420,23.667,640,360,30,20260701,43762,es,coscu|martin perez disalvo|coscu entrevista|coscu tinelli|marcelo tinelli|streaming argentina|streamers argentinos|twitch argentina|kick argentina|youtube argentina|television argentina|tv vs streaming|coscu television|coscu streaming|la cobra|momo benavides|ibai llanos|luquita rodriguez|olga|luzu tv,interview,argentino/rioplatense_probable,1-2,entrevista Coscu streamers argentinos,2,prefilter_reject:rechazo_keyword:tiktok
https://www.youtube.com/watch?v=VPMzQVdlnAo,"ACTUALIDAD de KICK | ft Momo,Goncho,C0ker,Mernuel,Bananirou,JoacoLopez,NicoBianchix y ZZK7",Coscu TV,https://www.youtube.com/channel/UCwtzP_t-JoU3x5Yl7uAfcAw,VPMzQVdlnAo,21996,366.6,640,360,30,20251104,111408,es,,other,argentino/rioplatense_probable,unknown,entrevista Coscu streamers argentinos,3,prefilter_reject:duracion_mayor_a_14400s
https://www.youtube.com/watch?v=SuZ-KptBWAI,Coscu: “Somos pibes que la hicimos solos. No vino ni un empresario ni el más  picante” | Caja Negra,Filo News,https://www.youtube.com/channel/UC9vs8KujZ2kJ2hbg01fNRVw,SuZ-KptBWAI,3259,54.317,640,360,25,20200311,3091969,es,cosco|coscu army|entrevista coscu|quien es coscu|coscu stream|coscu streaming|entrevista coscu filo news|entrevista coscu julio leiva|caja negra coscu|coscu filonews|julio leiva coscu|Martín Pérez Disalvo|que es coscu army|coscu y coscu army|coscu cantante|coscu gamer|gamer argentina|coscu gamer argentina|coscu cantante gamer|entrevista martin perez disalvo,interview,argentino/rioplatense_probable,1-2,entrevista Coscu streamers argentinos,4,ytsearch_metadata_no_download
https://www.youtube.com/watch?v=qpG_BeBTvyk,"PREGUNTAS y RESPUESTAS con Nicolás Tagliafico, Leandro Paredes y Lautaro Martínez FT. DAVO y LACOBRA",Coscu,https://www.youtube.com/channel/UCvZ0P9-EmGz6SFUuFiZPXKw,qpG_BeBTvyk,1203,20.05,640,360,30,20221029,1018392,es,Coscu|Coscu Army|Martin Perez Disalvo|Reaccion|insta|reacciones|reaccionando|twitch|clips|PAREDES|TAGLIAFICO|LAUTARO MARTINEZ|davo xeneise|davo|lacobra|cobra|coscu argentina|coscu mundial|coscu qatar,streamer,argentino/rioplatense_probable,1,entrevista Coscu streamers argentinos,5,ytsearch_metadata_no_download
https://www.youtube.com/watch?v=eFJ0LFjETkY,COSCU Y MOMO CON IBAI (CHARLA COMPLETA),Un Poco De Ibai,https://www.youtube.com/channel/UC6rLzc40_V3Kh5n7xEhuQcQ,eFJ0LFjETkY,6686,111.433,640,360,30,20220612,521088,es,,interview,argentino/rioplatense_probable,1-2,entrevista Coscu streamers argentinos,6,prefilter_reject:rechazo_keyword:tiktok
https://www.youtube.com/watch?v=PRQEkiIWps0,Coscu Mete Un Bombazo Histórico Después De Probar Las Salsas Más Picantes Del Mundo,Terapia Picante,https://www.youtube.com/channel/UClUBHUYaOX3T3QASj_d5KBQ,PRQEkiIWps0,2443,40.717,640,360,24,20251217,1332391,es,terapia picante|salsas picantes|alan parodi|picante|coscu|caawards|stream|buenardo|cybertruck,streamer,argentino/rioplatense_probable,1,entrevista Coscu streamers argentinos,7,ytsearch_metadata_no_download
https://www.youtube.com/watch?v=joBOvTkingw,SIN FILTRO con DARELL #02 | REAL G4 LIFE,Coscu,https://www.youtube.com/channel/UCvZ0P9-EmGz6SFUuFiZPXKw,joBOvTkingw,1822,30.367,640,360,30,20251120,180670,es,Coscu|Coscu Army|Martin Perez Disalvo|Reaccion|reacciones|reaccionando|twitch|clips|reaccion|musica|martin|marto|picante|mundialdeclub|fyp|lifestyle|vlog|vlogs|blogs|veladadelaño,other,argentino/rioplatense_probable,unknown,entrevista Coscu streamers argentinos,8,ytsearch_metadata_no_download
https://www.youtube.com/watch?v=StHzTdAmojg,LA SESIÓN #1 de CARITO MÜLLER: SOBREVIVIR a tu propia MADRE y al MIEDO en casa | Sofi Calvo,HISPA,https://www.youtube.com/channel/UCMecJG9i_HHfhW_MK6hX92Q,StHzTdAmojg,5239,87.317,640,360,25,20260604,1334333,es,hispa|caro muller|carito muller|sofi calvo|la sesion|la sesion hispa|coty vs carito|parense de manos carito muller|carito muller chino toloza|chino toloza|carito muller madre|caro muller boxeo|carito muller libro|caro muller sofi calvo|carito muller sofi calvo|carito muller hispa|carito muller la sesion|coty romero|coti romero|salud mental,podcast,argentino/rioplatense_probable,1-2,influencers argentinos entrevista completa,1,prefilter_reject:rechazo_keyword:tiktok
https://www.youtube.com/watch?v=muuroLTxgFA,"QUIÉN ES MICHELO, el influencer argentino que APOYA A NICOLÁS MADURO en Venezuela",CLARÍN,https://www.youtube.com/channel/UCjMGMWnToRcQRqmyVB4R2xQ,muuroLTxgFA,273,4.55,640,360,24,20241015,80955,es,Clarín|Noticias|Información|Video|argentina|news|live|vivo|Michelo|Nicolás Maduro|Venezuela|Influencer|Salta,other,argentino/rioplatense_probable,unknown,influencers argentinos entrevista completa,2,prefilter_reject:duracion_menor_a_480s
https://www.youtube.com/watch?v=U99sM7CrNv4,Jorgito Barrionuevo contó cómo ser influencer cambió su vida y la de su familia | #NacidosEnRedes,Infobae,https://www.youtube.com/channel/UCvsU0EGXN7Su7MfNqcTGNHg,U99sM7CrNv4,1673,27.883,640,360,25,20251025,92558,es,nacidos en redes|mai pistiner|jorgito barrionuevo|creador de contenido|influencer|canje|plata|entrevista|tema nuevo|maga|tomas orange|canciones|uno no sabe lo que tiene hasta que lo pierde|musica|valentin vargas|lauty gram|broma a maga|tiktok|yo con vos no vuelvo|uno sabe lo que tiene,other,argentino/rioplatense_probable,unknown,influencers argentinos entrevista completa,3,prefilter_reject:rechazo_keyword:tiktok
https://www.youtube.com/watch?v=ytsu50Ugeow,Entrevista con ALBEREE Y GUARI,Martin Cirio,https://www.youtube.com/channel/UCunKpj3RZOlrp1jpETmScWg,ytsu50Ugeow,3790,63.167,640,360,25,20260609,1339579,es,martin cirio|la faraona,interview,argentino/rioplatense_probable,1-2,influencers argentinos entrevista completa,4,ytsearch_metadata_no_download
https://www.youtube.com/watch?v=D-9_xiGhESU,"""Me dicen PASTOR para bajarme el precio"" | Dante GEBEL con Pedro ROSEMBLAT",GELATINA,https://www.youtube.com/channel/UCWSfXECGo1qK_H7SXRaUSMg,D-9_xiGhESU,4777,79.617,640,360,30,20260423,375905,es,,interview,argentino/rioplatense_probable,1-2,influencers argentinos entrevista completa,5,prefilter_reject:rechazo_keyword:tiktok
https://www.youtube.com/watch?v=p5HLZMvJC9w,Niños de Primaria Vs Influencers | Quién sabe mas?,Valen Ferreiro,https://www.youtube.com/channel/UCPtAfkMz4HtvXbMJ6Af5yGA,p5HLZMvJC9w,1215,20.25,640,360,25,20260509,2057265,es,valen ferreiro|viral|ibai|valen ferreiro tiktok|valen ferreiro y santi motolo|santi motolo|juana la crack|toto villalba|gael|gael mernuel|bauleti gael|niños de primaria|niños de primaria vs influencers|quien sabe mas? influencers vs niño de primaria|alumnos de primaria vs influencers|influencers vs alumnos de primaria|tiktokers vs alumnos de primaria|quien sabe mas? tiktokers vs niños de primaria|ari leyes|ari leyes y toto villalba,other,unknown,unknown,influencers argentinos entrevista completa,6,prefilter_reject:rechazo_keyword:tiktok
https://www.youtube.com/watch?v=AWJxm8noyy0,TOMÁS MAZZA (Y ALONSO) Y LA PEOR ENTREVISTA DE SU VIDA - ENTRE DOS SUCULENTAS #29,Matias Bottero,https://www.youtube.com/channel/UCyWDFBbik9ccegHZ5J-KkhQ,AWJxm8noyy0,847,14.117,640,360,25,20251001,3825808,es,humor argentino|entrevistas incomodas|oky maltrato|oky pelea|entrevistas graciosas|entre dos helechos|tik tok virales|viral argentina|mazza viruz|mazza alonso|alonso tini|alonso yatra|alonso momentos|alonso baile|alonso spiderman|shelao mazza|mazza coscu|mazza milica|mazza polemica|alonso tik tok,interview,argentino/rioplatense_probable,1-2,influencers argentinos entrevista completa,7,ytsearch_metadata_no_download
https://www.youtube.com/watch?v=ITovsJg-q5c,Cómo Amarse a uno Mismo y Tener Buena Salud Mental: Hábitos de Vida - Gabriel Rolón,Tengo un Plan,https://www.youtube.com/channel/UCJFP-5V2-0BFeVmKifG0H_Q,ITovsJg-q5c,7850,130.833,640,360,25,20250607,1876870,es,,podcast,argentino/rioplatense_probable,1-2,influencers argentinos entrevista completa,8,ytsearch_metadata_no_download
https://www.youtube.com/watch?v=MplhaoSvGgM,#PLP l ¿NICO NO ENTIENDE A LAS MUJERES? + NO TE OLVIDES DE VOS MISMA,LUZU TV,https://www.youtube.com/channel/UCTHaNTsP7hsVgBxARZTuajw,MplhaoSvGgM,6769,112.817,640,360,30,20260620,768909,es,NADIE DICE NADA|LUZU TV|NICO OCCHIATO|FLOR JAZMIN|FLOR JAZMIN PEÑA|NATI JOTA|ANTES QUE NADIE|DIEGO LEUCO|MICA VAZQUEZ|TRINCHE|FEDE POPGOLD|PABLO AGUSTIN|NICO DALLI|MAS DE LO MISMO|MOMI GIARDINA|VICKY GARABAL|DUQUESAS|NACHO ELIZALDE|YOYI FRANCELLA|MARTI BENZA,streamer,argentino/rioplatense_probable,1,canales argentinos conversacion larga,2,ytsearch_metadata_no_download
https://www.youtube.com/watch?v=DV-xZkRXdtw,"""No somos amigos"": así es la relación de Flor Vigna y Nico Occhiato - PH Podemos Hablar",Telefe,https://www.youtube.com/channel/UCHc3el42hXKKhjs_1vzWk9A,DV-xZkRXdtw,363,6.05,640,360,30,20220515,2067501,es,Ofelia Fernández|Flor Vigna|Luis Novaresio|Nico Occhiato|Podemos Hablar|PH|Andy Kustnetzoff|Matías Camisani|Luciano Castro,interview,unknown,1-2,canales argentinos conversacion larga,3,prefilter_reject:duracion_menor_a_480s
https://www.youtube.com/watch?v=_nqNA76G29M,LA CHARLA DEL AÑO: MESSI EN LUZU COMO NUNCA LO VISTE,LUZU TV,https://www.youtube.com/channel/UCTHaNTsP7hsVgBxARZTuajw,_nqNA76G29M,4494,74.9,640,360,30,20260106,6589716,es,NADIE DICE NADA|LUZU TV|NICO OCCHIATO|FLOR JAZMIN|FLOR JAZMIN PEÑA|ANTES QUE NADIE|DIEGO LEUCO|MICA VAZQUEZ|TRINCHE|FEDE POPGOLD|MOMI GIARDINA|VICKY GARABAL|YOYI FRANCELLA|MARTIN GARABAL|PACHU PEÑA|BELEN NEGRI|LUCAS SPADAFORA|CAMI MAYAN|SANTI TALLEDO|GABRIEL SCHULTZ,educational,argentino/rioplatense_probable,1,canales argentinos conversacion larga,4,ytsearch_metadata_no_download
https://www.youtube.com/watch?v=FKLwIcELszk,#PLP | LAS AVENTURAS DE EVITTA Y NOS PREOCUPA LO BAJA QUE ESTA LA VARA,LUZU TV,https://www.youtube.com/channel/UCTHaNTsP7hsVgBxARZTuajw,FKLwIcELszk,6742,112.367,640,360,30,20260530,565701,es,NADIE DICE NADA|LUZU TV|NICO OCCHIATO|FLOR JAZMIN|FLOR JAZMIN PEÑA|NATI JOTA|ANTES QUE NADIE|DIEGO LEUCO|MICA VAZQUEZ|TRINCHE|FEDE POPGOLD|PABLO AGUSTIN|NICO DALLI|MAS DE LO MISMO|MOMI GIARDINA|VICKY GARABAL|DUQUESAS|NACHO ELIZALDE|YOYI FRANCELLA|MARTI BENZA,streamer,argentino/rioplatense_probable,1,canales argentinos conversacion larga,5,ytsearch_metadata_no_download
https://www.youtube.com/watch?v=eD_Cikwcm28,#SEFUELARGA l ¿FERBO SEXTEA CON EL CHAT GPT? DOMPI ES REAL Y ¿EL PASADO SE CUENTA?,LUZU TV,https://www.youtube.com/channel/UCTHaNTsP7hsVgBxARZTuajw,eD_Cikwcm28,7052,117.533,640,360,30,20251029,182476,es,NADIE DICE NADA|LUZU TV|NICO OCCHIATO|FLOR JAZMIN|FLOR JAZMIN PEÑA|NATI JOTA|ANTES QUE NADIE|DIEGO LEUCO|MICA VAZQUEZ|TRINCHE|FEDE POPGOLD|PABLO AGUSTIN|NICO DALLI|MAS DE LO MISMO|MOMI GIARDINA|VICKY GARABAL|DUQUESAS|NACHO ELIZALDE|YOYI FRANCELLA|MARTI BENZA,streamer,argentino/rioplatense_probable,1,canales argentinos conversacion larga,6,ytsearch_metadata_no_download
https://www.youtube.com/watch?v=1JnAhTj31zU,"#PATRIAYFAMILIA l ¿CAMI Y CRIS VANADÍA?, NACHITO SARALEGUI Y PROPUESTA DE CASAMIENTO EN VIVO",LUZU TV,https://www.youtube.com/channel/UCTHaNTsP7hsVgBxARZTuajw,1JnAhTj31zU,7235,120.583,640,360,30,20260225,222653,es,NADIE DICE NADA|LUZU TV|NICO OCCHIATO|FLOR JAZMIN|FLOR JAZMIN PEÑA|NATI JOTA|ANTES QUE NADIE|DIEGO LEUCO|MICA VAZQUEZ|TRINCHE|FEDE POPGOLD|PABLO AGUSTIN|NICO DALLI|MAS DE LO MISMO|MOMI GIARDINA|VICKY GARABAL|DUQUESAS|NACHO ELIZALDE|YOYI FRANCELLA|MARTI BENZA,streamer,argentino/rioplatense_probable,1,canales argentinos conversacion larga,7,ytsearch_metadata_no_download
https://www.youtube.com/watch?v=CP6ECJy1nPM,Salud mental en Argentina | Luciano Grasso | Psicología Al Sur 🔱,NeuroClass,https://www.youtube.com/channel/UC0CXDIqaBJZH-tongJQOu6g,CP6ECJy1nPM,2428,40.467,640,360,30,20250424,826,es,,educational,argentino/rioplatense_probable,1,clases charlas argentinas speaker visible,1,ytsearch_metadata_no_download
https://www.youtube.com/watch?v=XUqrvbsTfck,"Cómo hablar: comunica, conecta, y hazte recordar | Adrià Solà Pastor | TEDxESIC University",TEDx Talks,https://www.youtube.com/channel/UCsT0YIqwnpJCM-mx7-gSA4Q,XUqrvbsTfck,1192,19.867,640,360,30,20250612,810943,,Behavior|Body language|Business|Communication|Connection|Education|Empathy|Spanish|TEDxTalks|[TEDxEID:57890],other,unknown,unknown,clases charlas argentinas speaker visible,2,ytsearch_metadata_no_download
https://www.youtube.com/watch?v=OrwtPwftIi4,🎤 Curso de Oratoria con Daniel Colombo | 100% Práctico,Daniel Colombo,https://www.youtube.com/channel/UC5QpydQoyrVsEbtjwSTGuew,OrwtPwftIi4,5309,88.483,492,360,25,20150824,1989727,es,media training|media coach|oratoria|vocero|hablar en publico|conferencias|disertar|ventas|orador|marketing|relaciones publicas|comunicacion|comunicaciones|discursos|comunicador|daniel colombo|colombo|coach|entrenador|miedo a hablar en publico,educational,argentino/rioplatense_probable,1,clases charlas argentinas speaker visible,3,ytsearch_metadata_no_download
https://www.youtube.com/watch?v=kLPmJbeLAE8,La diferencia entre “Hablar” y “Comunicar” | LA COMUNICACIÓN ASERTIVA | Mario Alonso Puig,Mario Alonso Puig - Oficial,https://www.youtube.com/channel/UCI0pkMo-pDjVurZWJQu3bLg,kLPmJbeLAE8,3728,62.133,640,360,25,20230106,2326518,es,marioalonsopuig|desarrolloperonal|autoconocimiento|autoayuda|sentidovida|doctor|psicologia|coach|coaching|video|videos|canal|oficial|hablar|comunicar|comunicacionasertiva,other,unknown,unknown,clases charlas argentinas speaker visible,4,ytsearch_metadata_no_download
https://www.youtube.com/watch?v=slogyR0ixGA,🇦🇷How to speak Argentinian Spanish🇦🇷 (English and Spanish subtitles),Español con Michelle B.,https://www.youtube.com/channel/UCnr16DQxV5TK_zWtImc40Xg,slogyR0ixGA,992,16.533,640,360,24,20210106,75049,es,español de argentina|español rioplatense|argentinian spanish|rioplatense spanish|argentina|voseo|spanishculture|boludo|che|argentinian words|como hablan los argentinos|argentinian language|yeismo rehilado|uruguayan spanish|lunfardo|how to speak argentinian spanish,other,argentino/rioplatense_probable,unknown,clases charlas argentinas speaker visible,5,ytsearch_metadata_no_download
https://www.youtube.com/watch?v=ZBKbJs5MBFE,"El poder del silencio. Mario Alonso Puig, cirujano, conferenciante y escritor.",AprendemosJuntos,https://www.youtube.com/channel/UCI6QcXatdaEAaRTRjl3dc0w,ZBKbJs5MBFE,2943,49.05,640,360,25,20250321,4230967,es,#AprendemosJuntos|#AprendemosJuntos2030 #AprendemosJuntosBBVA #BBVA,podcast,argentino/rioplatense_probable,1-2,clases charlas argentinas speaker visible,6,prefilter_reject:rechazo_keyword:tiktok
https://www.youtube.com/watch?v=G0izzumb2VY,INSTRUCCIÓN EN BASE A LAS COMPETENCIAS AERONÁUTICAS,Sociedad Argentina De Aviacion,https://www.youtube.com/channel/UCfZK2qHng49plfsClYlDUZQ,G0izzumb2VY,3713,61.883,640,360,30,20260508,664,es,FFHH|Factores humanos|factores|humanos|protocolos|covid-19|coronavirus|anac|pandemia|conav|sociedad|argentina|aviacion|seguridad|operacional|icao|oaci|talleres|aeronauticos|talleres aeronauticos,educational,argentino/rioplatense_probable,1,clases charlas argentinas speaker visible,7,ytsearch_metadata_no_download
https://www.youtube.com/watch?v=pDiokJpk-6A,Mitre 327: Domicilio de un desaparecido | Franciso Andrés Flores | TEDxPlazaMoreno,TEDx Talks,https://www.youtube.com/channel/UCsT0YIqwnpJCM-mx7-gSA4Q,pDiokJpk-6A,961,16.017,640,360,25,20170922,1994,es,TEDxTalks|Spanish|Humanities|Democracy|Discrimination|Family|Freedom|Human Rights|Individualism|Life|Sociology,other,unknown,unknown,clases charlas argentinas speaker visible,8,prefilter_reject:rechazo_keyword:musica
,,,,,,,,,,,,,,other,unknown,unknown,podcast argentino video completo invitado,,search_error:WARNING: [youtube] No supported JavaScript runtime could be found. Only deno is enabled by default; to use another runtime add  --js-runtimes RUNTIME[:PATH]  to your command/config. YouTube extraction without a JS runtime has been deprecate
https://www.youtube.com/watch?v=1QBBAhRlcRY,Lucho con La Gente #152 - La Ex del Ex y Ex Ex,LuchoMellera,https://www.youtube.com/channel/UC7nJPTy93mf0i_dmLZ9EN7A,1QBBAhRlcRY,963,16.05,640,360,24,20241028,1934010,es,Standup|comedia|luchomellera|mellera|lucho|humor|impro|argentina|stand up|stand up argentina|lucho mellera|publico|en vivo|improvisación|luciano mellera|datos curiosos|datos|curiosos|Lucho con la Gente|tiktok,streamer,argentino/rioplatense_probable,1,monologo argentino YouTube,1,prefilter_reject:rechazo_keyword:tiktok
https://www.youtube.com/watch?v=KuG-njpJAPk,"ANGUSTIAS, VERGÜENZAS y BASURA - Especial de Stand up - Lucas Lauriente",Lucas Lauriente,https://www.youtube.com/channel/UCVdl9VhGUWWTuHK3503LyVw,KuG-njpJAPk,3725,62.083,640,360,25,20241110,1497441,es,,other,unknown,unknown,monologo argentino YouTube,2,ytsearch_metadata_no_download
https://www.youtube.com/watch?v=yQZxcE7a1zw,Roberto Moldavsky Restaurant y parejas 🍽❤,Roberto Moldavsky,https://www.youtube.com/channel/UCxxP2dUR3grugJP7wjM8zrA,yQZxcE7a1zw,234,3.9,640,360,25,20220120,304097,es,roberto moldavsky|humor|judio|comedia|moldavsky|monologo|chistes|restaurant|standup|parejas|menu|show|gira|israel|españa|argentina|gordo|diversion|bromas,other,argentino/rioplatense_probable,unknown,monologo argentino YouTube,3,prefilter_reject:duracion_menor_a_480s
https://www.youtube.com/watch?v=HMNh50sKDOE,Monólogo cómico,Lorena Fernández Sánchez,https://www.youtube.com/channel/UC7sZOiLu5CqhpzlSJYUbHxA,HMNh50sKDOE,116,1.933,640,360,25,20131218,648646,es,,other,argentino/rioplatense_probable,unknown,monologo argentino YouTube,4,prefilter_reject:duracion_menor_a_480s
https://www.youtube.com/watch?v=gxZ9gl_qzog,ME ENGANCHÉ CON EL BASURERO,Connie Ballarini,https://www.youtube.com/channel/UCMybNWcyEGS9kcQ1qux8K7A,gxZ9gl_qzog,368,6.133,640,360,24,20220807,537555,es,El Basurero|Me enganché con el basurero|Amor basura|Basura|Amor|Comedia|Amor de película|Unipersonal de Stand up|Connie Ballarini,educational,argentino/rioplatense_probable,1,monologo argentino YouTube,5,prefilter_reject:duracion_menor_a_480s
https://www.youtube.com/watch?v=eFBtrMj5dBo,monologo Julieta Zaballa,mariela bedini,https://www.youtube.com/channel/UCp0QZt6Un5E8C8sCgCaaG4Q,eFBtrMj5dBo,546,9.1,640,360,25,20160131,82882,,,monologue,unknown,1,monologo argentino YouTube,6,ytsearch_metadata_no_download
https://www.youtube.com/watch?v=LNUgTDyzDbw,Piter Albeiro Dios creo la perfección en la mujer [ Noche de comedia ] Lo Mejor EstrellaTV,Lo Mejor de EstrellaTV,https://www.youtube.com/channel/UCikegrQb6ZX5wGUVgAGtEtQ,LNUgTDyzDbw,388,6.467,640,360,30,20210113,4282236,es,estrella tv|estrellatv|lo mejor estrella tv|estrella tv lo mejor|lo mejor estrellatv|piter albeiro monologos|monologos|noches de comedia|piter albeiro noches de comedia|noches de comedia piter albeiro|noche|de comedia|comedia|monologo|stand up comedy|stand up|standopero piter albeiro|stand up piter albeiro|piter|albeiro,other,argentino/rioplatense_probable,unknown,monologo argentino YouTube,7,prefilter_reject:duracion_menor_a_480s
https://www.youtube.com/watch?v=X1rm8I2UT2Y,El histórico monólogo N° 2000 de Tato Bores - Planeta Tato Bores,Planeta Tato Bores,https://www.youtube.com/channel/UCl7BczPQ0VZWveQX32N2UxQ,X1rm8I2UT2Y,844,14.067,540,360,25,20130315,3878297,es,Tato Bores (TV Actor),other,argentino/rioplatense_probable,unknown,monologo argentino YouTube,8,ytsearch_metadata_no_download
https://www.youtube.com/watch?v=O6toa850Dso,"Cristian Castro: ""Soy de los cantantes latinos que se sienten más solos en el mundo"" | Caja Negra",Filo News,https://www.youtube.com/channel/UC9vs8KujZ2kJ2hbg01fNRVw,O6toa850Dso,4660,77.667,640,360,25,20230920,345760,es,caja negra|filo news|julio leiva|entrevista julio leiva|entrevista|podcast caja negra|leiva|julio|cristian castro|cristian castro exitos|cristian castro yo queria|cristian castro heavy metal|cristian castro azul|cristian castro la esfinge|cristian castro no podras|cristian castro volver a amar|cristian castro lloviendo estrellas|la esfinge cristian castro full album|la esfinge cristian castro|cristian castro biberon,interview,unknown,1-2,Caja Negra entrevista completa argentina,1,ytsearch_metadata_no_download
https://www.youtube.com/watch?v=FgvjJ1AdOv0,"Tini: ""La inconsciencia me llevó siempre a hacer las cosas muy desde el corazón” | Caja Negra",Filo News,https://www.youtube.com/channel/UC9vs8KujZ2kJ2hbg01fNRVw,FgvjJ1AdOv0,5423,90.383,640,360,25,20230301,443323,es,TINI|LaTripleT|CUPIDO|Tini disco nuevo|entrevistas|julio leiva|caja negra|caja negra de tini|la caja negra|steve aoki|muñecas|la joaqui|te pido|las jordans|tini l gante bar|carne y hueso|corazón vacío|miénteme|maria becerra,interview,unknown,1-2,Caja Negra entrevista completa argentina,2,ytsearch_metadata_no_download
https://www.youtube.com/watch?v=YmZKSCP6rDA,"Ricardo Darín: ""Hacer 'Argentina, 1985' fue muy emocionante y nutritivo"" | Caja Negra",Filo News,https://www.youtube.com/channel/UC9vs8KujZ2kJ2hbg01fNRVw,YmZKSCP6rDA,4480,74.667,640,360,25,20211117,1012828,es,ricardo darin|darin|darin ricardo|julio leiva|leiva julio|leiva|caja negra|cajanegra|entrevista|argentina|actor|cine|teatro|pelicula|el secreto de sus ojos|la odisea de los giles|relatos salvajes|bombita darin|nueve reinas|chino darin,interview,argentino/rioplatense_probable,1-2,Caja Negra entrevista completa argentina,3,ytsearch_metadata_no_download
https://www.youtube.com/watch?v=SWO7XZ02rpI,"Rodrigo De la Serna: ""Okupas es un programa que resiste al paso del tiempo"" | Caja Negra",Filo News,https://www.youtube.com/channel/UC9vs8KujZ2kJ2hbg01fNRVw,SWO7XZ02rpI,2254,37.567,640,360,25,20191204,1737736,es,caja negra|rodrigo de la serna|de la serna|okupas|caja negra filo news|caja negra rodrigo de la serna|caja negra de la serna|de la serna erica rivas|filo news|julio leiva|julio leiva caja negra|leiva de la serna|diario de una motocicleta|che guevara de la serna|san martin de la serna|naranja y media|lombardito|lombardito de la serna|lombardito caja negra|lombardo el puntero,interview,argentino/rioplatense_probable,1-2,Caja Negra entrevista completa argentina,4,ytsearch_metadata_no_download
https://www.youtube.com/watch?v=W0yLfgivFP4,"Felipe Pigna: ""Cada vez admiro más a San Martín"" | Caja Negra",Filo News,https://www.youtube.com/channel/UC9vs8KujZ2kJ2hbg01fNRVw,W0yLfgivFP4,6165,102.75,640,360,25,20231206,807533,es,40 años de democracia|recuperacion de la democracia Argentina|hitos de la democracia argentina|FiloNews|crisis económica Argentina|Historia de Argentina|40 años de democracia sucesos historicos|libertarios|Julio Leiva|Felipe Pigna|Peronismo|Macrismo|Javier Milei|Dictadura Militar Argentina|Desaparecidos en dictadura|Caja Negra|felipe pigna san martin|felipe pigna peronismo|felipe pigna historia argentina|felipe pigna sarmiento,interview,argentino/rioplatense_probable,1-2,Caja Negra entrevista completa argentina,5,ytsearch_metadata_no_download
https://www.youtube.com/watch?v=Ex6aodkFPZc,"YIYA MURANO - Martín Murano, el hijo | LA CRUDA #2 con MIGUE GRANADOS",OLGA,https://www.youtube.com/channel/UC7mJ2EDXFomeDIRFu5FtEbA,Ex6aodkFPZc,3169,52.817,640,360,25,20240910,820644,es,olga|olga en vivo|olgaenvivo|migue granados|olga tv|olgatv|olga migue granados|migue granados olga|nati jota|la cruda|la cruda migue granados|la cruda audiovisual|la cruda en olga|la cruda podcast|la cruda medium|la cruda noelia pace|la cruda angeles rawson|la cruda los andes|la cruda angeles|la cruda migue granados podcast,streamer,argentino/rioplatense_probable,1,La Cruda podcast Migue Granados entrevista completa,1,prefilter_reject:rechazo_keyword:tiktok
https://www.youtube.com/watch?v=EVQ33hIZkJo,GUARDAESPALDAS | LA CRUDA #23 con MIGUE GRANADOS,OLGA,https://www.youtube.com/channel/UC7mJ2EDXFomeDIRFu5FtEbA,EVQ33hIZkJo,3664,61.067,640,360,25,20250225,708531,es,olga|olgaenvivo|migue granados|olga tv|olgatv|olga migue granados|migue granados olga|nati jota|la cruda|la cruda migue granados|la cruda audiovisual|la cruda en olga|la cruda podcast|la cruda angeles rawson|la cruda angeles|la cruda migue granados podcast|guardaespaldas la cruda|la cruda guardaespaldas|guardaespaldas migue granados|guardaespaldas olga,streamer,argentino/rioplatense_probable,1,La Cruda podcast Migue Granados entrevista completa,2,prefilter_reject:rechazo_keyword:tiktok
https://www.youtube.com/watch?v=jS2LoXykaRw,TOC - Ro Vitale | LA CRUDA #1 con MIGUE GRANADOS,OLGA,https://www.youtube.com/channel/UC7mJ2EDXFomeDIRFu5FtEbA,jS2LoXykaRw,2727,45.45,640,360,30,20240903,1236418,es,olga|olga en vivo|olgaenvivo|migue granados|olga tv|olgatv|olga migue granados|migue granados olga|nati jota|la cruda|la cruda migue granados|la cruda audiovisual|la cruda en olga|la cruda podcast|la cruda medium|la cruda noelia pace|la cruda angeles rawson|la cruda los andes|la cruda angeles|la cruda migue granados podcast,streamer,argentino/rioplatense_probable,1,La Cruda podcast Migue Granados entrevista completa,3,prefilter_reject:rechazo_keyword:tiktok
https://www.youtube.com/watch?v=cArwXvz4sEg,ÍNTIMO: CHANO CHARPENTIER con MIGUE GRANADOS en OLGA | Entrevista Exclusiva,OLGA,https://www.youtube.com/channel/UC7mJ2EDXFomeDIRFu5FtEbA,cArwXvz4sEg,3797,63.283,640,360,30,20251221,627557,es,olga|olga en vivo|olgaenvivo|migue granados|olga tv|olgatv|olga migue granados|migue granados olga|nati jota|chano|chano olga|chano migue granados|chano con migue granados|entrevista chano olga|chano en olga|chano y migue granados|chano intimo con migue granados|chano la cruda|la cruda chano|chano en la cruda,interview,argentino/rioplatense_probable,1-2,La Cruda podcast Migue Granados entrevista completa,4,prefilter_reject:rechazo_keyword:tiktok
https://www.youtube.com/watch?v=dhB-PN37oXM,MASACRE DE FLORES - Matías Bagnato | LA CRUDA #18 con MIGUE GRANADOS,OLGA,https://www.youtube.com/channel/UC7mJ2EDXFomeDIRFu5FtEbA,dhB-PN37oXM,4278,71.3,640,360,24,20250121,729378,es,olga|olgaenvivo|migue granados|olga tv|olgatv|olga migue granados|migue granados olga|nati jota|la cruda|la cruda migue granados|la cruda audiovisual|la cruda en olga|la cruda podcast|la cruda angeles rawson|la cruda angeles|la cruda migue granados podcast|matias bagnato|matias bagnato tragedia|matias bagnato la cruda|masacre de flores,streamer,argentino/rioplatense_probable,1,La Cruda podcast Migue Granados entrevista completa,5,prefilter_reject:rechazo_keyword:tiktok
https://www.youtube.com/watch?v=zm49034Y7Zc,El Método Rebord #21 - Mario Pergolini,El Método Rebord,https://www.youtube.com/channel/UCvd-UIc-Rxtubx3uoiYbBGA,zm49034Y7Zc,5256,87.6,640,360,30,20220403,1379248,es,Podcast|Tomás Rebord|Mario Pergolini|Vorterix|rocknpop|la tv contraataca,other,argentino/rioplatense_probable,unknown,Metodo Rebord entrevista completa,1,ytsearch_metadata_no_download
https://www.youtube.com/watch?v=h3HtBhArO1Q,El Método Rebord #56 - Andy Chango,El Método Rebord,https://www.youtube.com/channel/UCvd-UIc-Rxtubx3uoiYbBGA,h3HtBhArO1Q,9480,158.0,640,360,30,20230514,1149690,es,Podcast|Tomás Rebord|el método|Andy Chango|Charly Garcia|Fito Paez,podcast,argentino/rioplatense_probable,1-2,Metodo Rebord entrevista completa,2,ytsearch_metadata_no_download
https://www.youtube.com/watch?v=OA1biHKSyTw,El Método Rebord #48 - Alejandro Dolina,El Método Rebord,https://www.youtube.com/channel/UCvd-UIc-Rxtubx3uoiYbBGA,OA1biHKSyTw,7394,123.233,640,360,30,20230319,1310380,es,Podcast|Tomás Rebord|el método|Alejandro Dolina|Peronismo|Borges|Literatura|Radio,educational,argentino/rioplatense_probable,1,Metodo Rebord entrevista completa,3,ytsearch_metadata_no_download
https://www.youtube.com/watch?v=yIPAMuMbIyQ,"La amistad, la muerte y el paso del tiempo: 24 minutos de Dolina reflexionando",El Método Rebord,https://www.youtube.com/channel/UCvd-UIc-Rxtubx3uoiYbBGA,yIPAMuMbIyQ,1466,24.433,640,360,30,20230322,433853,es,Podcast|Tomás Rebord|el método,monologue,argentino/rioplatense_probable,1,Metodo Rebord entrevista completa,4,ytsearch_metadata_no_download
https://www.youtube.com/watch?v=DW3fnTN2zy4,El Método Rebord #35 - Carlos Pagni,El Método Rebord,https://www.youtube.com/channel/UCvd-UIc-Rxtubx3uoiYbBGA,DW3fnTN2zy4,4438,73.967,640,360,30,20220717,374878,es,Podcast|Tomás Rebord|Carlos Pagni|Odisea Argentina|periodismo|política,other,argentino/rioplatense_probable,unknown,Metodo Rebord entrevista completa,5,ytsearch_metadata_no_download
https://www.youtube.com/watch?v=W2K1QIOpXoA,"MALVINAS ARGENTINAS HOY Y SIEMPRE en OLGA con Migue Granados, Lucas Fridman y Cami Perochena",OLGA,https://www.youtube.com/channel/UC7mJ2EDXFomeDIRFu5FtEbA,W2K1QIOpXoA,11768,196.133,640,360,30,20260402,344932,es,olga en vivo|olga|seria increible|nati jota|noe custodio|toto kirzner|olgaenvivo|soñe que volaba|homero pettinato|tapados de laburo|nacho elizalde|luli gonzalez|tdt|marti benza|cami jara|juli manzotti|migue granados|olga 2026|migue olga|la negra vernaci,streamer,argentino/rioplatense_probable,1,OLGA entrevista completa argentina,1,prefilter_reject:rechazo_keyword:tiktok
https://www.youtube.com/watch?v=qYwlqx-JLok,MESSI en OLGA con MIGUE GRANADOS: la NOTA COMPLETA en MIAMI,OLGA,https://www.youtube.com/channel/UC7mJ2EDXFomeDIRFu5FtEbA,qYwlqx-JLok,2212,36.867,640,360,24,20230921,11807610,es,olga|olga en vivo|olgaenvivo|migue granados|olga tv|olgatv|olga migue granados|migue granados olga|messi|lionel messi|messi con migue granados|messi migue granados|entrevista a messi|messi en vivo|nota a messi|messi en olga|leo messi|leo messi migue granados|messi psg|messi hijos,interview,argentino/rioplatense_probable,1-2,OLGA entrevista completa argentina,3,prefilter_reject:rechazo_keyword:tiktok
https://www.youtube.com/watch?v=95oQDvbrV6c,"DE PAUL en OLGA: el CASI PICO con MESSI, la BANCA a ENZO FERNANDEZ y las LOCURAS del DIBU | 18/7",OLGA,https://www.youtube.com/channel/UC7mJ2EDXFomeDIRFu5FtEbA,95oQDvbrV6c,4964,82.733,640,360,30,20240718,2924458,es,olga|olga en vivo|olgaenvivo|migue granados|olga tv|olgatv|olga migue granados|migue granados olga|entrevista a rodrigo de paul|de paul entrevista|de paul mundial|de paul seleccion|de paul y migue granados|de paul racing|de paul seleccion argentina|de paul campeon del mundo|de paul en olga|de paul y nati jota|nati jota entrevista a de paul|migue granados entrevista a de paul,streamer,argentino/rioplatense_probable,1,OLGA entrevista completa argentina,4,prefilter_reject:rechazo_keyword:tiktok
https://www.youtube.com/watch?v=tddWEjxNauo,CA7RIEL & PACO AMOROSO en OLGA con MIGUE GRANADOS: ENTREVISTA EXCLUSIVA,OLGA,https://www.youtube.com/channel/UC7mJ2EDXFomeDIRFu5FtEbA,tddWEjxNauo,2825,47.083,640,360,30,20251003,962040,es,olga|olga en vivo|olgaenvivo|migue granados|olga tv|olgatv|olga migue granados|migue granados olga|nati jota|catriel y paco amoroso|paco amoroso y catriel|paco amoroso y catriel en olga|paco y catriel en olga|paco y catriel con migue granados|catriel y paco amoroso migue granados|catriel y paco olga|catriel y paco en olga|paco y catriel olga|paco catriel|catriel paco,interview,argentino/rioplatense_probable,1-2,OLGA entrevista completa argentina,5,prefilter_reject:rechazo_keyword:tiktok
https://www.youtube.com/watch?v=jEEahJU8_jg,#NADIEDICENADA l ¿NOS COMPRAN UNA CAMISA PARA MARCOS? EXPERTOS EN MIMITOS Y ¿CHAU NAVE?,LUZU TV,https://www.youtube.com/channel/UCTHaNTsP7hsVgBxARZTuajw,jEEahJU8_jg,9690,161.5,640,360,30,20260629,1024900,es,NADIE DICE NADA|LUZU TV|NICO OCCHIATO|FLOR JAZMIN|FLOR JAZMIN PEÑA|NATI JOTA|ANTES QUE NADIE|DIEGO LEUCO|MICA VAZQUEZ|TRINCHE|FEDE POPGOLD|PABLO AGUSTIN|NICO DALLI|MAS DE LO MISMO|MOMI GIARDINA|VICKY GARABAL|DUQUESAS|NACHO ELIZALDE|YOYI FRANCELLA|MARTI BENZA,streamer,argentino/rioplatense_probable,1,Luzu TV entrevista completa argentina,1,ytsearch_metadata_no_download
https://www.youtube.com/watch?v=HJx3EsSuGl4,"#PLP l CAZZU: ""MI VIDA CAMBIÓ DE LA NOCHE A LA MAÑANA""",LUZU TV,https://www.youtube.com/channel/UCTHaNTsP7hsVgBxARZTuajw,HJx3EsSuGl4,6449,107.483,640,360,30,20241031,9985282,es,NADIE DICE NADA|LUZU TV|NICO OCCHIATO|FLOR JAZMIN|FLOR JAZMIN PEÑA|ANTES QUE NADIE|DIEGO LEUCO|MICA VAZQUEZ|TRINCHE|FEDE POPGOLD|MOMI GIARDINA|VICKY GARABAL|DUQUESAS|NACHO ELIZALDE|YOYI FRANCELLA|MARTI BENZA|MARTIN GARABAL|PACHU PEÑA|CHINO LEUNIS|LAILA ROTH,streamer,argentino/rioplatense_probable,1,Luzu TV entrevista completa argentina,2,ytsearch_metadata_no_download
https://www.youtube.com/watch?v=nqI_6U4kUxc,#NADIEDICENADA | TODO SOBRE EL ANTEL ARENA Y NOS VISITA HABLANDO HUEVADAS: ¿NOS VAMOS A PERÚ?,LUZU TV,https://www.youtube.com/channel/UCTHaNTsP7hsVgBxARZTuajw,nqI_6U4kUxc,8470,141.167,640,360,30,20251117,1885009,es,NADIE DICE NADA|LUZU TV|NICO OCCHIATO|FLOR JAZMIN|FLOR JAZMIN PEÑA|NATI JOTA|ANTES QUE NADIE|DIEGO LEUCO|MICA VAZQUEZ|TRINCHE|FEDE POPGOLD|PABLO AGUSTIN|NICO DALLI|MAS DE LO MISMO|MOMI GIARDINA|VICKY GARABAL|DUQUESAS|NACHO ELIZALDE|YOYI FRANCELLA|MARTI BENZA,streamer,argentino/rioplatense_probable,1,Luzu TV entrevista completa argentina,3,ytsearch_metadata_no_download
https://www.youtube.com/watch?v=ZiajCS7Y-1k,#NADIEDICENADA | RISAS ASEGURADAS CON MARLEY Y FLOR PEÑA Y ¿MOMI SE HACE PIS EN VIVO?,LUZU TV,https://www.youtube.com/channel/UCTHaNTsP7hsVgBxARZTuajw,ZiajCS7Y-1k,7826,130.433,640,360,30,20250602,1884666,es,NADIE DICE NADA|LUZU TV|NICO OCCHIATO|FLOR JAZMIN|FLOR JAZMIN PEÑA|NATI JOTA|ANTES QUE NADIE|DIEGO LEUCO|MICA VAZQUEZ|TRINCHE|FEDE POPGOLD|PABLO AGUSTIN|NICO DALLI|MAS DE LO MISMO|MOMI GIARDINA|VICKY GARABAL|DUQUESAS|NACHO ELIZALDE|YOYI FRANCELLA|MARTI BENZA,streamer,argentino/rioplatense_probable,1,Luzu TV entrevista completa argentina,4,ytsearch_metadata_no_download
https://www.youtube.com/watch?v=nK1-Zn3LZfQ,#NADIEDICENADA | DÍA HISTÓRICO: ROSALÍA QUE MUJER ¿DEBATE SI ES TOXI O TIENE UN PUNTO?,LUZU TV,https://www.youtube.com/channel/UCTHaNTsP7hsVgBxARZTuajw,nK1-Zn3LZfQ,11459,190.983,640,360,30,20251128,2849030,es,NADIE DICE NADA|LUZU TV|NICO OCCHIATO|FLOR JAZMIN|FLOR JAZMIN PEÑA|NATI JOTA|ANTES QUE NADIE|DIEGO LEUCO|MICA VAZQUEZ|TRINCHE|FEDE POPGOLD|PABLO AGUSTIN|NICO DALLI|MAS DE LO MISMO|MOMI GIARDINA|VICKY GARABAL|DUQUESAS|NACHO ELIZALDE|YOYI FRANCELLA|MARTI BENZA,streamer,argentino/rioplatense_probable,1,Luzu TV entrevista completa argentina,5,ytsearch_metadata_no_download
https://www.youtube.com/watch?v=j4x2GC1Ztro,Mario Pergolini y un imperdible mano a mano con Andy Kusnetzoff | #Perros2022 Perros de la Calle,Urbana Play 104.3 FM,https://www.youtube.com/channel/UCC1kfsMJko54AqxtcFECt-A,j4x2GC1Ztro,4994,83.233,640,360,30,20220211,1868642,es,urbanaplay|urbanaplay1043|urbana1043|radiourbana|radiourbana1043|Mario|Pergolini|Perros de la calle|Andy|Kusnetzoff|Pdc|Perros|Perros20años|20 años,interview,argentino/rioplatense_probable,1-2,Urbana Play entrevista completa argentina,1,ytsearch_metadata_no_download
https://www.youtube.com/watch?v=RgRQ9AONCJ0,"""No vi más a Charly García. Intenté lo que pude"": PIPO CIPOLATTI sobre LOS TWIST #TodoPasa",Urbana Play 104.3 FM,https://www.youtube.com/channel/UCC1kfsMJko54AqxtcFECt-A,RgRQ9AONCJ0,2105,35.083,640,360,30,20260224,41940,es,urbanaplay|urbanaplay1043|urbana1043|radiourbana1043|urbana|andy|kusnetzoff|maria|odonnell|matias|martin|seba|wainraich|#UrbanaPlay1043|radio|en vivo|buenos aires|argentina|radio urbana|andy kusnetzoff,other,argentino/rioplatense_probable,unknown,Urbana Play entrevista completa argentina,2,ytsearch_metadata_no_download
https://www.youtube.com/watch?v=XLHm79eRtPI,Lizy Tagliani sobre la charla que tuvo con su hijo de 5 años a raíz del comentario 'MAMÁ ES UN VARÓN,Urbana Play 104.3 FM,https://www.youtube.com/channel/UCC1kfsMJko54AqxtcFECt-A,XLHm79eRtPI,2630,43.833,640,360,30,20260326,64505,es,urbanaplay|urbanaplay1043|urbana1043|radiourbana|radiourbana1043|urbana|andy|kusnetzoff|maria|odonnell|matias|martin|seba|wainraich,educational,argentino/rioplatense_probable,1,Urbana Play entrevista completa argentina,3,ytsearch_metadata_no_download
https://www.youtube.com/watch?v=KxjKmHD38wE,"Roxette llegó a la Argentina, oyentes cuentan su #UnaBuena, Santi Bilinkis sobre Claude #TodoPasa",Urbana Play 104.3 FM,https://www.youtube.com/channel/UCC1kfsMJko54AqxtcFECt-A,KxjKmHD38wE,4829,80.483,640,360,30,20260416,1154,es,urbanaplay|urbanaplay1043|urbana1043|radiourbana|radiourbana1043|urbana|andy|kusnetzoff|maria|odonnell|matias|martin|seba|wainraich,other,argentino/rioplatense_probable,unknown,Urbana Play entrevista completa argentina,4,ytsearch_metadata_no_download
https://www.youtube.com/watch?v=ltp3UGqvlqQ,"""La justicia argentina es machista"": MAURO SZETA sobre el CASO AGOSTINA VEGA #TodoPasa",Urbana Play 104.3 FM,https://www.youtube.com/channel/UCC1kfsMJko54AqxtcFECt-A,ltp3UGqvlqQ,2935,48.917,640,360,30,20260601,13790,es,urbanaplay|urbanaplay1043|urbana1043|radiourbana|radiourbana1043|urbana|andy|kusnetzoff|maria|odonnell|matias|martin|seba|wainraich,other,argentino/rioplatense_probable,unknown,Urbana Play entrevista completa argentina,5,ytsearch_metadata_no_download
https://www.youtube.com/watch?v=MnuIQ1uJokg,Hablemos de guita con Claudio Zuchovicki,Aprender de Grandes,https://www.youtube.com/channel/UCMoXshslRbfA7MLTu0dasUA,MnuIQ1uJokg,5541,92.35,640,360,25,20250605,507738,es,Aprender de Grandes|Podcast|Gerry Garbulsky|Claudio Zuchovicki,podcast,argentino/rioplatense_probable,1-2,Aprender de Grandes entrevista argentina completa,1,prefilter_reject:rechazo_keyword:tiktok
https://www.youtube.com/watch?v=zSIcMPX5KjA,Nico Occhiato y construir el canal de streaming más grande de habla hispana | Aprender de Grandes,Aprender de Grandes,https://www.youtube.com/channel/UCMoXshslRbfA7MLTu0dasUA,zSIcMPX5KjA,6721,112.017,640,360,25,20260402,94093,es,Aprender de Grandes|Podcast|Gerry Garbulsky,podcast,argentino/rioplatense_probable,1-2,Aprender de Grandes entrevista argentina completa,2,prefilter_reject:rechazo_keyword:tiktok
https://www.youtube.com/watch?v=EuSM3LscaWI,Marcos Galperin | La vida del emprendedor | Aprender de Grandes #072,Aprender de Grandes,https://www.youtube.com/channel/UCMoXshslRbfA7MLTu0dasUA,EuSM3LscaWI,3426,57.1,640,360,25,20190730,608317,es,MercadoLibre|Aprender de Grandes|Marcos Galperin|MercadoPago|Gerry Garbulsky|Podcast|Emprendedurismo,podcast,argentino/rioplatense_probable,1-2,Aprender de Grandes entrevista argentina completa,3,ytsearch_metadata_no_download
https://www.youtube.com/watch?v=bnGAijvSal0,Diego Pol y el hallazgo del dinosaurio más grande conocido hasta ahora,Aprender de Grandes,https://www.youtube.com/channel/UCMoXshslRbfA7MLTu0dasUA,bnGAijvSal0,5897,98.283,640,360,25,20250202,83134,es,Aprender de Grandes|Podcast|Gerry Garbulsky,podcast,unknown,1-2,Aprender de Grandes entrevista argentina completa,4,prefilter_reject:rechazo_keyword:tiktok
https://www.youtube.com/watch?v=3tmLBV115Ws,"Autismo, del que no se nota | Valentín Muro en Aprender de Grandes",Aprender de Grandes,https://www.youtube.com/channel/UCMoXshslRbfA7MLTu0dasUA,3tmLBV115Ws,1761,29.35,640,360,30,20210329,565076,es,Valentín Muro|Cómo funcionan las cosas|Gerry Garbulsky|Autismo|Escribir|Ciencia|Medios|Aprender de Grandes|Filosofía,podcast,argentino/rioplatense_probable,1-2,Aprender de Grandes entrevista argentina completa,5,ytsearch_metadata_no_download
https://www.youtube.com/watch?v=3r8cnVtv5GM,En el país de los piolas | José Nesis | TEDxRiodelaPlata,TEDx Talks,https://www.youtube.com/channel/UCsT0YIqwnpJCM-mx7-gSA4Q,3r8cnVtv5GM,988,16.467,640,360,25,20171107,99745,es,TEDxTalks|Spanish|Social Science|Big problems|Community|Death|Law|Public Policy|Security,other,unknown,unknown,TEDx Rio de la Plata charla argentina,1,ytsearch_metadata_no_download
https://www.youtube.com/watch?v=g6zBmBUOMhY,Zombies en la escuela | Juli Garbulsky | TEDxRiodelaPlata,TEDx Talks,https://www.youtube.com/channel/UCsT0YIqwnpJCM-mx7-gSA4Q,g6zBmBUOMhY,547,9.117,640,360,25,20171120,3138998,es,TEDxTalks|Spanish|Education|Childhood|Curiosity|Motivation|Schools|Teaching,educational,argentino/rioplatense_probable,1,TEDx Rio de la Plata charla argentina,2,ytsearch_metadata_no_download
https://www.youtube.com/watch?v=W9AtwP_fklk,Tiempo: El festival de ideas de TEDxRíodelaPlata 2025 en VIVO,TEDxRiodelaPlata,https://www.youtube.com/channel/UC2cxH4jnmI8DsosmHtCbR0Q,W9AtwP_fklk,19796,329.933,640,360,30,20251109,9838,es,,other,unknown,unknown,TEDx Rio de la Plata charla argentina,3,prefilter_reject:duracion_mayor_a_14400s
https://www.youtube.com/watch?v=DC-OdcjzED0,La cancion que cada uno tiene adentro | Leonardo Oyola | TEDxRiodelaPlata,TEDx Talks,https://www.youtube.com/channel/UCsT0YIqwnpJCM-mx7-gSA4Q,DC-OdcjzED0,932,15.533,640,360,25,20131018,294296,,Literatura|Literature|TEDxRíodelaPlata|tedx talks|Spanish Language (Human Language)|Chamamé|Covers|Buenos Aires|TEDx|Everlasting Love|Entertainment|ted|Cultura|Español|Usina del Arte|La canción es la misma|Culture|Entretenimiento|Pink Floyd (Musical Group)|ted x,educational,argentino/rioplatense_probable,1,TEDx Rio de la Plata charla argentina,4,prefilter_reject:rechazo_keyword:cancion
https://www.youtube.com/watch?v=tnJ7YS5x3EM,Salir de la cárcel | Andrea Casamento | TEDxRiodelaPlata,TEDx Talks,https://www.youtube.com/channel/UCsT0YIqwnpJCM-mx7-gSA4Q,tnJ7YS5x3EM,1019,16.983,640,360,25,20171121,64493,es,TEDxTalks|Spanish|Life|Community|Criminal justice|Culture|Discrimination|Love|Prison|Public Policy|Society,other,unknown,unknown,TEDx Rio de la Plata charla argentina,5,ytsearch_metadata_no_download
https://www.youtube.com/watch?v=6EbfhQAw3Tc,Triaca y Moroni debatieron en la EEyN-UNSAM sobre el futuro del trabajo en Argentina,Escuela de Economía y Negocios - UNSAM,https://www.youtube.com/channel/UCb51q4b0kTrr817NWSMaHyw,6EbfhQAw3Tc,3596,59.933,640,360,30,20260317,136,es,,other,argentino/rioplatense_probable,unknown,UNSAM charla argentina speaker,1,ytsearch_metadata_no_download
https://www.youtube.com/watch?v=_9njPXc9BWw,Carlos Pagni en la UNSAM,UNSAM National University of San Martín Argentina,https://www.youtube.com/channel/UCt1DuTt6cEvUckJD_y3ZZbw,_9njPXc9BWw,6711,111.85,640,360,30,20230624,10649,es,unsam|universidad nacional de san martin|campus miguelete,other,argentino/rioplatense_probable,unknown,UNSAM charla argentina speaker,2,ytsearch_metadata_no_download
https://www.youtube.com/watch?v=SS6C0SQNqi0,Conferencia de Veena Das en UNSAM: ‘Políticas de la vida cotidiana: memoria y presente’,UNSAM National University of San Martín Argentina,https://www.youtube.com/channel/UCt1DuTt6cEvUckJD_y3ZZbw,SS6C0SQNqi0,3958,65.967,640,360,25,20140814,2832,,unsam|universidad nacional de san martin|campus miguelete|Veena Das|Anthropology (Field Of Study)|National University Of General San Martín (College/University)|India|College (TV Genre),educational,argentino/rioplatense_probable,1,UNSAM charla argentina speaker,3,ytsearch_metadata_no_download
https://www.youtube.com/watch?v=KwkcN7sjhjc,"Conferencia internacional UNSAM- The New School: “Estado, Educación y Desarrollo con Inclusión”",UNSAM National University of San Martín Argentina,https://www.youtube.com/channel/UCt1DuTt6cEvUckJD_y3ZZbw,KwkcN7sjhjc,8756,145.933,640,360,25,20140820,123,es,unsam|universidad nacional de san martin|campus miguelete|The New School (College/University)|flacso|National University Of General San Martín (College/University)|Education (TV Genre)|Inclusion|Universidad|clad|beca nestor kirchner,educational,argentino/rioplatense_probable,1,UNSAM charla argentina speaker,4,ytsearch_metadata_no_download
https://www.youtube.com/watch?v=__SuyDVhvxk,Jacques Rancière en Argentina,UNSAM National University of San Martín Argentina,https://www.youtube.com/channel/UCt1DuTt6cEvUckJD_y3ZZbw,__SuyDVhvxk,241,4.017,640,360,25,20121121,1902,,TRAILER|RANCIERE|06,other,argentino/rioplatense_probable,unknown,UNSAM charla argentina speaker,5,prefilter_reject:duracion_menor_a_480s
https://www.youtube.com/watch?v=sVtfMA7mtos,"MARTA FORT habló de todo: OPERACIONES, ROMANCES, compras CULPOSAS y más | #LoDePampita",Infobae,https://www.youtube.com/channel/UCvsU0EGXN7Su7MfNqcTGNHg,sVtfMA7mtos,3171,52.85,640,360,25,20260610,186234,es,lo de pampita|marta fort|pampita|caro ardohain|entrevista|en olga|atropello|en tdt|infobae|accidente|cantando|choque|stream|listorti|blender|alan|hablando|multitalent|felipe fort|choco,other,argentino/rioplatense_probable,unknown,Infobae entrevista argentina completa,1,prefilter_reject:rechazo_keyword:tiktok
https://www.youtube.com/watch?v=HBi7v7A0zd4,"La ENFERMEDAD HOLANDESA, CAMBIOS  en WHATSAPP y LA INTERNA que PARALIZÓ a un PAÍS | 1/7",Infobae,https://www.youtube.com/channel/UCvsU0EGXN7Su7MfNqcTGNHg,HBi7v7A0zd4,10481,174.683,640,360,30,20260701,21171,es,noticia ultimo momento|ultimo momento|noticias en vivo|en vivo|noticias argentinas|vivo en argentina|infobae|noticias infobae|infobae noticias|infobae streaming|infobae noticiero|carolina amoroso|gonzalo sanchez|ramon indart|cecilia boufflet|infobae en vivo|infobae en vivo ahora|infobae entrevistas|mitre en vivo|la 100 en vivo,other,argentino/rioplatense_probable,unknown,Infobae entrevista argentina completa,2,prefilter_reject:rechazo_keyword:tiktok
https://www.youtube.com/watch?v=YAFIFx6pW8w,"VICKY XIPOLITAKIS: su SEXTO SENTIDO, maternidad, SOLTERÍA y el peor momento que vivió | #LoDePampita",Infobae,https://www.youtube.com/channel/UCvsU0EGXN7Su7MfNqcTGNHg,YAFIFx6pW8w,2661,44.35,640,360,25,20260624,15757,es,vicky xipolitakis|infobae|lo de pampita|pampita|caro ardohain|le rompe un plato a betular|entrevista|se le cae la peluca|masterchef tres palabras|mirtha legrand|masterchef|german de mastercher|showmatch|cuarto oscuro|peluca|masterchef eliminada|avion|los amo|bailando|maternidad,other,argentino/rioplatense_probable,unknown,Infobae entrevista argentina completa,3,prefilter_reject:rechazo_keyword:tiktok
https://www.youtube.com/watch?v=hkaTYAfWvWc,"Saltó de un avión en llamas, no sabía cómo se llamaba ni tenía conciencia de que estaba viva",Infobae,https://www.youtube.com/channel/UCvsU0EGXN7Su7MfNqcTGNHg,hkaTYAfWvWc,3369,56.15,640,360,25,20260228,95572,es,,other,argentino/rioplatense_probable,unknown,Infobae entrevista argentina completa,4,prefilter_reject:rechazo_keyword:tiktok
https://www.youtube.com/watch?v=3L6UuwCZris,"Carlos Baute con Tatiana Schapiro: la historia de su fuga a los 11, tras pasar por un liceo militar",Infobae,https://www.youtube.com/channel/UCvsU0EGXN7Su7MfNqcTGNHg,3L6UuwCZris,3064,51.067,640,360,25,20260614,65133,es,Carlos Baute|Tatiana Schapiro|Carlos Baute entrevista|Es mi sueño|Es mi sueño jurado|Carlos Baute en Argentina|historia de Carlos Baute|infancia de Carlos Baute|música venezolana|Carlos Baute canciones|Infobae|Voces Infobae|entrevistas a famosos|cantantes venezolanos|Carlos Baute familia|Carlos Baute hijos|historias de vida|secretos de famosos|nuevo disco Carlos Baute|Carlos Baute 2026,interview,argentino/rioplatense_probable,1-2,Infobae entrevista argentina completa,5,prefilter_reject:rechazo_keyword:tiktok
https://www.youtube.com/watch?v=jLl1UgfeQ-0,"“El PERONISMO cambió la HISTORIA argentina"" | Felipe PIGNA mano a mano con Pedro ROSEMBLAT",GELATINA,https://www.youtube.com/channel/UCWSfXECGo1qK_H7SXRaUSMg,jLl1UgfeQ-0,2459,40.983,640,360,30,20260406,476573,es,,interview,argentino/rioplatense_probable,1-2,Gelatina entrevista argentina completa,1,prefilter_reject:rechazo_keyword:tiktok
https://www.youtube.com/watch?v=TwnvBZu1rSQ,¿CUÁNTO COBRÓ GELATINA por la ENTREVISTA? | Pedro ROSEMBLAT en INDUSTRIA NACIONAL,GELATINA,https://www.youtube.com/channel/UCWSfXECGo1qK_H7SXRaUSMg,TwnvBZu1rSQ,10393,173.217,640,360,30,20260427,113721,es,,interview,argentino/rioplatense_probable,1-2,Gelatina entrevista argentina completa,3,prefilter_reject:rechazo_keyword:tiktok
https://www.youtube.com/watch?v=9CC7yIrQiHA,EDUARDO FEINMANN: “NÉSTOR KIRCHNER TENÍA DEVOCIÓN CONMIGO” | con PEDRO ROSEMBLAT,GELATINA,https://www.youtube.com/channel/UCWSfXECGo1qK_H7SXRaUSMg,9CC7yIrQiHA,4076,67.933,640,360,30,20250428,697331,es,,interview,argentino/rioplatense_probable,1-2,Gelatina entrevista argentina completa,4,prefilter_reject:rechazo_keyword:tiktok
https://www.youtube.com/watch?v=P5T9t3XjPDU,"LUCRECIA MARTEL: ""No hay que tenerle miedo a nuestro tiempo"" | Con Pedro ROSEMBLAT",GELATINA,https://www.youtube.com/channel/UCWSfXECGo1qK_H7SXRaUSMg,P5T9t3XjPDU,3706,61.767,640,360,30,20260303,218623,es,,streamer,argentino/rioplatense_probable,1,Gelatina entrevista argentina completa,5,prefilter_reject:rechazo_keyword:tiktok
https://www.youtube.com/watch?v=k52VA9lpDSg,PEDRO SABORIDO: EL FENÓMENO INDIO SOLARI Y SU IMPACTO EN LA ARGENTINA | BLENDER,BLENDER,https://www.youtube.com/channel/UC6pJGaMdx5Ter_8zYbLoRgA,k52VA9lpDSg,1048,17.467,640,360,30,20260605,86688,es,esto es blender|blender|blender en vivo|blender stream|BLENDER|Blender|ESTO ES BLENDER|que dia!|ultimo aviso|hay algo ahi|blender at night|listorti|rebord|mauro szeta|fio sargenti|indio solari|redonditos de ricota|misa ricotera|PEDRO SABORIDO|ROCK NACIONAL,streamer,argentino/rioplatense_probable,1,Blender entrevista argentina completa,1,prefilter_reject:rechazo_keyword:tiktok
https://www.youtube.com/watch?v=lyUnTB84vBc,LA TRAMPA MORTAL DE BARREDA | CONFESIONES DE BAR con MAURO SZETA #3 | BLENDER,BLENDER,https://www.youtube.com/channel/UC6pJGaMdx5Ter_8zYbLoRgA,lyUnTB84vBc,1491,24.85,640,360,25,20240117,349696,es,Esto es Blender|Blender|Blender Guille Aquino|Blender humor|humor politico|sketch guille aquino blender|sketch guille aquino|guille aquino|Blender streams|Escucho Ofertas Blender|BLENDER|ESCUCHO OFERTAS|ESTO ES BLENDER|blender en vivo|blender de verano|blender verano|caso barreda|ricardo barreda|barreda|confesiones de bar mauro szeta,streamer,unknown,1,Blender entrevista argentina completa,2,ytsearch_metadata_no_download
https://www.youtube.com/watch?v=qfBtw6r0Dvc,EXPLOTÓ el DEBATE entre DIEGO RECALDE CONTRA TODOS | DOMINBORD #7 | BLENDER,BLENDER,https://www.youtube.com/channel/UC6pJGaMdx5Ter_8zYbLoRgA,qfBtw6r0Dvc,7094,118.233,640,360,30,20250602,188120,es,esto es blender|blender|blender en vivo|blender stream|BLENDER|Blender|ESTO ES BLENDER|dominbord|rebord domingo|rebord dominbord|blender dominbord|dominbord blender|dominbord rebord|DOMINBORD|rebord en vivo|tomas rebord|milei|dolar|polemica dolar|elecciones 2025,conversation,argentino/rioplatense_probable,3+,Blender entrevista argentina completa,3,ytsearch_metadata_no_download
https://www.youtube.com/watch?v=qEKPgqURvo0,REBORD - PERETTI | HAY ALGO AHÍ | BLENDER,BLENDER,https://www.youtube.com/channel/UC6pJGaMdx5Ter_8zYbLoRgA,qEKPgqURvo0,6352,105.867,640,360,30,20251107,162676,es,esto es blender|blender|blender en vivo|blender stream|BLENDER|Blender|ESTO ES BLENDER|diego peretti|rebord peretti|peretti|rebord diego peretti|metodo peretti|peretti rebord|rebord peretti blender|peretti blender|blender rebord peretti,streamer,argentino/rioplatense_probable,1,Blender entrevista argentina completa,4,ytsearch_metadata_no_download
https://www.youtube.com/watch?v=Nn0kxFXDfX4,PACHU PEÑA Y JOSEMA SIN FILTRO EN BLENDER AT NIGHT | #BAT COMPLETO 10/03 | BLENDER,BLENDER,https://www.youtube.com/channel/UC6pJGaMdx5Ter_8zYbLoRgA,Nn0kxFXDfX4,5171,86.183,640,360,30,20260311,110893,es,esto es blender|blender|blender en vivo|blender stream|BLENDER|Blender|ESTO ES BLENDER|programación 2026 blender|blender 2026|hay algo ahí 2026|mauro szeta|que dia|ultimo aviso|hay algo ahi|blender at night|en vivo|guille aquino|vorterix|olga|milei,interview,argentino/rioplatense_probable,1-2,Blender entrevista argentina completa,5,ytsearch_metadata_no_download
https://www.youtube.com/watch?v=QzYrf-vLE7o,LA MEJOR ENTREVISTA a FABI CANTILO de la HISTORIA (en OLGA),OLGA,https://www.youtube.com/channel/UC7mJ2EDXFomeDIRFu5FtEbA,QzYrf-vLE7o,3296,54.933,640,360,30,20260420,190122,es,olga|olga en vivo|olgaenvivo|migue granados|olga tv|olgatv|olga migue granados|migue granados olga|nati jota|fabi cantilo|fabi cantilo en olga|fabiana cantilo|fabiana cantilo olga|fabiana cantilo en olga|fabi cantilo y migue granados|fabi cantilo con migue granados|migue granados con fabi cantilo|migue granados con fabiana cantilo,interview,argentino/rioplatense_probable,1-2,OLGA entrevista completa argentina,3,prefilter_reject:rechazo_keyword:tiktok
https://www.youtube.com/watch?v=am-M5GIAWcs,ARCÁNGEL en OLGA: ENTREVISTA COMPLETA de TAPADOS DE LABURO,OLGA,https://www.youtube.com/channel/UC7mJ2EDXFomeDIRFu5FtEbA,am-M5GIAWcs,4666,77.767,640,360,30,20250703,204688,es,olga en vivo|olgaenvivo|migue granados|olga tv|olgatv|olga migue granados|migue granados olga|nati jota|tapados de laburo|olga 2025|programacion olga 2025|tapados de laburo olga|nacho elizalde olga|algo de musica|paula chaves|mortedor|mortedor olga|luli gonzalez|evelyn botto|luli gonzalez olga,interview,argentino/rioplatense_probable,1-2,OLGA entrevista completa argentina,5,prefilter_reject:rechazo_keyword:tiktok
https://www.youtube.com/watch?v=5I40GEybn0U,MARIA BECERRA en OLGA: ENTREVISTA COMPLETA y SHOW en LA CALLE | Tapados de Laburo | COMPLETO 27/03,OLGA,https://www.youtube.com/channel/UC7mJ2EDXFomeDIRFu5FtEbA,5I40GEybn0U,8728,145.467,640,360,30,20250327,454289,es,olga|olga en vivo|olgaenvivo|migue granados|olga tv|olgatv|olga migue granados|migue granados olga|nati jota|tapados de laburo|olga 2025|programacion olga 2025|tapados de laburo olga|nacho elizalde olga|paula chaves|mortedor|mortedor olga|luli gonzalez|luli gonzalez y marti benza|evelyn botto,interview,argentino/rioplatense_probable,1-2,OLGA entrevista completa argentina,6,prefilter_reject:rechazo_keyword:tiktok
https://www.youtube.com/watch?v=jxQ86dNjhbo,ACTUAMOS y LLORAMOS con ISABEL MACEDO y PETER LANZANI | Sería Increíble | COMPLETO 7/10,OLGA,https://www.youtube.com/channel/UC7mJ2EDXFomeDIRFu5FtEbA,jxQ86dNjhbo,8239,137.317,640,360,30,20251007,218858,es,olag|olfa|olba|orga|ogla|olg|olag tv|olja|olgfa|oolga|olga envivo|olga en vivo hoy|olga en vibo|olag en vivo|ogla en vivo|seria increible|sería increible|seria incrible|seria increible olga|seria increible nati jota,streamer,argentino/rioplatense_probable,1,Seria Increible OLGA entrevista completa,1,prefilter_reject:rechazo_keyword:tiktok
https://www.youtube.com/watch?v=UmqjuzLTXsI,ORIANA SABATINI en EXCLUSIVA: TODO SOBRE SU EMBARAZO | Sería Increíble | COMPLETO 2/10,OLGA,https://www.youtube.com/channel/UC7mJ2EDXFomeDIRFu5FtEbA,UmqjuzLTXsI,8009,133.483,640,360,30,20251002,243853,es,olag|olfa|olba|orga|ogla|olg|olag tv|olja|olgfa|oolga|olga envivo|olga en vivo hoy|olga en vibo|olag en vivo|ogla en vivo|seria increible|sería increible|seria incrible|seria increible olga|seria increible nati jota,streamer,argentino/rioplatense_probable,1,Seria Increible OLGA entrevista completa,2,prefilter_reject:rechazo_keyword:tiktok
https://www.youtube.com/watch?v=uLP_fRRvaPU,MAXI HABLÓ de LOS TATUAJES con WANDA | #SeríaIncreíble 19/1,OLGA,https://www.youtube.com/channel/UC7mJ2EDXFomeDIRFu5FtEbA,uLP_fRRvaPU,11554,192.567,640,360,30,20260119,175168,es,olag|ogla|olgfa|oolga|ogla en vivo|olga en vivo|olga|seria increible|seri increible|verano 2026|olga hostel|ogla hostel|eial moldavsky|nati jota|noe custodio|toto kirzner|olgaenvivo|olgahostel|maxi lopez|maxi lopez en olga,streamer,argentino/rioplatense_probable,1,Seria Increible OLGA entrevista completa,3,prefilter_reject:rechazo_keyword:tiktok
https://www.youtube.com/watch?v=nmgNlokoPe8,ENTREVISTA EXCLUSIVA A LA SIRENITA ROMÁN en OLGA | Sería Increíble | COMPLETO 16/05,OLGA,https://www.youtube.com/channel/UC7mJ2EDXFomeDIRFu5FtEbA,nmgNlokoPe8,7160,119.333,640,360,30,20250516,73628,es,olga|olga en vivo|olgaenvivo|migue granados|olga tv|olgatv|olga migue granados|migue granados olga|nati jota|damian betular|damian betular en olga|damian betular olga|eial moldavsky|eial moldavsky en olga|eial moldavsky olga|homero pettinato|homero petinatto en olga|homero petinatto olga|seria increible|seria increible olga,interview,argentino/rioplatense_probable,1-2,Seria Increible OLGA entrevista completa,4,prefilter_reject:rechazo_keyword:tiktok
https://www.youtube.com/watch?v=Cfbe-2D-r-U,"WANDA NARA CUENTA TODO: AMORES, POLÉMICAS y MASTERCHEF | Sería Increíble | COMPLETO 14/10",OLGA,https://www.youtube.com/channel/UC7mJ2EDXFomeDIRFu5FtEbA,Cfbe-2D-r-U,9284,154.733,640,360,30,20251014,546930,es,olag|olfa|olba|orga|ogla|olg|olag tv|olja|olgfa|oolga|olga envivo|olga en vivo hoy|olga en vibo|olag en vivo|ogla en vivo|seria increible|sería increible|seria incrible|seria increible olga|seria increible nati jota,streamer,argentino/rioplatense_probable,1,Seria Increible OLGA entrevista completa,5,prefilter_reject:rechazo_keyword:tiktok
https://www.youtube.com/watch?v=cAeIAyv4hZQ,"ENTREVISTA a MARIXA BALLI: ""LO VI A RODRIGO y CUPIDO ME ACRIBILLÓ""",OLGA,https://www.youtube.com/channel/UC7mJ2EDXFomeDIRFu5FtEbA,cAeIAyv4hZQ,2644,44.067,640,360,30,20251002,51949,es,olag|olfa|olba|orga|ogla|olg|olag tv|olja|olgfa|oolga|olga envivo|olga en vivo hoy|olga en vibo|olag en vivo|ogla en vivo|seria increible|sería increible|seria incrible|seria increible olga|seria increible nati jota,interview,argentino/rioplatense_probable,1-2,Seria Increible OLGA entrevista completa,6,prefilter_reject:rechazo_keyword:tiktok
https://www.youtube.com/watch?v=D9EsQ9_Xv3U,PREVIA DEL PARTIDO DE ARGENTINA Y VINO ERNESTOU | #ParenLaMano Completo - 02/07 | VORTERIX,Vorterix,https://www.youtube.com/channel/UCvCTWHCbBC0b9UIeLeNs8ug,D9EsQ9_Xv3U,6693,111.55,640,360,30,20260703,143361,es,Vorterix|radio|en vivo|entrevistas|actualidad|paren la mano|joaco cavanna|desde el respeto|german beder|vorterix en vivo|paren la mano en vivo|streaming|soñe que volaba|seria increible|lucas rodriguez|luquitas rodriguez|Paren La Mano|Luquitas rodriguez|Rober Galati|Alfre Montes de Oca,interview,argentino/rioplatense_probable,1-2,Paren La Mano entrevista completa argentina,1,ytsearch_metadata_no_download
https://www.youtube.com/watch?v=rDUAAU4WxrQ,VOLVIÓ ROBER Y DESCUBRIMOS LA CONSPIRACIÓN DEL MUNDIAL | #ParenLaMano Completo - 01/07 | VORTERIX,Vorterix,https://www.youtube.com/channel/UCvCTWHCbBC0b9UIeLeNs8ug,rDUAAU4WxrQ,6771,112.85,640,360,30,20260702,213110,es,Vorterix|radio|en vivo|entrevistas|actualidad|paren la mano|joaco cavanna|desde el respeto|german beder|vorterix en vivo|paren la mano en vivo|streaming|soñe que volaba|seria increible|lucas rodriguez|luquitas rodriguez|Paren La Mano|Luquitas rodriguez|Rober Galati|Alfre Montes de Oca,interview,argentino/rioplatense_probable,1-2,Paren La Mano entrevista completa argentina,2,ytsearch_metadata_no_download
https://www.youtube.com/watch?v=vt3vXTjEZhM,TRIBUNERO MUNDIALISTA EN MIAMI | #ParenLaMano Mundial 2026 - 02/07 | VORTERIX,Vorterix,https://www.youtube.com/channel/UCvCTWHCbBC0b9UIeLeNs8ug,vt3vXTjEZhM,3162,52.7,640,360,25,20260703,59644,es,Vorterix|radio|en vivo|entrevistas|actualidad|paren la mano|joaco cavanna|desde el respeto|german beder|vorterix en vivo|paren la mano en vivo|streaming|soñe que volaba|seria increible|lucas rodriguez|luquitas rodriguez|Paren La Mano|Luquitas rodriguez|Rober Galati|Alfre Montes de Oca,interview,argentino/rioplatense_probable,1-2,Paren La Mano entrevista completa argentina,3,ytsearch_metadata_no_download
https://www.youtube.com/watch?v=zCE7O_VJH0A,EL PROBLEMA DE MBAPPÉ Y REPASAMOS EL MUNDIAL | #ParenLaMano Completo - 19/06 | VORTERIX,Vorterix,https://www.youtube.com/channel/UCvCTWHCbBC0b9UIeLeNs8ug,zCE7O_VJH0A,6552,109.2,640,360,30,20260620,240093,es,Vorterix|radio|en vivo|entrevistas|actualidad|paren la mano|joaco cavanna|desde el respeto|german beder|vorterix en vivo|paren la mano en vivo|streaming|soñe que volaba|seria increible|lucas rodriguez|luquitas rodriguez|Paren La Mano|Luquitas rodriguez|Rober Galati|Alfre Montes de Oca,interview,argentino/rioplatense_probable,1-2,Paren La Mano entrevista completa argentina,4,ytsearch_metadata_no_download
https://www.youtube.com/watch?v=jS_WR43n4Hg,EL POST PARTIDO DE ARGENTINA: MESSI ADICTO AL GOL | #ParenLaMano Completo - 22/06 | VORTERIX,Vorterix,https://www.youtube.com/channel/UCvCTWHCbBC0b9UIeLeNs8ug,jS_WR43n4Hg,6553,109.217,640,360,30,20260623,289047,es,Vorterix|radio|en vivo|entrevistas|actualidad|paren la mano|joaco cavanna|desde el respeto|german beder|vorterix en vivo|paren la mano en vivo|streaming|soñe que volaba|seria increible|lucas rodriguez|luquitas rodriguez|Paren La Mano|Luquitas rodriguez|Rober Galati|Alfre Montes de Oca,interview,argentino/rioplatense_probable,1-2,Paren La Mano entrevista completa argentina,5,ytsearch_metadata_no_download
https://www.youtube.com/watch?v=NR2EQSY-FJ8,#ParenLaMano Completo - 22/04 | Vorterix,Vorterix,https://www.youtube.com/channel/UCvCTWHCbBC0b9UIeLeNs8ug,NR2EQSY-FJ8,5546,92.433,640,360,25,20220423,287228,es,Vorterix|mario pergolini|radio|en vivo|live streaming|rock|pop|trap|musica|indie|dos pelados|Maldicion Va A Ser un Día Hermoso|shows en vivo|entrevistas|actualidad|ultimos cartuchos|queridos humanos|cortina de humo|dante gebel|music show,interview,argentino/rioplatense_probable,1-2,Paren La Mano entrevista completa argentina,6,ytsearch_metadata_no_download
https://www.youtube.com/watch?v=ctxo1ihthIg,¿QUÉ PASÓ AYER? EL DÍA DESPUÉS DE LAS LEGISLATIVAS | PROGRAMA COMPLETO de SEGUROLA,Futurock FM,https://www.youtube.com/channel/UCgn6r0aGRBnEQm02tE_jzbw,ctxo1ihthIg,9662,161.033,640,360,30,20251027,40913,es,Futurock|Futurock radio|Futurock FM|periodismo|comunidad|medio independiente|comunidad Futurock|streaming|radio|podcast|análisis político|Julia Mengolini|noticias|humor|actualidad|política|agenda alternativa,other,argentino/rioplatense_probable,unknown,Futurock entrevista completa argentina,1,ytsearch_metadata_no_download
https://www.youtube.com/watch?v=fGw0Lq2kVcs,"¡VIVA LA DIFERENCIA, VIVA LAS TRAVAS, VIVA PERÓN! | FLOR DE LA V con JULIA MENGOLINI",Futurock FM,https://www.youtube.com/channel/UCgn6r0aGRBnEQm02tE_jzbw,fGw0Lq2kVcs,3020,50.333,640,360,30,20260202,62692,es,Futurock|Futurock radio|Futurock FM|periodismo|comunidad|medio independiente|comunidad Futurock|streaming|radio|podcast|análisis político|Julia Mengolini|noticias|humor|actualidad|política|agenda alternativa|Javier Milei|feminismo argentina|argentina,interview,argentino/rioplatense_probable,1-2,Futurock entrevista completa argentina,2,ytsearch_metadata_no_download
https://www.youtube.com/watch?v=eqw0QM4A0oA,Taty Almeida | Bios Militantes con Julia Mengolini en #Segurola,Futurock FM,https://www.youtube.com/channel/UCgn6r0aGRBnEQm02tE_jzbw,eqw0QM4A0oA,3415,56.917,640,360,30,20230922,6416,es,Futurock|Julia Mengolini|Malena Pichot|Furia Bebé|Darío Sztajnszrajber|juan amorín|bios militantes|taty almeida|taty|julia mengolini|julia mengolini futurock|julia mengolini segurola y habana|segurola y habana|segurola y habana futurock|derechos humanos|taty almeida dictadura|madres de plaza de mayo|abuelas de plaza de mayo|madres y abuelas|linea fundadora,podcast,argentino/rioplatense_probable,1-2,Futurock entrevista completa argentina,3,ytsearch_metadata_no_download
https://www.youtube.com/watch?v=9SIjdAngFKk,Entrevista a El Kuelgue (Ft. Louta y Malena Pichot) - Futurock en el Festival Buena Vibra,Futurock FM,https://www.youtube.com/channel/UCgn6r0aGRBnEQm02tE_jzbw,9SIjdAngFKk,981,16.35,640,360,24,20190306,83480,es,Futurock|Radio Online|Julia Mengolini|Malena Pichot|Darío Sztanjraider|Furia Bebé|Segurola y habana|Julián Kartún|El kuelgue|entrevista|festival buena vibra|buena vibra,interview,argentino/rioplatense_probable,1-2,Futurock entrevista completa argentina,4,ytsearch_metadata_no_download
https://www.youtube.com/watch?v=9srHFoiYxBw,¿QUIÉN GOBIERNA LA ARGENTINA? | PROGRAMA COMPLETO de LA PREGUNTA,Futurock FM,https://www.youtube.com/channel/UCgn6r0aGRBnEQm02tE_jzbw,9srHFoiYxBw,7162,119.367,640,360,30,20251019,18394,es,Futurock|La pregunta|Fede Vázquez|filosofía|filosofía contemporánea|filosofía y actualidad|filosofía en radio|Futurock radio|Futurock FM|periodismo|comunidad|medio independiente|comunidad Futurock|streaming|radio|podcast|análisis político|Julia Mengolini|noticias|humor,other,argentino/rioplatense_probable,unknown,Futurock entrevista completa argentina,5,ytsearch_metadata_no_download
https://www.youtube.com/watch?v=g3qRPFiMMrU,CARCA | ENTREVISTA COMPLETA con MATIAS MESSOULAM en LA HORA ANIMADA,Futurock FM,https://www.youtube.com/channel/UCgn6r0aGRBnEQm02tE_jzbw,g3qRPFiMMrU,3085,51.417,640,360,30,20251028,605,es,Futurock|Futurock radio|Futurock FM|periodismo|comunidad|medio independiente|comunidad Futurock|streaming|radio|podcast|análisis político|Julia Mengolini|noticias|humor|actualidad|política|agenda alternativa|La hora animada|Matías Messoulam|Barbi Recanati,interview,argentino/rioplatense_probable,1-2,Futurock entrevista completa argentina,6,prefilter_reject:rechazo_keyword:musica
https://www.youtube.com/watch?v=F_WBsjqq_ZM,¿Cómo ven la ARGENTINA los ECONOMISTAS LIBERTARIOS? l CASTIÑEIRA y CARRINO con TENEMBAUM,Radio Con Vos 89.9,https://www.youtube.com/channel/UCxDteokWBemJvLI_I0VUGdA,F_WBsjqq_ZM,1243,20.717,640,360,25,20260430,13134,es,,streamer,argentino/rioplatense_probable,1,Radio con Vos entrevista completa argentina,1,prefilter_reject:rechazo_keyword:tiktok
https://www.youtube.com/watch?v=Tteq2Ttoq8Y,"MEMORIA, VERDAD Y JUSTICIA: LA HISTORIA QUE CONSTRUYÓ LA SOCIEDAD l TENEMBAUM EDITORIAL",Radio Con Vos 89.9,https://www.youtube.com/channel/UCxDteokWBemJvLI_I0VUGdA,Tteq2Ttoq8Y,3810,63.5,640,360,30,20260324,22999,es,24 de marzo argentina memoria verdad justicia|golpe militar 1976 argentina historia completa|dictadura argentina desaparecidos testimonios|nunca mas conadep que paso argentina|editorial tenembaum radio con vos 24 marzo|tenembaum|tenembaum editorial,streamer,argentino/rioplatense_probable,1,Radio con Vos entrevista completa argentina,2,prefilter_reject:rechazo_keyword:tiktok
https://www.youtube.com/watch?v=rU9RWWTil_Y,"""El gobierno de Milei es el peor de la historia argentina"" l ALBERTO SAMID con TENEMBAUM",Radio Con Vos 89.9,https://www.youtube.com/channel/UCxDteokWBemJvLI_I0VUGdA,rU9RWWTil_Y,2038,33.967,640,360,30,20260416,30794,es,alberto samid entrevista completa|que dijo samid sobre milei|crisis carne argentina 2026|inflacion argentina hoy impacto consumo|entrevista radio con vos samid|samid|milei|radio con vos|tenembaum|política argentina|peronismo,interview,argentino/rioplatense_probable,1-2,Radio con Vos entrevista completa argentina,3,prefilter_reject:rechazo_keyword:tiktok
https://www.youtube.com/watch?v=OkGm6cIX9GU,EL PERSONAJE DE ALEJANDRO ROZITCHNER l TENEMBAUM EDITORIAL,Radio Con Vos 89.9,https://www.youtube.com/channel/UCxDteokWBemJvLI_I0VUGdA,OkGm6cIX9GU,2301,38.35,640,360,30,20260618,51675,es,Rozitchner periodismo Milei|que pasa con el gobierno de Milei hoy|editorial Tenembaum Radio Con Vos|acuerdo Iran Estados Unidos Argentina|economía real argentina 2026|rozitchner|milei periodismo|milei periodistas|tenembaum|tenembaum editorial|radio con vos,interview,argentino/rioplatense_probable,1-2,Radio con Vos entrevista completa argentina,4,prefilter_reject:rechazo_keyword:tiktok
https://www.youtube.com/watch?v=3fai8ZLfUjk,LA CERO EMPATÍA DE MILEI l TENEMBAUM y SIETECASE,Radio Con Vos 89.9,https://www.youtube.com/channel/UCxDteokWBemJvLI_I0VUGdA,3fai8ZLfUjk,711,11.85,640,360,25,20260515,21454,es,Javier Milei hoy|Marcelo Mazzarello PAMI|que pasa con milei|crisis jubilados argentina 2026|Tenembaum y Sietecase completo|tenembaum|sietecase|milei|radio con vos,streamer,argentino/rioplatense_probable,1,Radio con Vos entrevista completa argentina,5,prefilter_reject:rechazo_keyword:tiktok
https://www.youtube.com/watch?v=uIYqDknIvaE,ERNESTO TENEMBAUM: “Corté la comunicación con Milei”,Radio Con Vos 89.9,https://www.youtube.com/channel/UCxDteokWBemJvLI_I0VUGdA,uIYqDknIvaE,4449,74.15,640,360,25,20251130,100041,es,entrevista ernesto tenembaum 220 podcast|nico guthmann tomás quintín palma charla completa|análisis político argentina 2025|periodismo y milei debate|conversación ernesto tenembaum actualidad|ernesto tenembaum|tenembaum entrevista|política argentina|periodismo|milei periodismo,podcast,argentino/rioplatense_probable,1-2,Radio con Vos entrevista completa argentina,6,prefilter_reject:rechazo_keyword:tiktok
https://www.youtube.com/watch?v=-0fIs4jb_DE,"TATA | CAFE JAPON, EL HIJO DEL PUPI, DRAMI NOS ABANDONO Y ENTREVISTA A NAVAJA CRIMEN",Congo,https://www.youtube.com/channel/UCL-MUCXcvWIrJBdGef9Nn1Q,-0fIs4jb_DE,7639,127.317,640,360,30,20221007,2141,,,interview,argentino/rioplatense_probable,1-2,Congo FM entrevista completa argentina,1,prefilter_reject:rechazo_keyword:tiktok
https://www.youtube.com/watch?v=hTUpDOL0uxk,"TATA | COMPRAS PARA LA FIESTA , A LAS CHICAS LES CAMBIO LA VOZ Y ARGENTINA 1985 CON MATI LERTORA",Congo,https://www.youtube.com/channel/UCL-MUCXcvWIrJBdGef9Nn1Q,hTUpDOL0uxk,7297,121.617,640,360,30,20221004,2455,,,other,argentino/rioplatense_probable,unknown,Congo FM entrevista completa argentina,2,prefilter_reject:rechazo_keyword:tiktok
https://www.youtube.com/watch?v=1pR8zOu5Lik,TATA DE VERANO | EL MÉTODO GRÖNHOLM Y AMIGAS PRESTADAS CON MARINA BELLATI,Congo,https://www.youtube.com/channel/UCL-MUCXcvWIrJBdGef9Nn1Q,1pR8zOu5Lik,1886,31.433,640,360,30,20230216,546,es,,other,argentino/rioplatense_probable,unknown,Congo FM entrevista completa argentina,3,prefilter_reject:rechazo_keyword:tiktok
https://www.youtube.com/watch?v=c4jgxrNCIY8,"TATA | LOS 15KG DE LECHUGA DE MARTIN PEPA, LA MEJOR DE NTVG Y ENTREVISTA A LUCHO MELLERA",Congo,https://www.youtube.com/channel/UCL-MUCXcvWIrJBdGef9Nn1Q,c4jgxrNCIY8,7216,120.267,640,360,30,20221017,2057,,,interview,argentino/rioplatense_probable,1-2,Congo FM entrevista completa argentina,4,prefilter_reject:rechazo_keyword:tiktok
https://www.youtube.com/watch?v=IGYG0Kn0wxo,ENTREVISTA: DIEGO TORRES,Congo,https://www.youtube.com/channel/UCL-MUCXcvWIrJBdGef9Nn1Q,IGYG0Kn0wxo,2268,37.8,640,360,25,20200903,1734,es,diego torres|torres|musica|argentina|golden rocket|maradona|90s|tratar de estar mejor|color esperanza,interview,argentino/rioplatense_probable,1-2,Congo FM entrevista completa argentina,5,ytsearch_metadata_no_download
https://www.youtube.com/watch?v=Je1QlO-OcYA,Periodista japonés queda paralizado tras recibir beso de Melissa Martínez,Deportes RCN,https://www.youtube.com/channel/UCOqPtiqIO3XobOq3txjwdZA,Je1QlO-OcYA,97,1.617,640,360,30,20180617,17852536,es,Mundial rusia2018|japón|deportesRCN|CanalRCN|Copa del mundo|Slección Colombia|Melissa Martínez|mundial|concentración Japón|RCN|Entrevista Melissa|Japones|beso,other,unknown,unknown,Congo FM entrevista completa argentina,6,prefilter_reject:duracion_menor_a_480s
https://www.youtube.com/watch?v=ntwBKZn1usk,"HASTA SIEMPRE, INDIO | Especial con Pedro Rosemblat",GELATINA,https://www.youtube.com/channel/UCWSfXECGo1qK_H7SXRaUSMg,ntwBKZn1usk,9435,157.25,640,360,30,20260606,641941,es,,interview,argentino/rioplatense_probable,1-2,Gelatina entrevista completa argentina,6,prefilter_reject:rechazo_keyword:tiktok
https://www.youtube.com/watch?v=6JtUAE3aTMk,"PRIMERA PARTE: PROTOPUNK | SERGIO ROTMAN, SOFÍA GALA Y JIME GONIK | VIAJE AL SONIDO 2.7 | COMPLETO",Picnic Extraterrestre,https://www.youtube.com/channel/UCzHOIqsAR8xv-Q7SrzBQxqA,6JtUAE3aTMk,5070,84.5,640,360,30,20240702,26753,es,,educational,unknown,1,Picnic Extraterrestre entrevista completa argentina,1,prefilter_reject:rechazo_keyword:tiktok
https://www.youtube.com/watch?v=nWhwBWzIwdo,"JOY DIVISION, NEW ORDER Y EL DARK ARGENTINO DE LOS '80 | VIAJE AL SONIDO 1.10 | PROGRAMA COMPLETO",Picnic Extraterrestre,https://www.youtube.com/channel/UCzHOIqsAR8xv-Q7SrzBQxqA,nWhwBWzIwdo,5555,92.583,640,360,30,20241002,16332,es,,other,argentino/rioplatense_probable,unknown,Picnic Extraterrestre entrevista completa argentina,2,prefilter_reject:rechazo_keyword:tiktok
https://www.youtube.com/watch?v=Ff2K4M55XL0,CA7RIEL y Paco Amoroso CON MORIA | JULI SAVIOLI REACCIONA | NAVE NODRIZA 26.8 | PROGRAMA COMPLETO,Picnic Extraterrestre,https://www.youtube.com/channel/UCzHOIqsAR8xv-Q7SrzBQxqA,Ff2K4M55XL0,4794,79.9,640,360,30,20240826,236182,es,,other,unknown,unknown,Picnic Extraterrestre entrevista completa argentina,3,prefilter_reject:rechazo_keyword:tiktok
https://www.youtube.com/watch?v=yYb6sDBrw-I,"SEGUNDA PARTE: PUNK | SERGIO ROTMAN, SOFÍA GALA Y JIME GONIK | VIAJE AL SONIDO 9.7 | COMPLETO",Picnic Extraterrestre,https://www.youtube.com/channel/UCzHOIqsAR8xv-Q7SrzBQxqA,yYb6sDBrw-I,5563,92.717,640,360,25,20240709,13696,es,,educational,unknown,1,Picnic Extraterrestre entrevista completa argentina,4,prefilter_reject:rechazo_keyword:tiktok
https://www.youtube.com/watch?v=PwrJmnF_wWI,ESPECIAL LAS CHICAS DE LA CULPA CON MORIA CASÁN | NAVE NODRIZA 21.10 | PROGRAMA COMPLETO,Picnic Extraterrestre,https://www.youtube.com/channel/UCzHOIqsAR8xv-Q7SrzBQxqA,PwrJmnF_wWI,4830,80.5,640,360,24,20241021,128769,es,,other,unknown,unknown,Picnic Extraterrestre entrevista completa argentina,5,prefilter_reject:rechazo_keyword:tiktok
https://www.youtube.com/watch?v=i9Wq1TjHyZ0,"DANIEL MELERO CON SERGIO ROTMAN, SOFÍA GALA Y JIME GONIK | VIAJE AL SONIDO 6.8 | PROGRAMA COMPLETO",Picnic Extraterrestre,https://www.youtube.com/channel/UCzHOIqsAR8xv-Q7SrzBQxqA,i9Wq1TjHyZ0,5605,93.417,640,360,30,20240806,22123,es,,other,unknown,unknown,Picnic Extraterrestre entrevista completa argentina,6,prefilter_reject:rechazo_keyword:tiktok
https://www.youtube.com/watch?v=2WfR_2HwUzo,“¿¡Qué te importa!?”: Juana Molina FRENÓ EN SECO a Pergolini en Otro día perdido,eltrece,https://www.youtube.com/channel/UC0DM_mHV2u6dj8ig51GkQwg,2WfR_2HwUzo,148,2.467,640,360,25,20251011,566961,es,pergolini eltrece|mario pergolini|pergolini otro día perdido|otro día perdido|mario pergolini regresa a eltrece|otro día perdido en vivo|otro dia perdido hoy|estreno|en vivo|el trece en vivo|eltrece vivo|pergolini|laila roth|rada|soy rada|agustín aristaran|OTRO DÍA PERDIDO - PROGRAMA 10/10/25|juana molina,other,unknown,unknown,La Casa streaming entrevista argentina completa,1,prefilter_reject:duracion_menor_a_480s
https://www.youtube.com/watch?v=WDivKo84kzw,¡FUERTE CRUCE KUN AGUERO vs DAVO XENEIZE! (VIDEO COMPLETO),SKILLS News,https://www.youtube.com/channel/UCuW8zRhT5kVmcpSILAhiYRw,WDivKo84kzw,752,12.533,640,360,25,20240823,1836135,es,coscu|coscu stream con oky completo|coscu stream|coscu stream completo|coscu stream miami|coscu stream miami completo|coscu kun aguero|coscu aguero|kun davo|davo kun aguero stream|davo aguero|aguero davo|davo kun aguero|kun aguero davo xeneize|aguero|aguero vs davo|davo vs aguero|davo|davoo xeneize kun aguero|kun aguero,streamer,argentino/rioplatense_probable,1,La Casa streaming entrevista argentina completa,3,ytsearch_metadata_no_download
https://www.youtube.com/watch?v=Hyuj-CFqqms,CAZZU y LA JOAQUI son CASI HERMANAS,LA CASA STREAMING,https://www.youtube.com/channel/UC4u0BhsSi33PS20_1JHiC5A,Hyuj-CFqqms,915,15.25,640,360,25,20250514,169207,es,RM|Lizardo Ponce|Julieta Poggio|actualidad pop|lifestyle|famosos argentinos|redes sociales|Humor joven|LUZU|OLGA|VORTERIX|Emilia|Tini|María Becerra|La Joaqui|Yas Gagliardi|Masna Remix|Bunda trend|contenido viral|argentina en vivo,streamer,argentino/rioplatense_probable,1,La Casa streaming entrevista argentina completa,4,prefilter_reject:rechazo_keyword:tiktok
https://www.youtube.com/watch?v=x0-2FXynLnU,LA PREVIA DE #FUTTTURA | SHOW EN VIVO,LA CASA STREAMING,https://www.youtube.com/channel/UC4u0BhsSi33PS20_1JHiC5A,x0-2FXynLnU,2578,42.967,640,360,25,20250408,517703,es,La|Casa|Stream|Streaming|GH|Gran Hermano|VIVO|LUZU|OLGA|Tengo Capturas|Lara|Lopez|Calvo|Gonzalo|Azis|Sofia|Kotler|Facundo|Oses|Joan,streamer,argentino/rioplatense_probable,1,La Casa streaming entrevista argentina completa,5,prefilter_reject:rechazo_keyword:tiktok
https://www.youtube.com/watch?v=dSzqoR07F28,"Chino Darín: ""Si hubiera nacido 15 años después, ahora sería streamer"" | Caja Negra",Filo News,https://www.youtube.com/channel/UC9vs8KujZ2kJ2hbg01fNRVw,dSzqoR07F28,5246,87.433,640,360,25,20230510,211918,es,Darín|Chino Darín|Caja Negra|Julio Leiva|Filo News,interview,argentino/rioplatense_probable,1-2,Caja Negra entrevista completa actor argentino,1,ytsearch_metadata_no_download
https://www.youtube.com/watch?v=RXivg31DQ28,"Natalia Oreiro: ""Gilda fue el único proyecto donde yo sentí una pérdida cuando terminó"" | Caja Negra",Filo News,https://www.youtube.com/channel/UC9vs8KujZ2kJ2hbg01fNRVw,RXivg31DQ28,4277,71.283,640,360,25,20230705,410534,es,natalia oreiro|natalia|oreiro|gilda|evita|xuxa|paquita,interview,argentino/rioplatense_probable,1-2,Caja Negra entrevista completa actor argentino,4,ytsearch_metadata_no_download
https://www.youtube.com/watch?v=8fySGL5rp6U,"Pachu Peña: ""En Corte y Confección vendo humo y trato de que la gente se divierta"" | Caja Negra",Filo News,https://www.youtube.com/channel/UC9vs8KujZ2kJ2hbg01fNRVw,8fySGL5rp6U,2494,41.567,640,360,25,20210407,1326411,es,pachu peña|pachu tentado|corte y confección famosos|corte y confeccion 2021|corte y confección|pachu|yayo|sin codificar|pachu en corte y confeccion|pachu peña tentado|pachu caja negra|pachu peña caja negra|caja negra|cajanegra|filonews|filo news|filo|Julio Leiva|videomatch|pachu videomatch,interview,unknown,1-2,Caja Negra entrevista completa actor argentino,5,ytsearch_metadata_no_download
https://www.youtube.com/watch?v=Nr_4wLCMdWg,Gente Buena #26 - Rodrigo de la Serna | OKUPAS 26 años después,Gente Buena,https://www.youtube.com/channel/UC2OeWqfmSEVI2pGbU6DFMkw,Nr_4wLCMdWg,4233,70.55,640,360,30,20260616,286473,es,,other,unknown,unknown,Caja Negra entrevista completa actor argentino,6,ytsearch_metadata_no_download
https://www.youtube.com/watch?v=rDUY39o7gdg,El humor del inconsciente de Lucho Mellera | Luciano Mellera | TEDxRiodelaPlata,TEDx Talks,https://www.youtube.com/channel/UCsT0YIqwnpJCM-mx7-gSA4Q,rDUY39o7gdg,1664,27.733,640,360,25,20190122,905768,es,TEDxTalks|Spanish|Entertainment|Comedy|Humor|Ideas|Music (topic)|Rap,educational,argentino/rioplatense_probable,1,TEDxRiodelaPlata charla completa argentina,2,ytsearch_metadata_no_download
https://www.youtube.com/watch?v=SiOrA0QqEKE,Olor a campeón | Gonzalo Vilariño | TEDxRiodelaPlata,TEDx Talks,https://www.youtube.com/channel/UCsT0YIqwnpJCM-mx7-gSA4Q,SiOrA0QqEKE,889,14.817,640,360,24,20151005,117318,,TEDxTalks|Spanish|Argentina|Life|Behavior|Career|Choice|Connection|Consciousness|Culture|Discrimination|Dreams|Empathy|Leadership|Motivation|Soccer|Sports|Success,monologue,argentino/rioplatense_probable,1,TEDxRiodelaPlata charla completa argentina,3,ytsearch_metadata_no_download
https://www.youtube.com/watch?v=IIh9LpMORD0,¿Y te vas a quedar acá? |  Radagast | TEDxJoven@RíodelaPlata,TEDx Talks,https://www.youtube.com/channel/UCsT0YIqwnpJCM-mx7-gSA4Q,IIh9LpMORD0,1069,17.817,640,360,25,20171117,3465450,es,TEDxTalks|Spanish|Life|Creativity|Curiosity|Entertainment|Motivation|Self improvement|Youth,interview,unknown,1-2,TEDxRiodelaPlata charla completa argentina,4,ytsearch_metadata_no_download
https://www.youtube.com/watch?v=-wa7igZnkJk,Río de las ideas | Luciano Mellera | TEDxRiodelaPlata,TEDx Talks,https://www.youtube.com/channel/UCsT0YIqwnpJCM-mx7-gSA4Q,-wa7igZnkJk,1355,22.583,640,360,25,20171219,819800,,TEDxTalks|Spanish|Entertainment|Comedy,educational,argentino/rioplatense_probable,1,TEDxRiodelaPlata charla completa argentina,5,ytsearch_metadata_no_download
https://www.youtube.com/watch?v=8nKCA9h-7BA,Cómo nos manipulan en las redes sociales | Santiago Bilinkis | TEDxRiodelaPlata,TEDx Talks,https://www.youtube.com/channel/UCsT0YIqwnpJCM-mx7-gSA4Q,8nKCA9h-7BA,1072,17.867,640,360,25,20191127,5261350,es,TEDxTalks|Spanish|Technology|Behavorial economics|Big Data|Creativity|Individualism|Smartphone|Social Interaction,other,unknown,unknown,TEDxRiodelaPlata charla completa argentina,6,ytsearch_metadata_no_download
https://www.youtube.com/watch?v=VGZyTiAh99g,"5.ª Conferencia Anual del CEPE | Energía, cambio climático y crecimiento",Universidad Torcuato Di Tella,https://www.youtube.com/channel/UCQrz6GQ5sbmtTMEAuPSg4zw,VGZyTiAh99g,30927,515.45,640,360,30,20220825,1782,es,,educational,argentino/rioplatense_probable,1,Universidad Torcuato Di Tella charla argentina speaker,1,prefilter_reject:duracion_mayor_a_14400s
https://www.youtube.com/watch?v=WSdtwNRTG38,XX Jornadas de Historia | Rosas y su época,Universidad Torcuato Di Tella,https://www.youtube.com/channel/UCQrz6GQ5sbmtTMEAuPSg4zw,WSdtwNRTG38,17417,290.283,640,360,30,20221111,967,es,,other,argentino/rioplatense_probable,unknown,Universidad Torcuato Di Tella charla argentina speaker,2,prefilter_reject:duracion_mayor_a_14400s
https://www.youtube.com/watch?v=5BHntfyUyu0,El factor Perón en la historia argentina,Universidad Torcuato Di Tella,https://www.youtube.com/channel/UCQrz6GQ5sbmtTMEAuPSg4zw,5BHntfyUyu0,3002,50.033,640,360,30,20160512,4978,es,CienciasPolíticas|EEII|Perón,educational,argentino/rioplatense_probable,1,Universidad Torcuato Di Tella charla argentina speaker,3,ytsearch_metadata_no_download
https://www.youtube.com/watch?v=qvTfsiFX9Lc,"Conferencia de Florencia Collo. Ciclo ""El Trabajo de los demás"". 18/08/2022",Escuela de Arquitectura y Estudios Urbanos,https://www.youtube.com/channel/UC8UBH2fddTg0eSWChrt9ZSQ,qvTfsiFX9Lc,7295,121.583,640,360,30,20220909,880,es,,educational,argentino/rioplatense_probable,1,Universidad Torcuato Di Tella charla argentina speaker,4,ytsearch_metadata_no_download
https://www.youtube.com/watch?v=MQXeQFI_KU4,La Argentina y las perspectivas de la economía global,Universidad Torcuato Di Tella,https://www.youtube.com/channel/UCQrz6GQ5sbmtTMEAuPSg4zw,MQXeQFI_KU4,4520,75.333,640,360,30,20180315,3244,es,Christine Lagarde|FMI|Nicolás Dujovne|Universidad Torcuato Di Tella|UTDT|ministro|Fondo Monetario Internacional|y Nicolás Dujovne|ministro de Hacienda de la Nación Argentina|Hacienda|IMF|Argentina|Streaming,educational,argentino/rioplatense_probable,1,Universidad Torcuato Di Tella charla argentina speaker,5,ytsearch_metadata_no_download
https://www.youtube.com/watch?v=YNMytQk-dtE,"Study Trip: Universidad Torcuato Di Tella (Buenos Aires, Argentina)",Universidad del Pacífico,https://www.youtube.com/channel/UCykHSUQsPffTBmJvUlimeqw,YNMytQk-dtE,127,2.117,640,360,30,20200612,1810,es,,educational,argentino/rioplatense_probable,1,Universidad Torcuato Di Tella charla argentina speaker,6,prefilter_reject:duracion_menor_a_480s
https://www.youtube.com/watch?v=sjnH4bTak9s,Obstáculos ideológicos en el empleo,Universidad Torcuato Di Tella,https://www.youtube.com/channel/UCQrz6GQ5sbmtTMEAuPSg4zw,sjnH4bTak9s,1430,23.833,640,360,25,20210409,539,es,,interview,argentino/rioplatense_probable,1-2,UTDT entrevista completa argentina,1,ytsearch_metadata_no_download
https://www.youtube.com/watch?v=h7zOX40kPgA,"🎙️Entrevista a Andrés Hatum, Prof  Management y Organización en la  Universidad Torcuato Di Tella.",GhidiniRodil,https://www.youtube.com/channel/UC3LNJg0-mcPUa_JdS9XY_-Q,h7zOX40kPgA,1400,23.333,360,360,24,20220826,450,es,,interview,unknown,1-2,UTDT entrevista completa argentina,2,ytsearch_metadata_no_download
https://www.youtube.com/watch?v=EhYznjqlcKY,Guido Di Tella con Juan Carlos de Pablo - DiFilm (1998),archivodichiara,https://www.youtube.com/channel/UCokHw-CWO2ish-ftCin67Lg,EhYznjqlcKY,2358,39.3,480,360,25,20180113,3020,es,Archivo|Difilm|Guido Di Tella|Juan Carlos de Pablo|Momento Económico|Programa Momento Económico|Television Argentina|Programa de TV|Archivo DiFilm|Programa de televisión,other,argentino/rioplatense_probable,unknown,UTDT entrevista completa argentina,3,ytsearch_metadata_no_download
https://www.youtube.com/watch?v=CKkM2Y2Cw4Y,PROGRAMA DE INTERCAMBIO EN DI TELLA.,Redondel TV Films,https://www.youtube.com/channel/UC6cO4LkCTLffU2Ff_CQit-A,CKkM2Y2Cw4Y,447,7.45,640,360,25,20171121,497,es,padel;|app;streaming,other,argentino/rioplatense_probable,unknown,UTDT entrevista completa argentina,4,prefilter_reject:duracion_menor_a_480s
https://www.youtube.com/watch?v=NZH5EJeoOA8,Emprendedores en Di Tella | ¿Cómo nacen las empresas tecnológicas de alto impacto?,Universidad Torcuato Di Tella,https://www.youtube.com/channel/UCQrz6GQ5sbmtTMEAuPSg4zw,NZH5EJeoOA8,3809,63.483,640,360,30,20210923,925,es,,other,argentino/rioplatense_probable,unknown,UTDT entrevista completa argentina,5,ytsearch_metadata_no_download
https://www.youtube.com/watch?v=MLB5lQ8AaCQ,"Otra trama - 327 cuadernos, entrevista a Andres Di Tella - 19-09-15",Televisión Pública,https://www.youtube.com/channel/UCs231K71Bnu5295_x0MB5Pg,MLB5lQ8AaCQ,756,12.6,640,360,25,20150921,4537,es,327 cuadernos|Ricardo Piglia|Otra trama|TVP|Pública|Televisión|TV Pública Digital (TV Channel)|Argentina|Andres Di Tella,interview,argentino/rioplatense_probable,1-2,UTDT entrevista completa argentina,6,ytsearch_metadata_no_download
https://www.youtube.com/watch?v=6VXzpDfdFL0,Entrená tu mente como un atleta,Fundación OSDE,https://www.youtube.com/channel/UCSrRqAVVOk8cjYIvlcI-jTA,6VXzpDfdFL0,6034,100.567,640,360,30,20260429,2482,es,,educational,unknown,1,Fundacion OSDE entrevista argentina completa,1,ytsearch_metadata_no_download
https://www.youtube.com/watch?v=OiG7hbPFaC8,¿Quién cuida al que cuida? Cómo manejarnos con un familiar que sufre un problema de salud mental,Fundación OSDE,https://www.youtube.com/channel/UCSrRqAVVOk8cjYIvlcI-jTA,OiG7hbPFaC8,3897,64.95,640,360,30,20221215,1478,es,#saludmentalyemocional|#FundaciónOSDE,educational,argentino/rioplatense_probable,1,Fundacion OSDE entrevista argentina completa,2,ytsearch_metadata_no_download
https://www.youtube.com/watch?v=3lENW2nNZ-o,Entrevistas en el Espacio - Damián Betular,Fundación OSDE,https://www.youtube.com/channel/UCSrRqAVVOk8cjYIvlcI-jTA,3lENW2nNZ-o,922,15.367,640,360,25,20230302,690,es,,interview,unknown,1-2,Fundacion OSDE entrevista argentina completa,3,ytsearch_metadata_no_download
https://www.youtube.com/watch?v=fZQvnfZ9Ebc,Fundación OSDE | van Dijck | Redes Sociales: Una mirada crítica,Fundación OSDE,https://www.youtube.com/channel/UCSrRqAVVOk8cjYIvlcI-jTA,fZQvnfZ9Ebc,5060,84.333,640,360,25,20170802,11979,es,,educational,unknown,1,Fundacion OSDE entrevista argentina completa,4,ytsearch_metadata_no_download
https://www.youtube.com/watch?v=YLlKLzU4WvE,Moreno Veloso en Fundación OSDE (Parte 4),Fundación OSDE,https://www.youtube.com/channel/UCSrRqAVVOk8cjYIvlcI-jTA,YLlKLzU4WvE,1043,17.383,640,360,25,20140630,271,es,moreno veloso|filba|grupo osde|fundacion osde|osde|poemas cantados,interview,argentino/rioplatense_probable,1-2,Fundacion OSDE entrevista argentina completa,5,prefilter_reject:rechazo_keyword:musica
https://www.youtube.com/watch?v=15ajA6JsJr8,Moreno Veloso en Fundación OSDE (Parte 5),Fundación OSDE,https://www.youtube.com/channel/UCSrRqAVVOk8cjYIvlcI-jTA,15ajA6JsJr8,518,8.633,640,360,25,20140630,155,pt,Moreno veloso|filba|fundacion osde|osde|grupo osde|poemas cantados,interview,argentino/rioplatense_probable,1-2,Fundacion OSDE entrevista argentina completa,6,prefilter_reject:rechazo_keyword:musica
https://www.youtube.com/watch?v=8npm4Yjlbjw,Destellos en la oscuridad. Episodio 1. Rita Segato. Participación especial: Valeria Bertuccelli,elDiarioAR,https://www.youtube.com/channel/UCUsdzvhadkj-B91pD7D0KFw,8npm4Yjlbjw,4214,70.233,640,360,25,20260501,86400,es,,other,unknown,unknown,elDiarioAR entrevista completa argentina,1,ytsearch_metadata_no_download
https://www.youtube.com/watch?v=Qcd-nxdUwFk,Entrevista a Abel Gilbert y Pablo Alabarces,elDiarioAR,https://www.youtube.com/channel/UCUsdzvhadkj-B91pD7D0KFw,Qcd-nxdUwFk,229,3.817,640,360,25,20220109,464,es,,interview,unknown,1-2,elDiarioAR entrevista completa argentina,2,prefilter_reject:duracion_menor_a_480s
https://www.youtube.com/watch?v=VEaISWPJ_NY,Destellos en la oscuridad. Episodio 2. Dolores Fonzi y Dora Barrancos,elDiarioAR,https://www.youtube.com/channel/UCUsdzvhadkj-B91pD7D0KFw,VEaISWPJ_NY,3347,55.783,640,360,24,20260508,18101,es,,other,unknown,unknown,elDiarioAR entrevista completa argentina,3,ytsearch_metadata_no_download
https://www.youtube.com/watch?v=ydkswOvWvbk,Martín Kohan por Agustina Larrea: una conversación en elDiarioAR.,elDiarioAR,https://www.youtube.com/channel/UCUsdzvhadkj-B91pD7D0KFw,ydkswOvWvbk,3221,53.683,640,360,30,20221120,1995,es,Martín Kohan|Agustina Larrea|elDiarioAR|Entrevista|Comunicación|Libros|Teléfono fijo|Boca|Literatura,other,unknown,unknown,elDiarioAR entrevista completa argentina,4,ytsearch_metadata_no_download
https://www.youtube.com/watch?v=iq3Kk2OFJI4,Destellos en la oscuridad. Episodio 6. Lucrecia Martel,elDiarioAR,https://www.youtube.com/channel/UCUsdzvhadkj-B91pD7D0KFw,iq3Kk2OFJI4,3135,52.25,640,360,25,20260605,17510,es,,monologue,argentino/rioplatense_probable,1,elDiarioAR entrevista completa argentina,5,ytsearch_metadata_no_download
https://www.youtube.com/watch?v=47fBr6NQE_4,La cocina de elDiarioAR: Emilia Delfino cuenta la importancia de hacer periodismo con libertad,elDiarioAR,https://www.youtube.com/channel/UCUsdzvhadkj-B91pD7D0KFw,47fBr6NQE_4,372,6.2,202,360,30,20220509,185,es,,other,unknown,unknown,elDiarioAR entrevista completa argentina,6,prefilter_reject:duracion_menor_a_480s
https://www.youtube.com/watch?v=9DKd2jYoSpQ,"Axel Kicillof con Ernesto Tenembaum: “Milei quiere ser Perú""",Cenital,https://www.youtube.com/channel/UCxHSIJgKZ8xVXwLGaGZEmKg,9DKd2jYoSpQ,6885,114.75,640,360,30,20260225,108664,es,,other,argentino/rioplatense_probable,unknown,Cenital entrevista completa argentina,1,ytsearch_metadata_no_download
https://www.youtube.com/watch?v=jgp8WZvtkWU,Martin Menem con Iván Schargrodsky en #OnTheRecord,Cenital,https://www.youtube.com/channel/UCxHSIJgKZ8xVXwLGaGZEmKg,jgp8WZvtkWU,5511,91.85,640,360,30,20260503,46876,es,,interview,argentino/rioplatense_probable,1-2,Cenital entrevista completa argentina,2,ytsearch_metadata_no_download
https://www.youtube.com/watch?v=KLyhqyQee3s,"A 50 años del golpe militar: la manifestación, el video del Gobierno y la cifra de 30 mil | 540°",Cenital,https://www.youtube.com/channel/UCxHSIJgKZ8xVXwLGaGZEmKg,KLyhqyQee3s,6616,110.267,640,360,30,20260325,94793,es,,other,argentino/rioplatense_probable,unknown,Cenital entrevista completa argentina,3,ytsearch_metadata_no_download
https://www.youtube.com/watch?v=_Vq6senuL_U,Máximo Kirchner con Iván Schargrodsky en #OnTheRecord,Cenital,https://www.youtube.com/channel/UCxHSIJgKZ8xVXwLGaGZEmKg,_Vq6senuL_U,7411,123.517,640,360,30,20251102,103227,es,,other,argentino/rioplatense_probable,unknown,Cenital entrevista completa argentina,4,ytsearch_metadata_no_download
https://www.youtube.com/watch?v=AIOfkbJOi3E,"""Tengo severos problemas con Máximo"" - Aníbal Fernández en 540º",Cenital,https://www.youtube.com/channel/UCxHSIJgKZ8xVXwLGaGZEmKg,AIOfkbJOi3E,2074,34.567,640,360,30,20260617,70370,es,,other,argentino/rioplatense_probable,unknown,Cenital entrevista completa argentina,5,ytsearch_metadata_no_download
https://www.youtube.com/watch?v=MCwg9BB_jgE,"""La MEMORIA se CONTAGIA"" | Juan Grabois en Cenital con María O'Donnell y  Ernesto Tenembaum",Juan Grabois,https://www.youtube.com/channel/UCcgvPj4iLGvmocOEyC8tanQ,MCwg9BB_jgE,2858,47.633,640,360,30,20260304,28571,es,Juan Grabois|Tierra Techo y Trabajo|Argentina|Política|Argentina Humana|Papa Francisco,interview,argentino/rioplatense_probable,1-2,Cenital entrevista completa argentina,6,prefilter_reject:rechazo_keyword:tiktok
https://www.youtube.com/watch?v=NK86Ptb_p3I,ENTREVISTA COMPLETA DE GUSTAVO SYLVESTRE CON EL PAPA FRANCISCO EN C5N,C5N,https://www.youtube.com/channel/UCFgk2Q2mVO1BklRQhSv6p0w,NK86Ptb_p3I,3764,62.733,640,360,30,20230331,813397,es,c5n|c5n en vivo|noticias|informacion|politica|breaking news|news|economia|deportes|sociedad|argentina|c5n news|canal 5 noticias|c5n vivo|c5n live|c5ndigital|papa|papafrancisco,interview,argentino/rioplatense_probable,1-2,C5N mano a mano entrevista completa argentina,1,prefilter_reject:rechazo_keyword:tiktok
https://www.youtube.com/watch?v=bTA0VhRlxd4,"JUAN GRABOIS, MANO a MANO con GUSTAVO SYLVESTRE - ENTREVISTA COMPLETA",C5N,https://www.youtube.com/channel/UCFgk2Q2mVO1BklRQhSv6p0w,bTA0VhRlxd4,784,13.067,640,360,25,20231031,45120,es,c5n|c5n en vivo|noticias|informacion|politica|breaking news|news|economia|deportes|sociedad|argentina|c5n news|canal 5 noticias|c5n vivo|c5n live|c5ndigital,interview,argentino/rioplatense_probable,1-2,C5N mano a mano entrevista completa argentina,2,prefilter_reject:rechazo_keyword:tiktok
https://www.youtube.com/watch?v=H4RuKM0_tqU,"OSVALDO PAPALEO mano a mano con GUSTAVO SYLVESTRE: ""Este 24 DE MARZO tiene que SER ESPECIAL""",C5N,https://www.youtube.com/channel/UCFgk2Q2mVO1BklRQhSv6p0w,H4RuKM0_tqU,1012,16.867,640,360,25,20260306,15523,es,c5n|c5n en vivo|noticias|informacion|politica|breaking news|news|economia|deportes|sociedad|argentina|c5n news|canal 5 noticias|c5n vivo|c5n live|c5ndigital,interview,argentino/rioplatense_probable,1-2,C5N mano a mano entrevista completa argentina,3,prefilter_reject:rechazo_keyword:tiktok
https://www.youtube.com/watch?v=YQAq1qrCia0,"WADO DE PEDRO, MANO a MANO con JULIAN GUARINO - ENTREVISTA COMPLETA",C5N,https://www.youtube.com/channel/UCFgk2Q2mVO1BklRQhSv6p0w,YQAq1qrCia0,1651,27.517,640,360,25,20230417,7319,es,c5n|c5n en vivo|noticias|informacion|politica|breaking news|news|economia|deportes|sociedad|argentina|c5n news|canal 5 noticias|c5n vivo|c5n live|c5ndigital,interview,argentino/rioplatense_probable,1-2,C5N mano a mano entrevista completa argentina,4,prefilter_reject:rechazo_keyword:tiktok
https://www.youtube.com/watch?v=1l9W-C5ks6s,"MARIANO RECALDE, mano a mano con GUSTAVO SYLVESTRE en MINUTO UNO",C5N,https://www.youtube.com/channel/UCFgk2Q2mVO1BklRQhSv6p0w,1l9W-C5ks6s,832,13.867,640,360,25,20260213,18043,es,c5n|c5n en vivo|noticias|informacion|politica|breaking news|news|economia|deportes|sociedad|argentina|c5n news|canal 5 noticias|c5n vivo|c5n live|c5ndigital,interview,argentino/rioplatense_probable,1-2,C5N mano a mano entrevista completa argentina,5,prefilter_reject:rechazo_keyword:tiktok
https://www.youtube.com/watch?v=f0o2bGgA3uo,"JOSÉ MANUEL UBEIRA, MANO a MANO con GUSTAVO SYLVESTRE",C5N,https://www.youtube.com/channel/UCFgk2Q2mVO1BklRQhSv6p0w,f0o2bGgA3uo,889,14.817,640,360,25,20230201,26088,es,c5n|c5n en vivo|noticias|informacion|politica|breaking news|news|economia|deportes|sociedad|argentina|c5n news|canal 5 noticias|c5n vivo|c5n live|c5ndigital,interview,argentino/rioplatense_probable,1-2,C5N mano a mano entrevista completa argentina,6,prefilter_reject:rechazo_keyword:tiktok
https://www.youtube.com/watch?v=g5iTWB84WEQ,"HABLÓ EL PAPÁ DE AGOSTINA POR PRIMERA VEZ: ""Estuve mano a mano con este tipo y lo grabé""",Todo Noticias,https://www.youtube.com/channel/UCj6PcyLvpnIRT_2W_mwa9Aw,g5iTWB84WEQ,1215,20.25,640,360,25,20260530,599882,es,,interview,argentino/rioplatense_probable,1-2,TN entrevista completa argentina mano a mano,1,ytsearch_metadata_no_download
https://www.youtube.com/watch?v=JixCyhEGE0A,Javier Milei en TN I Entrevista completa del 30/06/2024,Todo Noticias,https://www.youtube.com/channel/UCj6PcyLvpnIRT_2W_mwa9Aw,JixCyhEGE0A,3316,55.267,640,360,25,20240701,469867,es,noticia ultimo momento|breaking news|TN|todo noticias|ultimo momento|urgente|ultima noticia|noticias|programas de tn|tn en vivo|noticias en vivo|ver tn en vivo|tn noticias|news|breaking|tn en vivo todo noticias|live news|tn noticias en vivo|tn todo noticias|en vivo,interview,argentino/rioplatense_probable,1-2,TN entrevista completa argentina mano a mano,2,ytsearch_metadata_no_download
https://www.youtube.com/watch?v=cb12KmMMDJA,TN EN VIVO - SEGUÍ LA TRANSMISIÓN EN VIVO DE TODO NOTICIAS 2026-07-05 18:27,Todo Noticias,https://www.youtube.com/channel/UCj6PcyLvpnIRT_2W_mwa9Aw,cb12KmMMDJA,0,,1920,1080,30.0,20231001,1342831521,,noticia ultimo momento|breaking news|TN|todo noticias|ultimo momento|urgente|ultima noticia|noticias|programas de tn|tn en vivo|noticias en vivo|ver tn en vivo|tn noticias|news|breaking|tn en vivo todo noticias|live news|tn noticias en vivo|tn todo noticias|en vivo,other,argentino/rioplatense_probable,unknown,TN entrevista completa argentina mano a mano,3,ytsearch_metadata_no_download
https://www.youtube.com/watch?v=yJxDKBgw5NU,"Santiago Cafiero, mano a mano en TN: ""Es una decisión sanitaria, no política""",Todo Noticias,https://www.youtube.com/channel/UCj6PcyLvpnIRT_2W_mwa9Aw,yJxDKBgw5NU,1429,23.817,640,360,25,20210430,2397,es,noticia ultimo momento|breaking news|TN|todo noticias|ultimo momento|urgente|ultima noticia|noticias|programas de tn|tn en vivo|noticias en vivo|ver tn en vivo|tn noticias|news|breaking|tn en vivo todo noticias|live news|tn noticias en vivo|tn todo noticias|en vivo,interview,argentino/rioplatense_probable,1-2,TN entrevista completa argentina mano a mano,4,ytsearch_metadata_no_download
https://www.youtube.com/watch?v=TAcap4EyVco,"""CRISTINA NO SABE NADA DE ECONOMÍA"" | Mano a mano con Alfredo Cornejo en SOLO UNA VUELTA MÁS",Todo Noticias,https://www.youtube.com/channel/UCj6PcyLvpnIRT_2W_mwa9Aw,TAcap4EyVco,583,9.717,640,360,25,20220706,4455,es,,interview,argentino/rioplatense_probable,1-2,TN entrevista completa argentina mano a mano,5,ytsearch_metadata_no_download
https://www.youtube.com/watch?v=iV09rynn3kw,"""No creo que Adorni sea tan estúpido"": Alfredo Casero, mano a mano con Laura Di Marco",LA NACION,https://www.youtube.com/channel/UCba3hpU7EFBSk817y9qZkiA,iV09rynn3kw,1706,28.433,640,360,30,20260516,99700,es,LN+|en vivo LN+|noticias de hoy|noticias Argentina|Milei audios|Karina Milei|Lule Menem|Martín Menem|audios prohibidos Milei|dólar hoy|cotización dólar|dólar blue|dólar oficial|economía argentina|inflación argentina|acto Moreno|cierre de campaña|política argentina|noticias políticas|actualidad Argentina,interview,argentino/rioplatense_probable,1-2,TN entrevista completa argentina mano a mano,6,ytsearch_metadata_no_download
https://www.youtube.com/watch?v=FXUHCI0okGg,“Ahorramos en negro”: Adorni confirmó que presentó su DD.JJ. ENTREVISTA COMPLETA con José del Río,LA NACION,https://www.youtube.com/channel/UCba3hpU7EFBSk817y9qZkiA,FXUHCI0okGg,3141,52.35,640,360,30,20260611,91218,es,LN+|en vivo LN+|noticias de hoy|noticias Argentina|Milei audios|Karina Milei|Lule Menem|Martín Menem|audios prohibidos Milei|dólar hoy|cotización dólar|dólar blue|dólar oficial|economía argentina|inflación argentina|acto Moreno|cierre de campaña|política argentina|noticias políticas|actualidad Argentina,interview,argentino/rioplatense_probable,1-2,La Nacion Mas entrevista completa argentina,1,ytsearch_metadata_no_download
https://www.youtube.com/watch?v=0nc7995N66I,"Entrevista exclusiva con Javier Milei: ""Los Kukas son ignorantes, maleducados y violentos""",LA NACION,https://www.youtube.com/channel/UCba3hpU7EFBSk817y9qZkiA,0nc7995N66I,4030,67.167,640,360,30,20260309,350612,es,LN+|en vivo LN+|noticias de hoy|noticias Argentina|Milei audios|Karina Milei|Lule Menem|Martín Menem|audios prohibidos Milei|dólar hoy|cotización dólar|dólar blue|dólar oficial|economía argentina|inflación argentina|acto Moreno|cierre de campaña|política argentina|noticias políticas|actualidad Argentina,interview,argentino/rioplatense_probable,1-2,La Nacion Mas entrevista completa argentina,2,ytsearch_metadata_no_download
https://www.youtube.com/watch?v=_G0Es0cZTbs,Jaime Bayly en +Entrevistas con Luis Novaresio,LA NACION,https://www.youtube.com/channel/UCba3hpU7EFBSk817y9qZkiA,_G0Es0cZTbs,3310,55.167,640,360,30,20230515,595424,es,,interview,unknown,1-2,La Nacion Mas entrevista completa argentina,3,ytsearch_metadata_no_download
https://www.youtube.com/watch?v=Z-t-GNlxpYc,"Entrevista completa de Javier Milei con Luis Majul: ""Hemos pasado el momento bisagra""",LA NACION,https://www.youtube.com/channel/UCba3hpU7EFBSk817y9qZkiA,Z-t-GNlxpYc,4830,80.5,640,360,30,20251222,271890,es,LN+|en vivo LN+|noticias de hoy|noticias Argentina|Milei audios|Karina Milei|Lule Menem|Martín Menem|audios prohibidos Milei|dólar hoy|cotización dólar|dólar blue|dólar oficial|economía argentina|inflación argentina|acto Moreno|cierre de campaña|política argentina|noticias políticas|actualidad Argentina,interview,argentino/rioplatense_probable,1-2,La Nacion Mas entrevista completa argentina,4,ytsearch_metadata_no_download
https://www.youtube.com/watch?v=sX-2K0eUBek,Exclusivo: habla Javier Milei tras la salida de Adorni y el nombramiento de Santilli,LA NACION,https://www.youtube.com/channel/UCba3hpU7EFBSk817y9qZkiA,sX-2K0eUBek,2735,45.583,640,360,30,20260629,79165,es,,interview,argentino/rioplatense_probable,1-2,La Nacion Mas entrevista completa argentina,5,ytsearch_metadata_no_download
https://www.youtube.com/watch?v=XygzWpjcGdU,La entrevista completa de Luis Majul con Javier Milei (05/10/2025),LA NACION,https://www.youtube.com/channel/UCba3hpU7EFBSk817y9qZkiA,XygzWpjcGdU,4482,74.7,640,360,30,20251006,171541,es,LN+|en vivo LN+|noticias de hoy|noticias Argentina|Milei audios|Karina Milei|Lule Menem|Martín Menem|audios prohibidos Milei|dólar hoy|cotización dólar|dólar blue|dólar oficial|economía argentina|inflación argentina|acto Moreno|cierre de campaña|política argentina|noticias políticas|actualidad Argentina,interview,argentino/rioplatense_probable,1-2,La Nacion Mas entrevista completa argentina,6,ytsearch_metadata_no_download
https://www.youtube.com/watch?v=UlrFattLu24,MAGIA NEGRA - Coral | LA CRUDA #6 con MIGUE GRANADOS,OLGA,https://www.youtube.com/channel/UC7mJ2EDXFomeDIRFu5FtEbA,UlrFattLu24,2708,45.133,640,360,25,20241008,1452636,es,olga|olga en vivo|olgaenvivo|migue granados|olga tv|olgatv|olga migue granados|migue granados olga|nati jota|la cruda|la cruda migue granados|la cruda audiovisual|la cruda en olga|la cruda podcast|la cruda angeles rawson|la cruda angeles|la cruda migue granados podcast|la cruda magia negra|magia negra olga|coral la cruda,streamer,argentino/rioplatense_probable,1,La Cruda Migue Granados entrevista completa,1,prefilter_reject:rechazo_keyword:tiktok
https://www.youtube.com/watch?v=uSoVaBlizh0,CHIMENTERO - Marcelo Polino | LA CRUDA #17 con MIGUE GRANADOS,OLGA,https://www.youtube.com/channel/UC7mJ2EDXFomeDIRFu5FtEbA,uSoVaBlizh0,2430,40.5,640,360,25,20250114,553572,es,olga|olga en vivo|olgaenvivo|migue granados|olga tv|olgatv|olga migue granados|migue granados olga|nati jota|la cruda|la cruda migue granados|la cruda audiovisual|la cruda en olga|la cruda podcast|la cruda angeles rawson|la cruda angeles|la cruda migue granados podcast|marcelo polino|polino|marcelo polino peleas,streamer,argentino/rioplatense_probable,1,La Cruda Migue Granados entrevista completa,2,prefilter_reject:rechazo_keyword:tiktok
https://www.youtube.com/watch?v=M0x32V7ihgs,EL CEREBRO - Estanislao Bachrach | LA CRUDA #4 con MIGUE GRANADOS,OLGA,https://www.youtube.com/channel/UC7mJ2EDXFomeDIRFu5FtEbA,M0x32V7ihgs,3933,65.55,640,360,25,20240924,1521149,es,olga|olga en vivo|olgaenvivo|migue granados|olga tv|olgatv|olga migue granados|migue granados olga|nati jota|la cruda|la cruda migue granados|la cruda audiovisual|la cruda en olga|la cruda podcast|la cruda medium|la cruda noelia pace|la cruda los andes|la cruda migue granados podcast|la cruda cerebro|la cruda estanislao,streamer,argentino/rioplatense_probable,1,La Cruda Migue Granados entrevista completa,3,prefilter_reject:rechazo_keyword:tiktok
https://www.youtube.com/watch?v=GSpLDZbT6V0,EL ETERNAUTA en OLGA: ENTREVISTA COMPLETA a RICARDO DARÍN | Soñé que Volaba | 30/04,OLGA,https://www.youtube.com/channel/UC7mJ2EDXFomeDIRFu5FtEbA,GSpLDZbT6V0,4701,78.35,640,360,30,20250430,801351,es,olga|olga en vivo|olgaenvivo|migue granados|olga tv|olgatv|olga migue granados|migue granados olga|nati jota|MARTI BENZA|marti benza olga|lucas fridman|lucas fridman olga|benja amadeo|benjamin amadeo|benja amadeo olga|benjamin amadeo olga|evitta|evitta luna|evitta olga,interview,argentino/rioplatense_probable,1-2,Soñe que volaba OLGA entrevista completa,1,prefilter_reject:rechazo_keyword:tiktok
https://www.youtube.com/watch?v=kb0FUxnjyJA,EL LADO MÁS PROFUNDO de GASPI con MIGUE GRANADOS | #SoñéQueVolaba 20/10,OLGA,https://www.youtube.com/channel/UC7mJ2EDXFomeDIRFu5FtEbA,kb0FUxnjyJA,8195,136.583,640,360,30,20251020,341396,es,olga en vivo|olgaenvivo|migue granados|olga tv|olgatv|olga migue granados|migue granados olga|nati jota|anuncios olga|migue granados anuncio|olga 2025|programacion olga 2025|olga 2025 programacion|lizzy tagliani en olga|marti benza aparece en olga|nacho elizalde olga|paula chaves olga|paula chaves|lizi tagliani|olga programacion,streamer,argentino/rioplatense_probable,1,Soñe que volaba OLGA entrevista completa,2,prefilter_reject:rechazo_keyword:tiktok
https://www.youtube.com/watch?v=lDHjuv0wICQ,GRANADOS - BARASSI: LA BATALLA DEFINITIVA | Soñé que Volaba | COMPLETO 11/9,OLGA,https://www.youtube.com/channel/UC7mJ2EDXFomeDIRFu5FtEbA,lDHjuv0wICQ,11658,194.3,640,360,30,20240911,815441,es,olga|olga en vivo|olgaenvivo|migue granados|olga tv|olgatv|olga migue granados|migue granados olga|nati jota|soñe que volaba|soñe que volaba hoy|lucas fridman|tefi russo|benja amadeo|dario barassi martin fierro|dario barassi en olga|barasi granados|barassi migue granados|barassi entrevista|barassi juegos,streamer,argentino/rioplatense_probable,1,Soñe que volaba OLGA entrevista completa,3,prefilter_reject:rechazo_keyword:tiktok
https://www.youtube.com/watch?v=VySfyGYTI0A,"DIEGO PERETTI CON MIGUE GRANADOS: SIMULADORES, CINE y SALUD MENTAL | #SoñéQueVolaba 24/10",OLGA,https://www.youtube.com/channel/UC7mJ2EDXFomeDIRFu5FtEbA,VySfyGYTI0A,9891,164.85,640,360,30,20251024,289250,es,olga en vivo|olgaenvivo|migue granados|olga tv|olgatv|olga migue granados|migue granados olga|nati jota|anuncios olga|migue granados anuncio|olga 2025|programacion olga 2025|olga 2025 programacion|lizzy tagliani en olga|marti benza aparece en olga|nacho elizalde olga|paula chaves olga|paula chaves|lyzy tagliani en olga|lizi tagliani,streamer,argentino/rioplatense_probable,1,Soñe que volaba OLGA entrevista completa,4,prefilter_reject:rechazo_keyword:tiktok
https://www.youtube.com/watch?v=bfGSSYqRwnk,Colgamos a MICHAEL JORDAN con JULIANA GATTAS | Soñé Que Volaba | COMPLETO 9/8,OLGA,https://www.youtube.com/channel/UC7mJ2EDXFomeDIRFu5FtEbA,bfGSSYqRwnk,9444,157.4,640,360,30,20230809,143347,es,migue granados|olga|olga en vivo|olgaenvivo|olga migue granados|streaming|radio|migue|granados|la cruda|playroom|ultimos cartuchos|la cruda migue granados|migue granados la cruda|la cruda migue granados podcast|sofi morandi|juli lucero|lucas fridman|Migue Granados en River|soñe que volaba en el monumental,interview,argentino/rioplatense_probable,1-2,Soñe que volaba OLGA entrevista completa,5,prefilter_reject:rechazo_keyword:tiktok
https://www.youtube.com/watch?v=RyHwoA2nBY4,RECUERDOS DE LA ADOLESCENCIA | Soñé que Volaba | COMPLETO 1/9,OLGA,https://www.youtube.com/channel/UC7mJ2EDXFomeDIRFu5FtEbA,RyHwoA2nBY4,7918,131.967,640,360,30,20250901,62541,es,olga|olga en vivo|olgaenvivo|migue granados|olga tv|olgatv|olga migue granados|migue granados olga|nati jota|lucas fridman|lucas fridman olga|benjamin amadeo|benja amadeo olga|benjamin amadeo olga|marti benza|marti benza olga|martibenza olga|homero pettinato|homero pettinato olga|evitta luna,interview,argentino/rioplatense_probable,1-2,Soñe que volaba OLGA entrevista completa,6,prefilter_reject:rechazo_keyword:tiktok
https://www.youtube.com/watch?v=38-d7JikoLc,"Rolón: ""Enamorarse impacta en un lugar de tu inconsciente relacionado con tu pasado"" | Caja Negra",Filo News,https://www.youtube.com/channel/UC9vs8KujZ2kJ2hbg01fNRVw,38-d7JikoLc,6133,102.217,640,360,25,20230628,1965488,es,gabriel rolon|rolon|gabriel rolon caja negra|rolon caja negra|rolon y leiva|gabriel rolon y julio leiva|caja negra|caja|negra|filo|filonews|cajanegra|filo news|julio leiva|leiva|psicologia|literatura|terapia,interview,argentino/rioplatense_probable,1-2,Caja Negra entrevista completa escritor argentino,2,ytsearch_metadata_no_download
https://www.youtube.com/watch?v=UKwaCbRdz5c,"Jorge Lanata: ""No sé si me da miedo el tema de la muerte"" | Caja Negra",Filo News,https://www.youtube.com/channel/UC9vs8KujZ2kJ2hbg01fNRVw,UKwaCbRdz5c,3385,56.417,640,360,25,20220513,612028,es,caja negra|lanata|jorge|jorge lanata|periodismo|argentina|cfk|macri|politica|entrevista|julio leiva|filo news|cajanegra|ppt|lanata en caja negra|caja negra de latana,interview,argentino/rioplatense_probable,1-2,Caja Negra entrevista completa escritor argentino,3,ytsearch_metadata_no_download
https://www.youtube.com/watch?v=PGROiMsR894,La Caja Negra - Ezequiel Fernández Moores - Periodista,TV Ciudad,https://www.youtube.com/channel/UCcEFFCUo9fD5DK1FcclyKUA,PGROiMsR894,3240,54.0,640,360,25,20161117,2601,es,TV Ciudad|Fernandez Moores|La Caja Negra|Mario Bardanca|Periodista|Ezequiel Fernandez,other,unknown,unknown,Caja Negra entrevista completa escritor argentino,4,ytsearch_metadata_no_download
https://www.youtube.com/watch?v=JjBJv0GDR4w,Hernán Casciari: “Se que mi transcendencia va a ser popular” | Caja Negra,Filo News,https://www.youtube.com/channel/UC9vs8KujZ2kJ2hbg01fNRVw,JjBJv0GDR4w,4407,73.45,640,360,25,20220908,327697,es,hernan casciari|casciari|comunidad orsai|orsai|caja negra|julio leiva|leiva|filo news|cajanegra|caja|negra|filonews|filo|news|entrevista|literatura|escritor|hernan,interview,argentino/rioplatense_probable,1-2,Caja Negra entrevista completa escritor argentino,5,ytsearch_metadata_no_download
https://www.youtube.com/watch?v=ESJQZP0xAg0,La Caja Negra  - Wilfredo Ruíz  - Exbasquetbolista,TV Ciudad,https://www.youtube.com/channel/UCcEFFCUo9fD5DK1FcclyKUA,ESJQZP0xAg0,3020,50.333,640,360,25,20161221,9023,es,TV Ciudad|La Caja Negra|Wilfredo Ruiz,other,unknown,unknown,Caja Negra entrevista completa escritor argentino,6,ytsearch_metadata_no_download
,,,,,,,,,,,,,,other,unknown,unknown,Endeavor Argentina entrevista completa emprendedor,,search_error:WARNING: [youtube] No supported JavaScript runtime could be found. Only deno is enabled by default; to use another runtime add  --js-runtimes RUNTIME[:PATH]  to your command/config. YouTube extraction without a JS runtime has been deprecate
https://www.youtube.com/watch?v=NutNXMxKFNQ,#EntrevistasIAE - Julián Weich,IAE Business School,https://www.youtube.com/channel/UCV1-9PZ5WQAKy7I8vkem-Kg,NutNXMxKFNQ,112,1.867,640,360,25,20190730,191,es,IAE|IAE Business School|IAE Alumni|Alumni|Summit|IAE Summit|innovación|futuro|networking|organización|creatividad|pensamiento|desarrollo|crecimiento|empresas|colaboración|pensamiento innovador|Universidad Austral|Éxito|Empresa,interview,unknown,1-2,IAE Business School entrevista argentina completa,1,prefilter_reject:duracion_menor_a_480s
https://www.youtube.com/watch?v=xFAcDfNzBdU,"La economía Argentina, entrevista a Eduardo Fracchia LN+",IAE Business School,https://www.youtube.com/channel/UCV1-9PZ5WQAKy7I8vkem-Kg,xFAcDfNzBdU,564,9.4,640,360,30,20191106,685,es,IAE Business School|Universidad Austral|economía|Macri|Herencia Recibida|economía argentina|Eduardo Fracchia|LN+|gestión de cambiemos|empresarios|larepregunta|encuesta|perspectiva económica,interview,argentino/rioplatense_probable,1-2,IAE Business School entrevista argentina completa,2,ytsearch_metadata_no_download
https://www.youtube.com/watch?v=0-YooVu00C0,One-Year MBA: un intenso entrenamiento internacional,IAE Business School,https://www.youtube.com/channel/UCV1-9PZ5WQAKy7I8vkem-Kg,0-YooVu00C0,97,1.617,640,360,25,20190606,636,es,MBA|Master|Universidad Austral|IAE Business School|MBA Full Time|Bilingüe|profesional|empresa|estudios|escuela de negocios|negocio|lideres|liderar|transformación|impacto|empresarial|empresario|innovación|Argentina|Buenos Aires,other,argentino/rioplatense_probable,unknown,IAE Business School entrevista argentina completa,3,prefilter_reject:duracion_menor_a_480s
https://www.youtube.com/watch?v=CDtb50Ue3ZA,¿Estas dispuesto a hacer un cambio en tu vida? Conoce el  MBA Full time del IAE,IAE Business School,https://www.youtube.com/channel/UCV1-9PZ5WQAKy7I8vkem-Kg,CDtb50Ue3ZA,115,1.917,640,360,25,20190606,174,es,MBA|Master|Universidad Austral|IAE Business School|MBA Full Time|Bilingüe|profesional|empresa|estudios|escuela de negocios|negocio|lideres|liderar|transformación|impacto|empresarial|empresario|innovación|Argentina|Buenos Aires,other,argentino/rioplatense_probable,unknown,IAE Business School entrevista argentina completa,4,prefilter_reject:duracion_menor_a_480s
https://www.youtube.com/watch?v=Vu9VGPPO8Mk,"Entrevista a Raúl Medina Fernández, Profesor en IAE Business School",GhidiniRodil,https://www.youtube.com/channel/UC3LNJg0-mcPUa_JdS9XY_-Q,Vu9VGPPO8Mk,1538,25.633,640,360,25,20200528,409,es,,podcast,unknown,1-2,IAE Business School entrevista argentina completa,5,ytsearch_metadata_no_download
https://www.youtube.com/watch?v=6yzEeNlnxas,Marcos Peña en el IAE,IAE Business School,https://www.youtube.com/channel/UCV1-9PZ5WQAKy7I8vkem-Kg,6yzEeNlnxas,96,1.6,640,352,30,20110106,137,es,IAE|Business|School|PRO|Marcos|Peña,other,argentino/rioplatense_probable,unknown,IAE Business School entrevista argentina completa,6,prefilter_reject:duracion_menor_a_480s
https://www.youtube.com/watch?v=ve30OfG1pxY,Emprender... en Udesa 3/3,Maru Buteler Bonpland,https://www.youtube.com/channel/UC-ttEzrJNxR9DMgot8-Yojw,ve30OfG1pxY,1746,29.1,640,360,30,20131023,139,es,,other,argentino/rioplatense_probable,unknown,Universidad de San Andres entrevista completa argentina,1,ytsearch_metadata_no_download
https://www.youtube.com/watch?v=tytzrfZk_6M,NORBERTO LOIZEAU en UdeSA | Diálogos con Hacedores - Entrevista Completa,Escuela de Negocios | UdeSA,https://www.youtube.com/channel/UCdEVjvaakM5nQGs6D8Gqy-Q,tytzrfZk_6M,1558,25.967,640,360,25,20170202,423,es,Manifiesto Emprendedor|Manifiesto|Emprendedor|Promored|Cienpies|Barbie Store|Tito Loizeau|Norberto Loizeau|UdeSA|Universidad de San Andrés|EDAN|Administración|Negocios|Escuela de Administración y Negocios|ADMyN|Diálogos con hacedores|Ale Mashad|Alejandro Mashad|Conectá tus ideas|Empezá,interview,unknown,1-2,Universidad de San Andres entrevista completa argentina,2,ytsearch_metadata_no_download
https://www.youtube.com/watch?v=2n5Bll7L9p0,Jorge Lanata en el ciclo #1LiderXme​s,Universidad de San Andrés,https://www.youtube.com/channel/UCkZLXd-_PVhLXwT9vr6ybHg,2n5Bll7L9p0,5480,91.333,640,360,25,20140616,34276,es,Universidad de San Andrés|UdeSA|Educación|Jorge Lanata (Film Writer)|periodismo para todos,other,argentino/rioplatense_probable,unknown,Universidad de San Andres entrevista completa argentina,3,ytsearch_metadata_no_download
https://www.youtube.com/watch?v=4MQwS9Ivwoc,Clase magistral del Presidente Milei ante alumnos de la Universidad de San Andrés,Oficina del Presidente,https://www.youtube.com/channel/UCSfMW32JeKVaYwgvUy5D3fw,4MQwS9Ivwoc,5483,91.383,640,360,24,20260518,405104,es,,educational,unknown,1,Universidad de San Andres entrevista completa argentina,4,ytsearch_metadata_no_download
https://www.youtube.com/watch?v=ZUWbS2Nb3GU,El plan estratégico de Argentina | Completo,Pablo H. Plá,https://www.youtube.com/channel/UCbI9OJdP0TynNTB0PBrX3pw,ZUWbS2Nb3GU,5160,86.0,640,360,30,20250522,1236,es,,interview,argentino/rioplatense_probable,1-2,Universidad de San Andres entrevista completa argentina,5,ytsearch_metadata_no_download
https://www.youtube.com/watch?v=PxLTyZ_hzEQ,SANTIAGO BILINKIS en UdeSA | Diálogos con Hacedores - Entrevista Completa,Escuela de Negocios | UdeSA,https://www.youtube.com/channel/UCdEVjvaakM5nQGs6D8Gqy-Q,PxLTyZ_hzEQ,1293,21.55,640,360,25,20170207,1050,es,Manifiesto Emprendedor|Manifiesto|Emprendedor|UdeSA|Universidad de San Andrés|Escuela de Administración y Neocgios|EDAN|ADMyN|Entrepreneurship|Conectá tus Ideas|Empezá|Diálogos con Hacedores|Santiago Bilinkis|Bilinkis|Alejandro Mashad|Ale Mashad|Inspirate|Fracaso|Perseguir Sueños,interview,unknown,1-2,Universidad de San Andres entrevista completa argentina,6,ytsearch_metadata_no_download
https://www.youtube.com/watch?v=OGrRGTul1wg,"“Leer hace mal”, Marcos Baratelli | TEDxUdeSA",Universidad de San Andrés,https://www.youtube.com/channel/UCkZLXd-_PVhLXwT9vr6ybHg,OGrRGTul1wg,533,8.883,640,360,25,20260427,19037,es,Universidad de San Andrés|UdeSA|Educación,educational,unknown,1,UDESA charla completa argentina speaker,1,ytsearch_metadata_no_download
https://www.youtube.com/watch?v=ByzoSQzOfgU,"La Psicología de AMAR, REIR y LLORAR con Pilar Sordo | EP 66",Somos Rentable,https://www.youtube.com/channel/UCfLXn7TBKxVajtY2dInmGkQ,ByzoSQzOfgU,8006,133.433,640,360,24,20260331,222643,es,,educational,unknown,1,UDESA charla completa argentina speaker,3,ytsearch_metadata_no_download
https://www.youtube.com/watch?v=uhZzB5hid6M,"Cambia tu mente, cambia tu vida | Margarita Pasos | TEDxManagua",TEDx Talks,https://www.youtube.com/channel/UCsT0YIqwnpJCM-mx7-gSA4Q,uhZzB5hid6M,1243,20.717,640,360,30,20161222,12623206,es,TEDxTalks|Spanish|Nicaragua|Health|Behavior|Benefit|Positive Thinking|Psychology,other,unknown,unknown,UDESA charla completa argentina speaker,5,ytsearch_metadata_no_download
https://www.youtube.com/watch?v=t1SZM0-Hreg,"Cómo convertir tus heridas en propósito | Yokoi Kenji, trabajador social y conferenciante",AprendemosJuntos,https://www.youtube.com/channel/UCI6QcXatdaEAaRTRjl3dc0w,t1SZM0-Hreg,5235,87.25,640,360,25,20240311,8145033,es,Aprendemos Juntos|aprender|autoconocimiento|BBVA|Yokoi Kenji|conferenciante|felicidad|éxito|multiculturalidad|Japón|Colombia|bullying|Salón 8|Trabajo social|pobreza,podcast,unknown,1-2,UDESA charla completa argentina speaker,6,prefilter_reject:rechazo_keyword:tiktok
https://www.youtube.com/watch?v=Y5OXDmz9eDg,Fundación Konex entregó los diplomas al mérito de las letras argentinas,Télam,https://www.youtube.com/channel/UCNyUm6fxPv-R5oh0fvQ63Hg,Y5OXDmz9eDg,286,4.767,640,360,25,20140917,398,,Agencia Télam|Argentina|Ciudad Cultural Konex|literatura|premios Konex|abelardo castillo|claudio tolcachir|alan pauls|diana bellessi|luis ovsejevich|juan pablo feinmann,other,argentino/rioplatense_probable,unknown,Fundacion Konex entrevista completa argentina,1,prefilter_reject:duracion_menor_a_480s
https://www.youtube.com/watch?v=beO_EjAg9lg,Iván De Pineda - Premio Konex de Platino 2021: Conductor/a,Fundación Konex,https://www.youtube.com/channel/UCf_fgTB5XN4ap0lnDe2FIMw,beO_EjAg9lg,119,1.983,640,360,25,20211221,541,es,,educational,argentino/rioplatense_probable,1,Fundacion Konex entrevista completa argentina,2,prefilter_reject:duracion_menor_a_480s
https://www.youtube.com/watch?v=27fbNwvnYBU,Entrevista a Cesar Milstein - 1/6,Fundación Konex,https://www.youtube.com/channel/UCf_fgTB5XN4ap0lnDe2FIMw,27fbNwvnYBU,180,3.0,384,288,25,20080822,10887,es,cesar|milstein|premio|nobel|konex|brillante|prize|quimica|ciencia,interview,unknown,1-2,Fundacion Konex entrevista completa argentina,3,prefilter_reject:duracion_menor_a_480s
https://www.youtube.com/watch?v=hmKG1cVWKhw,Entrevista a Luis Ovsejevich en Lideres Hoy (Canal 26),Fundación Konex,https://www.youtube.com/channel/UCf_fgTB5XN4ap0lnDe2FIMw,hmKG1cVWKhw,1618,26.967,480,360,25,20140310,583,es,premios|fundacion|konex|entrevista|luis|ovsejevich|canal 26|lideres hoy,interview,unknown,1-2,Fundacion Konex entrevista completa argentina,4,ytsearch_metadata_no_download
https://www.youtube.com/watch?v=C7Jei3aExyg,Charly García recibió el Premio Konex de Brillante 2025,Fundación Konex,https://www.youtube.com/channel/UCf_fgTB5XN4ap0lnDe2FIMw,C7Jei3aExyg,346,5.767,640,360,25,20251113,2232,,,other,argentino/rioplatense_probable,unknown,Fundacion Konex entrevista completa argentina,5,prefilter_reject:duracion_menor_a_480s
https://www.youtube.com/watch?v=UadzexaZ__E,Experiencia Konex - #SintiendoCon Nonpalidece,Ciudad Cultural Konex,https://www.youtube.com/channel/UChgIBPtDXOiUmZeekpJSpTg,UadzexaZ__E,163,2.717,640,360,25,20221118,232,es,,other,unknown,unknown,Fundacion Konex entrevista completa argentina,6,prefilter_reject:duracion_menor_a_480s
https://www.youtube.com/watch?v=curDr8ezXM4,Dictadura Militar en Argentina (1976-1983): La noche más negra | Ver la Historia | Encuentro,Canal Encuentro,https://www.youtube.com/channel/UC1zLDoKL-eKmd_K7qkUZ-ow,curDr8ezXM4,3142,52.367,640,360,25,20220305,199326,es,Canal Encuentro|historia argentina|dictadura militar argentina|golpe de estado 1976|Ver la Historia|Felipe Pigna|terrorismo de Estado|desapariciones forzadas|historia argentina reciente|memoria histórica|Nunca Más|junta militar|represión ilegal|derechos humanos|historia política argentina|24 de marzo|historia del siglo XX|proceso de reorganización nacional|educación en derechos humanos|historia para estudiantes,other,argentino/rioplatense_probable,unknown,Canal Encuentro entrevista completa argentina,1,ytsearch_metadata_no_download
https://www.youtube.com/watch?v=ifzcNaAU6Fo,El Pullover Azul: Una historia real de la Guerra de Malvinas | Pensar Malvinas | Encuentro,Canal Encuentro,https://www.youtube.com/channel/UC1zLDoKL-eKmd_K7qkUZ-ow,ifzcNaAU6Fo,1529,25.483,492,360,25,20120523,829258,es,Pensar Malvinas|Guerra de Malvinas|Canal Encuentro|Malvinas|El pullover azul|Soberanía Argentina|Historia Argentina|Islas Malvinas|Resolución 2065 ONU|Usurpación 1833|Luis Vernet|Argumentos Malvinas|Excombatientes|Veteranos de Malvinas|Educación histórica.,educational,argentino/rioplatense_probable,1,Canal Encuentro entrevista completa argentina,2,ytsearch_metadata_no_download
https://www.youtube.com/watch?v=3Pfh-I09XEg,Cómo hice: Como la cigarra (capítulo completo) - Canal Encuentro,Canal Encuentro,https://www.youtube.com/channel/UC1zLDoKL-eKmd_K7qkUZ-ow,3Pfh-I09XEg,1777,29.617,640,360,25,20170913,87658,es,Canal Encuentro|Cómo hice|Como la cigarra,other,argentino/rioplatense_probable,unknown,Canal Encuentro entrevista completa argentina,3,prefilter_reject:rechazo_keyword:cancion
https://www.youtube.com/watch?v=la_KS1ahAsc,DIVIDIDOS - Encuentro en el Estudio - Programa Completo,DIVIDIDOS,https://www.youtube.com/channel/UCMIb8--yPdP32qOiyZXG-eg,la_KS1ahAsc,3236,53.933,640,360,25,20160521,577386,es,Divididos|Encuentro en el Estudio Programa Completo|divididos en encuento|Divididos con Lalo Mir,interview,unknown,1-2,Canal Encuentro entrevista completa argentina,4,ytsearch_metadata_no_download
https://www.youtube.com/watch?v=i1bHpiqTn1s,Especial 2 de abril: Historia de un país. Argentina siglo XX | Canal Encuentro,Canal Encuentro,https://www.youtube.com/channel/UC1zLDoKL-eKmd_K7qkUZ-ow,i1bHpiqTn1s,1843,30.717,492,360,25,20120328,197591,es,Malvinas|Historia de un país|Canal Encuentro|2 de abril|argentina|guerra de malvinas|combatientes|dictadura|conflicto del atlantico sur,other,argentino/rioplatense_probable,unknown,Canal Encuentro entrevista completa argentina,5,ytsearch_metadata_no_download
https://www.youtube.com/watch?v=1q6HfhZUGhc,Historias debidas VIII: Silvia Rivera Cusicanqui - Canal Encuentro,Canal Encuentro,https://www.youtube.com/channel/UC1zLDoKL-eKmd_K7qkUZ-ow,1q6HfhZUGhc,3403,56.717,640,360,25,20180418,275191,es,Historias debidas|Ana Cacopardo|sociología|Silvia Rivera Cusicanqui|derechos humanos|mujeres,interview,argentino/rioplatense_probable,1-2,Canal Encuentro entrevista completa argentina,6,ytsearch_metadata_no_download
https://www.youtube.com/watch?v=b6FV9swqbWI,Lisandro Aristimuño - Encuentro en el Estudio - Programa Completo,Eze Belo,https://www.youtube.com/channel/UCKoNc9y-4817VgEJeGk8CZg,b6FV9swqbWI,3561,59.35,640,360,25,20240414,164653,es,,interview,argentino/rioplatense_probable,1-2,Encuentro en el estudio entrevista completa argentina,2,prefilter_reject:rechazo_keyword:cancion
https://www.youtube.com/watch?v=Il9Lb3hl_Nw,Pedro Aznar - Encuentro en el Estudio HD (Completo),Eduardo Mellado Soto,https://www.youtube.com/channel/UCWjKuzUvmjmXWUkFCUAOBpQ,Il9Lb3hl_Nw,3385,56.417,640,360,25,20191203,243447,es,Pedro Aznar|Encuentro en el estudio,other,argentino/rioplatense_probable,unknown,Encuentro en el estudio entrevista completa argentina,3,ytsearch_metadata_no_download
https://www.youtube.com/watch?v=iO-efwZDYDk,Encuentro en el estudio VII: Jorge Drexler (capítulo completo) - Canal Encuentro HD,Canal Encuentro,https://www.youtube.com/channel/UC1zLDoKL-eKmd_K7qkUZ-ow,iO-efwZDYDk,3555,59.25,640,360,25,20150727,304176,es,Jorge Drexler|Encuentro en el estudio|Canal Encuentro|uruguay,educational,unknown,1,Encuentro en el estudio entrevista completa argentina,4,prefilter_reject:rechazo_keyword:cancion
https://www.youtube.com/watch?v=kU1yqOVGf-Q,EEEE0611   La Nueva Luna   Encuentro en el Estudio   Programa Completo,Fernando Angel Perez,https://www.youtube.com/channel/UCAPrVHc3rsNoE0lRHNvsdYQ,kU1yqOVGf-Q,2825,47.083,640,360,25,20140601,8371,es,,other,unknown,unknown,Encuentro en el estudio entrevista completa argentina,5,ytsearch_metadata_no_download
https://www.youtube.com/watch?v=9SbyQ3oBB94,Encuentro en el Estudio con Teresa Parodi   Completo,Fernando Angel Perez,https://www.youtube.com/channel/UCAPrVHc3rsNoE0lRHNvsdYQ,9SbyQ3oBB94,2751,45.85,640,360,25,20140513,6420,,,other,unknown,unknown,Encuentro en el estudio entrevista completa argentina,6,ytsearch_metadata_no_download
https://www.youtube.com/watch?v=2yUc52OLPrc,"¿Por qué a Mala Fama le MOLESTA tener plata?: ""Me podía comprar un auto por semana""",Infobae,https://www.youtube.com/channel/UCvsU0EGXN7Su7MfNqcTGNHg,2yUc52OLPrc,1390,23.167,640,360,30,20240923,524849,es,mala fama|mala fama vivo|mala fama entrevista|mala fama infobae|entrevista infobae|mala fama nota|mala fama mano a mano|hernan de mala fama|hernan mala fama|hernan mala fama basura|hernan mala fama picante,interview,argentino/rioplatense_probable,1-2,Infobae mano a mano entrevista completa argentina,1,prefilter_reject:rechazo_keyword:tiktok
https://www.youtube.com/watch?v=CgtZhBESRnE,Óscar Ruggeri en #Random: “Cuando me ponía la camiseta de la selección me sentía el mejor del mundo”,Infobae,https://www.youtube.com/channel/UCvsU0EGXN7Su7MfNqcTGNHg,CgtZhBESRnE,1818,30.3,640,360,25,20240110,88187,es,random|leo montero|oscar ruggeri|ruggeri|crematorio|anecdotas|stoichkov|mirko saric|showmatch|chistes|jugando|real madrid|vs pollo vignolo|bailando|politica|enojado|vs chilavert|futbol|futbol argentino|deportes,interview,argentino/rioplatense_probable,1-2,Infobae mano a mano entrevista completa argentina,2,prefilter_reject:rechazo_keyword:tiktok
https://www.youtube.com/watch?v=2cPG2Ub9Muc,CAE a solas con Sebastián Soldano,Infobae,https://www.youtube.com/channel/UCvsU0EGXN7Su7MfNqcTGNHg,2cPG2Ub9Muc,1857,30.95,640,360,25,20230518,12396,es,Sebastian Soldano|a solas|cae|te recuerdo|desierto sin amor|entrevista|algo va a pasar|cancion de despedida|mientras dormias|nada mas profundo|musica|canciones|cantante|Carlos Alfredo Elías|despacio y en silencio|una larga historia de amor|historia|biografia|cada gota de amor|larga historia,other,argentino/rioplatense_probable,unknown,Infobae mano a mano entrevista completa argentina,3,prefilter_reject:rechazo_keyword:tiktok
https://www.youtube.com/watch?v=oAjK2JkHi6A,"Maxi López con María Laura Santillán: ""Yo estuve enojado, todo era recontra tóxico""",Infobae,https://www.youtube.com/channel/UCvsU0EGXN7Su7MfNqcTGNHg,oAjK2JkHi6A,2414,40.233,640,360,25,20260503,224081,es,,other,argentino/rioplatense_probable,unknown,Infobae mano a mano entrevista completa argentina,4,prefilter_reject:rechazo_keyword:tiktok
https://www.youtube.com/watch?v=q94HfK07DjI,El último reportaje del papa Francisco con Infobae,Infobae,https://www.youtube.com/channel/UCvsU0EGXN7Su7MfNqcTGNHg,q94HfK07DjI,2824,47.067,640,360,30,20230310,6509354,es,papa francisco|papa|religion|bergoglio|argentina|politica|elecciones 2023|daniel hadad|infobae|entrevista|lgbt|ucrania|rusia|nicaragua|hoy|argentina mundial|mundial|messi|seleccion|futbol,interview,argentino/rioplatense_probable,1-2,Infobae mano a mano entrevista completa argentina,5,ytsearch_metadata_no_download
https://www.youtube.com/watch?v=vj01j1XLevs,"Maxi López: por qué vuelve a Argentina, las críticas y el McLaren de Transformes de Wanda | #Random",Infobae,https://www.youtube.com/channel/UCvsU0EGXN7Su7MfNqcTGNHg,vj01j1XLevs,3130,52.167,640,360,25,20260130,141675,es,infobae|infobae studio|entrevista|leo montero|maxi lopez|deportes|y lgante|paren la mano|maxi lópez|y wanda nara|masterchef|mernuel|en olga|y yanina latorre|llora en masterchef|vs boca|goles|en river|macroeconomia|barcelona,interview,argentino/rioplatense_probable,1-2,Infobae mano a mano entrevista completa argentina,6,prefilter_reject:rechazo_keyword:tiktok
https://www.youtube.com/watch?v=lzgmo9cP0Xw,C5N - 50 minutos: El  chequeado de la semana,C5N,https://www.youtube.com/channel/UCFgk2Q2mVO1BklRQhSv6p0w,lzgmo9cP0Xw,185,3.083,640,360,25,20160318,584,es,,other,argentino/rioplatense_probable,unknown,Chequeado entrevista completa argentina,1,prefilter_reject:duracion_menor_a_480s
https://www.youtube.com/watch?v=PwKnPlTUV7Y,Laura Zommer de Chequeado | Bienvenidos a LatamChequea,Chequeado,https://www.youtube.com/channel/UCyxig93YR3E9UiGO8BZhugg,PwKnPlTUV7Y,1726,28.767,640,360,25,20160809,146,es,LatamChequea,other,argentino/rioplatense_probable,unknown,Chequeado entrevista completa argentina,2,ytsearch_metadata_no_download
https://www.youtube.com/watch?v=tcoA5kVNJbM,"Laura Zommer, periodista de Chequeado.com",Infobae,https://www.youtube.com/channel/UCvsU0EGXN7Su7MfNqcTGNHg,tcoA5kVNJbM,748,12.467,640,360,25,20131031,1588,es,,other,argentino/rioplatense_probable,unknown,Chequeado entrevista completa argentina,3,ytsearch_metadata_no_download
https://www.youtube.com/watch?v=A-UOymY69Bo,Chequeado: Alberto Fernández sobre la AFI y Roberto Lavagna sobre la producción del país,LA NACION,https://www.youtube.com/channel/UCba3hpU7EFBSk817y9qZkiA,A-UOymY69Bo,641,10.683,640,360,30,20190524,1542,es,la nacion en vivo|ln+ en vivo|ln+|la nacion mas en vivo|la nacion mas|la nacion|ln|ln en vivo|diario la nacion|afi|inteligencia|servicios|espionaje|side|dalessio|caso dalessio|alberto fernandez|alberto|fernandez|fernandez fernandez,other,argentino/rioplatense_probable,unknown,Chequeado entrevista completa argentina,4,ytsearch_metadata_no_download
https://www.youtube.com/watch?v=dMxW3i9chw8,"Laura Zommer: Macri, Frigerio, inflación y gasto social - Chequeado x LN+",LA NACION,https://www.youtube.com/channel/UCba3hpU7EFBSk817y9qZkiA,dMxW3i9chw8,609,10.15,640,360,25,20190416,997,es,ln+|ln+ en vivo|la nacion|la nacion mas|ln|la nacion mas en vivo|ln en vivo|diario la nacion|chequeado|chequear|macri|mauricio macri|rogelio frigerio|frigerio|inflación|dolar|precios|gasto social|inversiones|ciudad de buenos aires,other,argentino/rioplatense_probable,unknown,Chequeado entrevista completa argentina,5,ytsearch_metadata_no_download
https://www.youtube.com/watch?v=5WePBX-21pY,"Entrevista a Matías Di Santi, Proyecto Chequeado - #LabICMX",Innovación Pública y Ciudadana,https://www.youtube.com/channel/UCuPdGuNzikVrRwyolSkj3WA,5WePBX-21pY,572,9.533,640,360,30,20141125,73,es,Chequeado|fact-checking|periodismo de datos|#LabICMx|innovación ciudadana|hacking cívico|entrevista,interview,argentino/rioplatense_probable,1-2,Chequeado entrevista completa argentina,6,ytsearch_metadata_no_download
,,,,,,,,,,,,,,other,unknown,unknown,Redaccion entrevista completa argentina,,search_error:WARNING: [youtube] No supported JavaScript runtime could be found. Only deno is enabled by default; to use another runtime add  --js-runtimes RUNTIME[:PATH]  to your command/config. YouTube extraction without a JS runtime has been deprecate
https://www.youtube.com/watch?v=lf9b1P7ieFA,MILEI vs GRABOIS. Debate Completo | Periodismo Puro con Jorge Fontevecchia,Perfil,https://www.youtube.com/channel/UCl6L85YuyK4rVn5NI--dHUw,lf9b1P7ieFA,17795,296.583,640,360,25,20230819,1043405,es,noticias argentinas|editorial perfil,conversation,argentino/rioplatense_probable,3+,Perfil entrevista completa argentina,1,prefilter_reject:duracion_mayor_a_14400s
https://www.youtube.com/watch?v=YYIVFA000BI,Pepe Mujica con Jorge Fontevecchia (Entrevista Completa),Perfil,https://www.youtube.com/channel/UCl6L85YuyK4rVn5NI--dHUw,YYIVFA000BI,7002,116.7,640,360,30,20250513,37471,es,noticias argentinas|editorial perfil,interview,argentino/rioplatense_probable,1-2,Perfil entrevista completa argentina,2,ytsearch_metadata_no_download
https://www.youtube.com/watch?v=Z8R28UBGvuY,Premios Perfil: Entrevista a Jorge Fontevecchia,Perfil,https://www.youtube.com/channel/UCl6L85YuyK4rVn5NI--dHUw,Z8R28UBGvuY,713,11.883,640,360,25,20161005,921,es,perfil.com|perfil|noticias|news|política|actualidad,interview,unknown,1-2,Perfil entrevista completa argentina,3,ytsearch_metadata_no_download
https://www.youtube.com/watch?v=19wIlrs4jx4,DIEZ AÑOS DE PONTIFICADO  | El Papa Francisco mano a mano con Jorge Fontevecchia | COMPLETO,Perfil,https://www.youtube.com/channel/UCl6L85YuyK4rVn5NI--dHUw,19wIlrs4jx4,8666,144.433,640,360,25,20230314,768920,es,perfil|noticias|política|argentina|fontevecchia|PAPA FRANCISCO|EL PAPA|THE POPE|papafrancisco,interview,argentino/rioplatense_probable,1-2,Perfil entrevista completa argentina,4,ytsearch_metadata_no_download
https://www.youtube.com/watch?v=KWbJ-MLi9KU,Entrevista completa de Fontevecchia con Horacio Rosatti,Perfil,https://www.youtube.com/channel/UCl6L85YuyK4rVn5NI--dHUw,KWbJ-MLi9KU,9754,162.567,640,360,25,20161121,4453,es,perfil.com|perfil|noticias|news|política|actualidad|Fontevecchia|Horacio Rosatti,interview,unknown,1-2,Perfil entrevista completa argentina,5,ytsearch_metadata_no_download
https://www.youtube.com/watch?v=kNzKjG7fmGI,ENTREVISTA RADIO PERFIL - JORGE FONTEVECCHIA,Hernan Reyes,https://www.youtube.com/channel/UCJiFFQNwPJEcXRK2yvMHaoQ,kNzKjG7fmGI,502,8.367,640,360,30,20221228,40,es,,interview,argentino/rioplatense_probable,1-2,Perfil entrevista completa argentina,6,ytsearch_metadata_no_download
https://www.youtube.com/watch?v=JFHbMIAser4,"📢 JAVIER MILEI MANO A MANO CON PABLO ROSSI: ""SOMOS EL GOBIERNO MÁS REFORMISTA DE LA HISTORIA""",A24com,https://www.youtube.com/channel/UCR9120YBAqMfntqgRTKmkjQ,JFHbMIAser4,5162,86.033,640,360,30,20251031,789492,es,undefined,interview,argentino/rioplatense_probable,1-2,A24 entrevista completa argentina mano a mano,1,prefilter_reject:rechazo_keyword:tiktok
https://www.youtube.com/watch?v=niACS2_KPNU,🔴 PEDRO ROSEMBLAT MANO A MANO CON EDUARDO FEINMANN EN A24: DEBATE SOBRE MILEI Y EL KIRCHNERISMO,A24com,https://www.youtube.com/channel/UCR9120YBAqMfntqgRTKmkjQ,niACS2_KPNU,1837,30.617,640,360,25,20250813,787328,es,A24|Argentina|EDUARDO FEINMANN|PEDRO ROSEMBLAT|Política,interview,argentino/rioplatense_probable,3+,A24 entrevista completa argentina mano a mano,2,prefilter_reject:rechazo_keyword:tiktok
https://www.youtube.com/watch?v=dbl3bN-FNUI,"📣 KUN AGÜERO MANO A MANO CON EDUARDO FEINMANN: ""Messi es mi amigo desde muy chiquito""",A24com,https://www.youtube.com/channel/UCR9120YBAqMfntqgRTKmkjQ,dbl3bN-FNUI,3335,55.583,640,360,25,20250509,64847,es,A24|Argentina|Javier Milei|KUN AGÜERO,interview,argentino/rioplatense_probable,1-2,A24 entrevista completa argentina mano a mano,5,prefilter_reject:rechazo_keyword:tiktok
https://www.youtube.com/watch?v=iYtUf8eplf4,Mario Pergolini en #LuisNovaresioEntrevista | Programa Completo (05/12/25),A24com,https://www.youtube.com/channel/UCR9120YBAqMfntqgRTKmkjQ,iYtUf8eplf4,3299,54.983,640,360,25,20251205,1571826,es,LUIS NOVARESIO ENTREVISTA|PGM|Programa Completo,interview,argentino/rioplatense_probable,1-2,A24 entrevista completa argentina mano a mano,6,prefilter_reject:rechazo_keyword:tiktok
https://www.youtube.com/watch?v=dmX6X14ZGZs,EN IP NOTICIAS - ENTREVISTA COMPLETA,Hernan Reyes,https://www.youtube.com/channel/UCJiFFQNwPJEcXRK2yvMHaoQ,dmX6X14ZGZs,921,15.35,576,360,30,20240606,35,es,,interview,unknown,1-2,IP Noticias entrevista completa argentina,1,ytsearch_metadata_no_download
https://www.youtube.com/watch?v=WMk6afYRfKM,"Entrevista en “IP Noticias” con Noelia Barral, Romina Calderaro y Nora Veiras - IP - 07/02/2021",Alberto Fernández,https://www.youtube.com/channel/UCa0P__Z_C8clZ8FD_lg4Lqg,WMk6afYRfKM,5471,91.183,640,360,30,20210208,56745,es,Alberto|Fernandez|Politica|Economia|Radio|TV|Noticias|Macri|CABA|Buenos|Aires|Argentina|Cristina|Kirchner|Sergio|Massa|Mauricio|PASO|Elecciones,interview,argentino/rioplatense_probable,1-2,IP Noticias entrevista completa argentina,2,ytsearch_metadata_no_download
https://www.youtube.com/watch?v=aIoJysjV6PE,"Entrevista en ""IP Noticias Edición Central"" - IP NOTICIAS 20-12-2021",Alberto Fernández,https://www.youtube.com/channel/UCa0P__Z_C8clZ8FD_lg4Lqg,aIoJysjV6PE,905,15.083,640,360,25,20211221,3138,es,Alberto|Fernandez|Politica|Economia|Radio|TV|Noticias|Macri|CABA|Buenos|Aires|Argentina|Cristina|Kirchner|Sergio|Massa|Mauricio|PASO|Elecciones,interview,argentino/rioplatense_probable,1-2,IP Noticias entrevista completa argentina,3,ytsearch_metadata_no_download
https://www.youtube.com/watch?v=dhMSGmn9WE8,"Entrevista al Dr. Alberto Alves de Lima, para IP Noticias",ICBA Instituto Cardiovascular de Buenos Aires,https://www.youtube.com/channel/UCRHnMqtLJaFT77yI0VFxvAg,dhMSGmn9WE8,585,9.75,640,352,30,20210805,250,es,,interview,argentino/rioplatense_probable,1-2,IP Noticias entrevista completa argentina,4,ytsearch_metadata_no_download
https://www.youtube.com/watch?v=AWMTXPavBmU,Entrevista completa Anabel Pomar de Exaltación Salud - IP Noticias,Agus SPP,https://www.youtube.com/channel/UCN0Gjm7wPnad5jQaZr0LVvQ,AWMTXPavBmU,478,7.967,640,360,30,20230201,183,es,agrotoxico|agrotoxicos|agrotóxicos|plaguicidas|plaguicida|pesticida|pestisida|exaltasion salud|exaltacion salud|exaltación salud|fumigaciones|fumigasiones|fumigasion|fumigación|aracre|antonio aracre|antionio|antonio|acre|haracre,interview,unknown,1-2,IP Noticias entrevista completa argentina,5,prefilter_reject:duracion_menor_a_480s
https://www.youtube.com/watch?v=AKAXRa6_TYc,Entrevista completa en canal IP Noticias- 21/07/2022,Lucía Klug,https://www.youtube.com/channel/UCjtq6aPBu-5wVv9lDtOXbzg,AKAXRa6_TYc,2156,35.933,640,360,25,20220722,85,es,,interview,unknown,1-2,IP Noticias entrevista completa argentina,6,ytsearch_metadata_no_download
,,,,,,,,,,,,,,other,unknown,unknown,Net TV entrevista completa argentina,,search_error:WARNING: [youtube] No supported JavaScript runtime could be found. Only deno is enabled by default; to use another runtime add  --js-runtimes RUNTIME[:PATH]  to your command/config. YouTube extraction without a JS runtime has been deprecate
https://www.youtube.com/watch?v=kjPFygNsSMw,"Entrevista a Ariel Tarico, el hombre de las mil voces - Estamos en Una",Televisión Pública,https://www.youtube.com/channel/UCs231K71Bnu5295_x0MB5Pg,kjPFygNsSMw,2187,36.45,640,360,25,20250123,31247,,,interview,argentino/rioplatense_probable,1-2,Publica TV entrevista argentina completa,1,prefilter_reject:rechazo_keyword:tiktok
https://www.youtube.com/watch?v=uhsv3EUYB7I,"La China Suárez habla de Icardi, la maternidad y el hate - La Pasión",Televisión Pública,https://www.youtube.com/channel/UCs231K71Bnu5295_x0MB5Pg,uhsv3EUYB7I,4168,69.467,640,360,25,20250513,432338,es,China Suárez|Eugenia Suárez|La China entrevista|La China Suárez 2025|La Pasión entrevistas|Gustavo Méndez|entrevista China Suárez|China Suárez Icardi|China Suárez maternidad|China Suárez hate redes|China Suárez cantante|Mauro Icardi|celebridades argentinas|entrevistas íntimas|Japón China Suárez|La China en YouTube|La pasión|gustavo méndez|gustavo méndez entrevista|la china en tvp,interview,argentino/rioplatense_probable,1-2,Publica TV entrevista argentina completa,2,prefilter_reject:rechazo_keyword:tiktok
https://www.youtube.com/watch?v=f4iCk5T8MV4,Entrevista al Presidente de la Nación Javier Milei - Economistas,Televisión Pública,https://www.youtube.com/channel/UCs231K71Bnu5295_x0MB5Pg,f4iCk5T8MV4,4876,81.267,640,360,25,20260409,37014,es,Javier Milei|Antonio Aracre|Ramiro Castiñeira|Economistas|Presidente de la Nación|Argentina|economía|inflación|dolarización|crédito|movilidad social|inversiones|RIGI|dólares|reelección|gasto público|gestión de gobierno|medidas económicas|Javier Milei en la Televisión Pública|TVP,interview,argentino/rioplatense_probable,1-2,Publica TV entrevista argentina completa,3,prefilter_reject:rechazo_keyword:reel
https://www.youtube.com/watch?v=6JYvS4EaVVo,Leo Messi en Llave a la Eternidad,Televisión Pública,https://www.youtube.com/channel/UCs231K71Bnu5295_x0MB5Pg,6JYvS4EaVVo,2805,46.75,640,360,25,20230712,2551727,es,Llave a la eternidad|Campeones del mundo|Qatar|qatar 2022|futbol|Scaloneta|Argentina campeón|Argentina campeón del Mundo|Copa del Mundo|messi|Messi|Leo Messi|Lionel Messi,interview,argentino/rioplatense_probable,1-2,Publica TV entrevista argentina completa,4,prefilter_reject:rechazo_keyword:tiktok
https://www.youtube.com/watch?v=fLMpskr-OqA,"Pirulo, Gerardo y Mauro en Estamos en una",Televisión Pública,https://www.youtube.com/channel/UCs231K71Bnu5295_x0MB5Pg,fLMpskr-OqA,1309,21.817,640,360,25,20241217,240660,es,,interview,argentino/rioplatense_probable,1-2,Publica TV entrevista argentina completa,5,prefilter_reject:rechazo_keyword:tiktok
https://www.youtube.com/watch?v=br6zq03KUe8,TV PUBLICA ARGENTINA  - BUENOS AIRES   (ARGENTINA),Radios y Canales de todo el mundo,https://www.youtube.com/channel/UC-DbhhTHtJfUH-92QFEj_fw,br6zq03KUe8,26,0.433,640,360,15,20180805,8856355,,tv pública digital (tv channel)|tv publica en vivo|cocineros argentinos|tv pública|vivo en argentina|televisión argentina|argentina televisora color|pública|festival pais|cosquin|atc|copa mundial qatar 2022|festival de cosquin|tv publica partido de argentina|tv publica partido seleccion|seleccion argentina|juegos olimpicos|argentina olimpicos|olimpiadas|juegos olimpicos tv publica,other,argentino/rioplatense_probable,unknown,Publica TV entrevista argentina completa,6,prefilter_reject:duracion_menor_a_480s
,,,,,,,,,,,,,,other,unknown,unknown,Universidad Austral charla argentina speaker,,search_error:WARNING: [youtube] No supported JavaScript runtime could be found. Only deno is enabled by default; to use another runtime add  --js-runtimes RUNTIME[:PATH]  to your command/config. YouTube extraction without a JS runtime has been deprecate
https://www.youtube.com/watch?v=ASqvYtA3grM,Conferencia de Cierre — Rita Segato — VI Congreso Latinoamericano y Caribeño de Ciencias Sociales,FLACSO Argentina,https://www.youtube.com/channel/UCjU0gGM2uoSfvMSGgDGHgiA,ASqvYtA3grM,5180,86.333,640,360,25,20251127,31766,es,,educational,argentino/rioplatense_probable,1,FLACSO Argentina charla completa expositor,1,ytsearch_metadata_no_download
https://www.youtube.com/watch?v=CgDQlM5L9M4,Límites entre ficción y realidad por Darío Sztajnszrajber,FLACSO Argentina,https://www.youtube.com/channel/UCjU0gGM2uoSfvMSGgDGHgiA,CgDQlM5L9M4,6758,112.633,640,360,24,20161206,65279,es,Darío Sztajnszrajber|FLACSO|escrituras,educational,argentino/rioplatense_probable,1,FLACSO Argentina charla completa expositor,2,prefilter_reject:rechazo_keyword:compilado
https://www.youtube.com/watch?v=p3bsH9EiI38,Mesa redonda “Desafíos Contemporáneos de Política Social”,FLACSO Argentina,https://www.youtube.com/channel/UCjU0gGM2uoSfvMSGgDGHgiA,p3bsH9EiI38,5796,96.6,640,360,25,20230529,216,es,,other,argentino/rioplatense_probable,3+,FLACSO Argentina charla completa expositor,3,ytsearch_metadata_no_download
https://www.youtube.com/watch?v=8pxVgqaqTbU,Ricardo Lagos en FLACSO Argentina,FLACSO Argentina,https://www.youtube.com/channel/UCjU0gGM2uoSfvMSGgDGHgiA,8pxVgqaqTbU,3806,63.433,640,360,25,20171106,993,es,FLACSO|Ricardo Lagos|presidente chileno|Luis Alberto Quevedo|Ciencias Sociales|América Latina|dictaduras|Fernando Enrique Cardoso|Pinochet,educational,argentino/rioplatense_probable,1,FLACSO Argentina charla completa expositor,4,ytsearch_metadata_no_download
https://www.youtube.com/watch?v=_36VMEyowLc,II Congreso de Políticas Públicas - “El cambio de modelo económico y sus perspectivas”.,FLACSO Argentina,https://www.youtube.com/channel/UCjU0gGM2uoSfvMSGgDGHgiA,_36VMEyowLc,5477,91.283,640,360,30,20171212,234,es,,other,argentino/rioplatense_probable,unknown,FLACSO Argentina charla completa expositor,5,ytsearch_metadata_no_download
https://www.youtube.com/watch?v=u4xt4wchNPM,Entrevista a Carmen Bueno | Maestría Relaciones del Trabajo FLACSO,FLACSO Argentina,https://www.youtube.com/channel/UCjU0gGM2uoSfvMSGgDGHgiA,u4xt4wchNPM,920,15.333,640,360,25,20160607,541,es,Carmen Bueno|entrevista|FLACSO|trabajo|Maestría|Ana Miranda,interview,argentino/rioplatense_probable,1-2,FLACSO Argentina charla completa expositor,6,ytsearch_metadata_no_download
