url,title,channel,video_id,duration_minutes,width,height,fps,source_type,expected_accent,visual_quality_score,audio_quality_score,context_score,total_score,visual_decision,audio_decision,decision,reasons,recommended_use,usable_minutes_estimate,accepted_clips_estimate,uncertainty
https://www.youtube.com/watch?v=yJxDKBgw5NU,"Santiago Cafiero, mano a mano en TN: ""Es una decisión sanitaria, no política""",Todo Noticias,yJxDKBgw5NU,23.817,640,360,25,interview,argentino/rioplatense_probable,100.0,92.28,98.0,97.28,strong_accept,strong_accept,strong_accept,audio_proxy_alto|audio_score_sobre_threshold|formato_interview|formato_largo|fuente_argentina_probable|speaker_count_usable|total_score_alto|visual_proxy_alto|visual_score_sobre_threshold|asr_espanol_y_habla_confirmados,ingest_full,20.65,248.0,low
https://www.youtube.com/watch?v=OrwtPwftIi4,🎤 Curso de Oratoria con Daniel Colombo | 100% Práctico,Daniel Colombo,OrwtPwftIi4,88.483,492,360,25,educational,argentino/rioplatense_probable,96.32,96.67,98.0,96.76,strong_accept,strong_accept,strong_accept,audio_proxy_alto|audio_score_sobre_threshold|formato_educational|formato_largo|fuente_argentina_probable|speaker_count_usable|total_score_alto|visual_proxy_alto|visual_score_sobre_threshold|asr_espanol_y_habla_confirmados|source_cap_applied_partial,ingest_partial,60,1023.0,low
https://www.youtube.com/watch?v=qEKPgqURvo0,REBORD - PERETTI | HAY ALGO AHÍ | BLENDER,BLENDER,qEKPgqURvo0,105.867,640,360,30,streamer,argentino/rioplatense_probable,98.2,85.2,98.0,94.26,strong_accept,accept,strong_accept,audio_proxy_alto|audio_proxy_intermedio|audio_proxy_suficiente|audio_score_sobre_threshold|formato_largo|formato_streamer|fuente_argentina_probable|speaker_count_usable|total_score_alto|visual_proxy_alto|visual_score_sobre_threshold|asr_espanol_y_habla_confirmados|source_cap_applied_partial,ingest_partial,60,822.0,low
https://www.youtube.com/watch?v=JixCyhEGE0A,Javier Milei en TN I Entrevista completa del 30/06/2024,Todo Noticias,JixCyhEGE0A,55.267,640,360,25,interview,argentino/rioplatense_probable,90.3,95.72,98.0,93.47,strong_accept,strong_accept,strong_accept,audio_proxy_alto|audio_score_sobre_threshold|formato_interview|formato_largo|fuente_argentina_probable|scene_cut_proxy_alto|speaker_count_usable|total_score_alto|visual_proxy_alto|visual_score_sobre_threshold|asr_espanol_y_habla_confirmados,ingest_full,37.76,453.0,low
https://www.youtube.com/watch?v=vDNy6EN7bIY,¿Cómo es el ESPAÑOL ARGENTINO FORMAL? - Argento Podcast #44,Spanish with Nico,vDNy6EN7bIY,13.55,640,360,30,podcast,argentino/rioplatense_probable,96.1,90.0,88.0,92.65,strong_accept,strong_accept,strong_accept,audio_proxy_alto|audio_score_sobre_threshold|formato_podcast|fuente_argentina_probable|speaker_count_usable|total_score_alto|visual_proxy_alto|visual_score_sobre_threshold|asr_espanol_y_habla_confirmados,ingest_full,13.02,156.0,low
https://www.youtube.com/watch?v=R3f0x1IJvhI,"GUILLERMO FRANCELLA, UN LUJO COMO PRIMER INVITADO DE OTRO DÍA PERDIDO || ENTREVISTA COMPLETA",eltrece,R3f0x1IJvhI,29.35,640,360,25,interview,argentino/rioplatense_probable,86.12,98.43,98.0,92.19,accept,strong_accept,strong_accept,audio_proxy_alto|audio_score_sobre_threshold|formato_interview|formato_largo|fuente_argentina_probable|scene_cut_proxy_alto|speaker_count_usable|total_score_alto|visual_score_sobre_threshold|asr_espanol_y_habla_confirmados,ingest_full,21.32,256.0,low
https://www.youtube.com/watch?v=j4x2GC1Ztro,Mario Pergolini y un imperdible mano a mano con Andy Kusnetzoff | #Perros2022 Perros de la Calle,Urbana Play 104.3 FM,j4x2GC1Ztro,83.233,640,360,30,interview,argentino/rioplatense_probable,87.28,96.45,98.0,92.18,accept,strong_accept,strong_accept,audio_proxy_alto|audio_score_sobre_threshold|formato_interview|formato_largo|fuente_argentina_probable|scene_cut_proxy_alto|speaker_count_usable|total_score_alto|visual_score_sobre_threshold|asr_espanol_y_habla_confirmados,ingest_full,56.41,677.0,low
https://www.youtube.com/watch?v=Z-t-GNlxpYc,"Entrevista completa de Javier Milei con Luis Majul: ""Hemos pasado el momento bisagra""",LA NACION,Z-t-GNlxpYc,80.5,640,360,30,interview,argentino/rioplatense_probable,90.66,87.51,98.0,91.18,strong_accept,accept,strong_accept,audio_proxy_alto|audio_proxy_intermedio|audio_score_sobre_threshold|formato_interview|formato_largo|fuente_argentina_probable|scene_cut_proxy_alto|speaker_count_usable|total_score_alto|visual_proxy_alto|visual_score_sobre_threshold|asr_espanol_y_habla_confirmados,ingest_full,49.64,596.0,low
https://www.youtube.com/watch?v=ITovsJg-q5c,Cómo Amarse a uno Mismo y Tener Buena Salud Mental: Hábitos de Vida - Gabriel Rolón,Tengo un Plan,ITovsJg-q5c,130.833,640,360,25,podcast,argentino/rioplatense_probable,88.06,91.57,98.0,91.1,strong_accept,strong_accept,strong_accept,audio_proxy_alto|audio_score_sobre_threshold|formato_largo|formato_podcast|fuente_argentina_probable|scene_cut_proxy_alto|speaker_count_usable|total_score_alto|visual_score_sobre_threshold|asr_espanol_y_habla_confirmados|source_cap_applied_partial,ingest_partial,60,1341.0,low
https://www.youtube.com/watch?v=eqw0QM4A0oA,Taty Almeida | Bios Militantes con Julia Mengolini en #Segurola,Futurock FM,eqw0QM4A0oA,56.917,640,360,30,podcast,argentino/rioplatense_probable,87.56,90.0,98.0,90.38,accept,strong_accept,strong_accept,audio_proxy_alto|audio_score_sobre_threshold|formato_largo|formato_podcast|fuente_argentina_probable|scene_cut_proxy_alto|speaker_count_usable|total_score_alto|visual_score_sobre_threshold|asr_espanol_y_habla_confirmados,ingest_full,49.83,598.0,low
https://www.youtube.com/watch?v=jgp8WZvtkWU,Martin Menem con Iván Schargrodsky en #OnTheRecord,Cenital,jgp8WZvtkWU,91.85,640,360,30,interview,argentino/rioplatense_probable,95.53,77.77,98.0,90.69,strong_accept,maybe_review,accept,audio_proxy_intermedio|audio_proxy_suficiente|audio_score_sobre_threshold|formato_interview|formato_largo|fuente_argentina_probable|speaker_count_usable|total_score_alto|visual_proxy_alto|visual_score_sobre_threshold|asr_espanol_y_habla_confirmados|source_cap_applied_partial,ingest_partial,60,748.0,medium:samples_incompletos|audio_asr_confirmado
https://www.youtube.com/watch?v=h3HtBhArO1Q,El Método Rebord #56 - Andy Chango,El Método Rebord,h3HtBhArO1Q,158.0,640,360,30,podcast,argentino/rioplatense_probable,84.25,96.38,98.0,90.64,accept,strong_accept,accept,audio_proxy_alto|audio_score_sobre_threshold|black_frame_rate_alto|formato_largo|formato_podcast|fuente_argentina_probable|speaker_count_usable|total_score_alto|visual_score_sobre_threshold|asr_espanol_y_habla_confirmados|source_cap_applied_partial,ingest_partial,60,1228.0,low
https://www.youtube.com/watch?v=EhYznjqlcKY,Guido Di Tella con Juan Carlos de Pablo - DiFilm (1998),archivodichiara,EhYznjqlcKY,39.3,480,360,25,other,argentino/rioplatense_probable,92.74,90.0,80.0,89.37,strong_accept,strong_accept,accept,audio_proxy_alto|audio_score_sobre_threshold|formato_largo|fuente_argentina_probable|scene_cut_proxy_alto|total_score_alto|visual_proxy_alto|visual_score_sobre_threshold|asr_espanol_y_habla_confirmados,ingest_full,34.01,408.0,low
https://www.youtube.com/watch?v=YYIVFA000BI,Pepe Mujica con Jorge Fontevecchia (Entrevista Completa),Perfil,YYIVFA000BI,116.7,640,360,30,interview,argentino/rioplatense_probable,93.07,77.03,98.0,89.24,strong_accept,maybe_review,accept,audio_proxy_intermedio|audio_proxy_suficiente|audio_score_sobre_threshold|formato_interview|formato_largo|fuente_argentina_probable|scene_cut_proxy_alto|speaker_count_usable|total_score_alto|visual_proxy_alto|visual_score_sobre_threshold|asr_espanol_y_habla_confirmados,ingest_partial,56.86,682.0,medium:audio_asr_confirmado
https://www.youtube.com/watch?v=WMk6afYRfKM,"Entrevista en “IP Noticias” con Noelia Barral, Romina Calderaro y Nora Veiras - IP - 07/02/2021",Alberto Fernández,WMk6afYRfKM,91.183,640,360,30,interview,argentino/rioplatense_probable,84.8,90.0,98.0,89.0,accept,strong_accept,accept,audio_proxy_alto|audio_score_sobre_threshold|formato_interview|formato_largo|fuente_argentina_probable|scene_cut_proxy_alto|speaker_count_usable|total_score_alto|visual_score_sobre_threshold|asr_espanol_y_habla_confirmados,ingest_partial,56.7,680.0,low
https://www.youtube.com/watch?v=PRQEkiIWps0,Coscu Mete Un Bombazo Histórico Después De Probar Las Salsas Más Picantes Del Mundo,Terapia Picante,PRQEkiIWps0,40.717,640,360,24,streamer,argentino/rioplatense_probable,84.63,90.0,98.0,88.92,accept,strong_accept,accept,audio_proxy_alto|audio_score_sobre_threshold|formato_largo|formato_streamer|fuente_argentina_probable|scene_cut_proxy_alto|speaker_count_usable|total_score_alto|visual_score_sobre_threshold|asr_espanol_y_habla_confirmados,ingest_full,27.57,331.0,low
https://www.youtube.com/watch?v=sjnH4bTak9s,Obstáculos ideológicos en el empleo,Universidad Torcuato Di Tella,sjnH4bTak9s,23.833,640,360,25,interview,argentino/rioplatense_probable,82.07,94.06,98.0,88.85,accept,strong_accept,accept,audio_proxy_alto|audio_score_sobre_threshold|formato_interview|formato_largo|fuente_argentina_probable|scene_cut_proxy_alto|speaker_count_usable|total_score_alto|visual_score_sobre_threshold|asr_espanol_y_habla_confirmados,ingest_full,9.13,110.0,low
https://www.youtube.com/watch?v=q94HfK07DjI,El último reportaje del papa Francisco con Infobae,Infobae,q94HfK07DjI,47.067,640,360,30,interview,argentino/rioplatense_probable,91.01,77.61,98.0,88.39,strong_accept,maybe_review,accept,audio_proxy_alto|audio_proxy_intermedio|audio_score_sobre_threshold|formato_interview|formato_largo|fuente_argentina_probable|scene_cut_proxy_alto|speaker_count_usable|total_score_alto|visual_proxy_alto|visual_score_sobre_threshold|asr_espanol_y_habla_confirmados,ingest_full,24.55,295.0,medium:audio_asr_confirmado
https://www.youtube.com/watch?v=EuSM3LscaWI,Marcos Galperin | La vida del emprendedor | Aprender de Grandes #072,Aprender de Grandes,EuSM3LscaWI,57.1,640,360,25,podcast,argentino/rioplatense_probable,80.21,92.58,98.0,87.48,accept,strong_accept,accept,audio_proxy_alto|audio_score_sobre_threshold|face_detect_rate_bajo|formato_largo|formato_podcast|fuente_argentina_probable|speaker_count_usable|total_score_alto|visual_proxy_alto|visual_score_sobre_threshold|asr_espanol_y_habla_confirmados,ingest_full,25.5,306.0,low
https://www.youtube.com/watch?v=IGYG0Kn0wxo,ENTREVISTA: DIEGO TORRES,Congo,IGYG0Kn0wxo,37.8,640,360,25,interview,argentino/rioplatense_probable,91.29,94.39,63.0,86.56,strong_accept,strong_accept,accept,audio_proxy_alto|audio_score_sobre_threshold|contexto_incierto|formato_a_evitar_keyword|formato_interview|formato_largo|fuente_argentina_probable|scene_cut_proxy_alto|speaker_count_usable|total_score_alto|visual_score_sobre_threshold|asr_espanol_y_habla_confirmados,ingest_full,31.17,374.0,low
https://www.youtube.com/watch?v=OA1biHKSyTw,El Método Rebord #48 - Alejandro Dolina,El Método Rebord,OA1biHKSyTw,123.233,640,360,30,educational,argentino/rioplatense_probable,91.94,82.41,98.0,90.29,strong_accept,accept,maybe_review,audio_proxy_suficiente|audio_score_sobre_threshold|formato_educational|formato_largo|fuente_argentina_probable|speaker_count_usable|total_score_alto|visual_proxy_alto|visual_proxy_suficiente|visual_score_sobre_threshold|asr_espanol_y_habla_confirmados|source_cap_applied_backup,manual_review,0.0,0,low
https://www.youtube.com/watch?v=1q6HfhZUGhc,Historias debidas VIII: Silvia Rivera Cusicanqui - Canal Encuentro,Canal Encuentro,1q6HfhZUGhc,56.717,640,360,25,interview,argentino/rioplatense_probable,79.81,100.0,98.0,89.5,maybe_review,strong_accept,maybe_review,audio_proxy_alto|audio_score_sobre_threshold|formato_interview|formato_largo|fuente_argentina_probable|scene_cut_proxy_alto|speaker_count_usable|total_score_alto|visual_proxy_suficiente|asr_espanol_y_habla_confirmados,manual_review,8.87,106.0,medium:samples_incompletos
https://www.youtube.com/watch?v=qfBtw6r0Dvc,EXPLOTÓ el DEBATE entre DIEGO RECALDE CONTRA TODOS | DOMINBORD #7 | BLENDER,BLENDER,qfBtw6r0Dvc,118.233,640,360,30,conversation,argentino/rioplatense_probable,86.72,98.7,80.0,88.97,accept,strong_accept,maybe_review,audio_proxy_alto|audio_score_sobre_threshold|formato_conversation|formato_largo|fuente_argentina_probable|muchos_hablantes_posible|scene_cut_proxy_alto|total_score_alto|visual_score_sobre_threshold|asr_espanol_y_habla_confirmados|source_cap_applied_backup,manual_review,0.0,0,low
https://www.youtube.com/watch?v=3tmLBV115Ws,"Autismo, del que no se nota | Valentín Muro en Aprender de Grandes",Aprender de Grandes,3tmLBV115Ws,29.35,640,360,30,podcast,argentino/rioplatense_probable,79.91,94.21,98.0,87.82,maybe_review,strong_accept,maybe_review,audio_proxy_alto|audio_score_sobre_threshold|formato_largo|formato_podcast|fuente_argentina_probable|scene_cut_proxy_alto|speaker_count_usable|total_score_alto|visual_proxy_alto|asr_espanol_y_habla_confirmados,manual_review,4.93,59.0,low
https://www.youtube.com/watch?v=XygzWpjcGdU,La entrevista completa de Luis Majul con Javier Milei (05/10/2025),LA NACION,XygzWpjcGdU,74.7,640,360,30,interview,argentino/rioplatense_probable,82.6,87.88,98.0,87.26,accept,accept,maybe_review,audio_proxy_alto|audio_proxy_suficiente|audio_score_sobre_threshold|formato_interview|formato_largo|fuente_argentina_probable|multi_face_rate_alto|speaker_count_usable|total_score_alto|visual_score_sobre_threshold|asr_espanol_y_habla_confirmados|sin_minutos_utiles_estimados,manual_review,0.0,0.0,low
https://www.youtube.com/watch?v=MQXeQFI_KU4,La Argentina y las perspectivas de la economía global,Universidad Torcuato Di Tella,MQXeQFI_KU4,75.333,640,360,30,educational,argentino/rioplatense_probable,78.43,93.33,98.0,86.81,maybe_review,strong_accept,maybe_review,audio_proxy_alto|audio_score_sobre_threshold|formato_educational|formato_largo|fuente_argentina_probable|scene_cut_proxy_alto|speaker_count_usable|total_score_alto|visual_proxy_suficiente|asr_espanol_y_habla_confirmados,manual_review,8.27,99.0,low
https://www.youtube.com/watch?v=19wIlrs4jx4,DIEZ AÑOS DE PONTIFICADO  | El Papa Francisco mano a mano con Jorge Fontevecchia | COMPLETO,Perfil,19wIlrs4jx4,144.433,640,360,25,interview,argentino/rioplatense_probable,83.78,84.32,98.0,86.79,accept,accept,maybe_review,audio_proxy_alto|audio_proxy_suficiente|audio_score_sobre_threshold|formato_interview|formato_largo|fuente_argentina_probable|scene_cut_proxy_alto|speaker_count_usable|total_score_alto|visual_score_sobre_threshold|asr_espanol_y_habla_confirmados|source_cap_applied_backup,manual_review,0.0,0,low
https://www.youtube.com/watch?v=dB4HR5WpYZc,“La primera estrella” retrata la hazaña uruguaya que cambió la visión sobre el fútbol rioplatense,En Perspectiva + VIDEO ,dB4HR5WpYZc,25.783,640,360,30,podcast,argentino/rioplatense_probable,72.56,98.7,98.0,85.49,maybe_review,strong_accept,maybe_review,audio_proxy_alto|audio_score_sobre_threshold|formato_largo|formato_podcast|fuente_argentina_probable|perfil_extremo_proxy|scene_cut_proxy_alto|speaker_count_usable|total_score_alto|asr_espanol_y_habla_confirmados,manual_review,3.41,41.0,low
https://www.youtube.com/watch?v=W0yLfgivFP4,"Felipe Pigna: ""Cada vez admiro más a San Martín"" | Caja Negra",Filo News,W0yLfgivFP4,102.75,640,360,25,interview,argentino/rioplatense_probable,74.03,95.3,98.0,85.21,maybe_review,strong_accept,maybe_review,audio_proxy_alto|audio_score_sobre_threshold|black_frame_rate_alto|face_detect_rate_bajo|formato_interview|formato_largo|fuente_argentina_probable|scene_cut_proxy_alto|speaker_count_usable|total_score_alto|asr_espanol_y_habla_confirmados,manual_review,10.38,125.0,low
https://www.youtube.com/watch?v=iq3Kk2OFJI4,Destellos en la oscuridad. Episodio 6. Lucrecia Martel,elDiarioAR,iq3Kk2OFJI4,52.25,640,360,25,monologue,argentino/rioplatense_probable,71.46,98.58,98.0,84.91,maybe_review,strong_accept,maybe_review,audio_proxy_alto|audio_score_sobre_threshold|black_frame_rate_alto|face_detect_rate_bajo|formato_largo|formato_monologue|fuente_argentina_probable|speaker_count_usable|visual_proxy_alto|asr_espanol_y_habla_confirmados,manual_review,7.44,89.0,low
https://www.youtube.com/watch?v=JjBJv0GDR4w,Hernán Casciari: “Se que mi transcendencia va a ser popular” | Caja Negra,Filo News,JjBJv0GDR4w,73.45,640,360,25,interview,argentino/rioplatense_probable,79.71,84.3,98.0,84.75,maybe_review,accept,maybe_review,audio_proxy_suficiente|audio_score_sobre_threshold|black_frame_rate_alto|formato_interview|formato_largo|fuente_argentina_probable|speaker_count_usable|asr_espanol_y_habla_confirmados,manual_review,8.23,99.0,low
https://www.youtube.com/watch?v=_nqNA76G29M,LA CHARLA DEL AÑO: MESSI EN LUZU COMO NUNCA LO VISTE,LUZU TV,_nqNA76G29M,74.9,640,360,30,educational,argentino/rioplatense_probable,74.77,91.51,98.0,84.44,maybe_review,strong_accept,maybe_review,audio_proxy_alto|audio_proxy_suficiente|audio_score_sobre_threshold|formato_educational|formato_largo|fuente_argentina_probable|scene_cut_proxy_alto|speaker_count_usable|visual_proxy_intermedio|asr_espanol_y_habla_confirmados,manual_review,7.72,93.0,low
https://www.youtube.com/watch?v=G0izzumb2VY,INSTRUCCIÓN EN BASE A LAS COMPETENCIAS AERONÁUTICAS,Sociedad Argentina De Aviacion,G0izzumb2VY,61.883,640,360,30,educational,argentino/rioplatense_probable,81.35,80.25,98.0,84.35,accept,accept,maybe_review,audio_proxy_alto|audio_proxy_intermedio|audio_proxy_suficiente|audio_score_sobre_threshold|formato_educational|formato_largo|fuente_argentina_probable|scene_cut_proxy_alto|speaker_count_usable|visual_proxy_alto|visual_proxy_suficiente|visual_score_sobre_threshold|asr_espanol_y_habla_confirmados,manual_review,11.47,138.0,low
https://www.youtube.com/watch?v=Il9Lb3hl_Nw,Pedro Aznar - Encuentro en el Estudio HD (Completo),Eduardo Mellado Soto,Il9Lb3hl_Nw,56.417,640,360,25,other,argentino/rioplatense_probable,79.82,93.41,80.0,83.93,maybe_review,strong_accept,maybe_review,audio_proxy_alto|audio_score_sobre_threshold|black_frame_rate_alto|formato_largo|fuente_argentina_probable|visual_proxy_intermedio|visual_proxy_suficiente|asr_espanol_y_habla_confirmados,manual_review,7.45,89.0,low
https://www.youtube.com/watch?v=nK1-Zn3LZfQ,#NADIEDICENADA | DÍA HISTÓRICO: ROSALÍA QUE MUJER ¿DEBATE SI ES TOXI O TIENE UN PUNTO?,LUZU TV,nK1-Zn3LZfQ,190.983,640,360,30,streamer,argentino/rioplatense_probable,75.43,94.49,88.0,83.66,maybe_review,strong_accept,maybe_review,audio_proxy_alto|audio_score_sobre_threshold|formato_largo|formato_streamer|fuente_argentina_probable|muchos_hablantes_posible|scene_cut_proxy_alto|speaker_count_usable|asr_espanol_y_habla_confirmados,manual_review,22.64,272.0,medium:samples_incompletos
https://www.youtube.com/watch?v=dSzqoR07F28,"Chino Darín: ""Si hubiera nacido 15 años después, ahora sería streamer"" | Caja Negra",Filo News,dSzqoR07F28,87.433,640,360,25,interview,argentino/rioplatense_probable,79.57,80.6,98.0,83.56,maybe_review,accept,maybe_review,audio_proxy_suficiente|audio_score_sobre_threshold|black_frame_rate_alto|formato_interview|formato_largo|fuente_argentina_probable|scene_cut_proxy_alto|speaker_count_usable|asr_espanol_y_habla_confirmados,manual_review,13.6,163.0,low
https://www.youtube.com/watch?v=fGw0Lq2kVcs,"¡VIVA LA DIFERENCIA, VIVA LAS TRAVAS, VIVA PERÓN! | FLOR DE LA V con JULIA MENGOLINI",Futurock FM,fGw0Lq2kVcs,50.333,640,360,30,interview,argentino/rioplatense_probable,93.54,80.45,63.0,83.51,strong_accept,accept,maybe_review,audio_proxy_alto|audio_proxy_intermedio|audio_score_sobre_threshold|contexto_incierto|formato_a_evitar_keyword|formato_interview|formato_largo|fuente_argentina_probable|scene_cut_proxy_alto|speaker_count_usable|visual_proxy_alto|visual_score_sobre_threshold|asr_espanol_y_habla_confirmados,manual_review,13.77,165.0,medium:samples_incompletos
https://www.youtube.com/watch?v=RXivg31DQ28,"Natalia Oreiro: ""Gilda fue el único proyecto donde yo sentí una pérdida cuando terminó"" | Caja Negra",Filo News,RXivg31DQ28,71.283,640,360,25,interview,argentino/rioplatense_probable,77.99,82.7,98.0,83.4,maybe_review,accept,maybe_review,audio_proxy_alto|audio_proxy_suficiente|audio_score_sobre_threshold|black_frame_rate_alto|formato_interview|formato_largo|fuente_argentina_probable|speaker_count_usable|asr_espanol_y_habla_confirmados,manual_review,6.53,78.0,low
https://www.youtube.com/watch?v=ASqvYtA3grM,Conferencia de Cierre — Rita Segato — VI Congreso Latinoamericano y Caribeño de Ciencias Sociales,FLACSO Argentina,ASqvYtA3grM,86.333,640,360,25,educational,argentino/rioplatense_probable,78.82,80.58,98.0,83.18,maybe_review,accept,maybe_review,audio_proxy_suficiente|audio_score_sobre_threshold|formato_educational|formato_largo|fuente_argentina_probable|scene_cut_proxy_alto|speaker_count_usable|visual_proxy_intermedio|visual_proxy_suficiente|asr_espanol_y_habla_confirmados,manual_review,7.98,96.0,low
https://www.youtube.com/watch?v=ytsu50Ugeow,Entrevista con ALBEREE Y GUARI,Martin Cirio,ytsu50Ugeow,63.167,640,360,25,interview,argentino/rioplatense_probable,68.92,96.83,98.0,83.11,maybe_review,strong_accept,maybe_review,audio_proxy_alto|audio_score_sobre_threshold|formato_interview|formato_largo|fuente_argentina_probable|scene_cut_proxy_alto|speaker_count_usable|visual_proxy_intermedio|asr_espanol_y_habla_confirmados,manual_review,0.51,6.0,low
https://www.youtube.com/watch?v=qpG_BeBTvyk,"PREGUNTAS y RESPUESTAS con Nicolás Tagliafico, Leandro Paredes y Lautaro Martínez FT. DAVO y LACOBRA",Coscu,qpG_BeBTvyk,20.05,640,360,30,streamer,argentino/rioplatense_probable,69.63,95.04,98.0,82.93,maybe_review,strong_accept,maybe_review,audio_proxy_alto|audio_score_sobre_threshold|face_detect_rate_bajo|formato_largo|formato_streamer|fuente_argentina_probable|scene_cut_proxy_alto|speaker_count_usable|asr_espanol_y_habla_confirmados,manual_review,1.9,23.0,low
https://www.youtube.com/watch?v=Nn0kxFXDfX4,PACHU PEÑA Y JOSEMA SIN FILTRO EN BLENDER AT NIGHT | #BAT COMPLETO 10/03 | BLENDER,BLENDER,Nn0kxFXDfX4,86.183,640,360,30,interview,argentino/rioplatense_probable,74.59,93.33,88.0,82.89,maybe_review,strong_accept,maybe_review,audio_proxy_alto|audio_score_sobre_threshold|formato_interview|formato_largo|fuente_argentina_probable|muchos_hablantes_posible|scene_cut_proxy_alto|speaker_count_usable|visual_proxy_intermedio|asr_espanol_y_habla_confirmados,manual_review,8.24,99.0,low
https://www.youtube.com/watch?v=2n5Bll7L9p0,Jorge Lanata en el ciclo #1LiderXme​s,Universidad de San Andrés,2n5Bll7L9p0,91.333,640,360,25,other,argentino/rioplatense_probable,78.81,89.32,80.0,82.2,maybe_review,strong_accept,maybe_review,audio_proxy_alto|audio_score_sobre_threshold|formato_largo|fuente_argentina_probable|scene_cut_proxy_alto|visual_proxy_alto|visual_proxy_intermedio|asr_espanol_y_habla_confirmados,manual_review,11.62,139.0,low
https://www.youtube.com/watch?v=SuZ-KptBWAI,Coscu: “Somos pibes que la hicimos solos. No vino ni un empresario ni el más  picante” | Caja Negra,Filo News,SuZ-KptBWAI,54.317,640,360,25,interview,argentino/rioplatense_probable,68.17,93.86,98.0,81.84,maybe_review,strong_accept,maybe_review,audio_proxy_alto|audio_score_sobre_threshold|face_detect_rate_bajo|formato_interview|formato_largo|fuente_argentina_probable|scene_cut_proxy_alto|speaker_count_usable|asr_espanol_y_habla_confirmados,manual_review,3.03,36.0,low
https://www.youtube.com/watch?v=SWO7XZ02rpI,"Rodrigo De la Serna: ""Okupas es un programa que resiste al paso del tiempo"" | Caja Negra",Filo News,SWO7XZ02rpI,37.567,640,360,25,interview,argentino/rioplatense_probable,73.85,82.44,98.0,81.26,maybe_review,accept,maybe_review,audio_proxy_alto|audio_proxy_suficiente|audio_score_sobre_threshold|black_frame_rate_alto|formato_interview|formato_largo|fuente_argentina_probable|speaker_count_usable|asr_espanol_y_habla_confirmados,manual_review,4.21,50.0,low
https://www.youtube.com/watch?v=tnSHZ1ylnXY,"Mario Pergolini con Pedro Aznar y David Lebón: Entrevista Completa - ""Uno"" | Vorterix",Vorterix,tnSHZ1ylnXY,47.417,640,360,25,interview,argentino/rioplatense_probable,70.48,84.92,98.0,80.31,maybe_review,accept,maybe_review,audio_proxy_alto|audio_proxy_suficiente|audio_score_sobre_threshold|black_frame_rate_alto|formato_interview|formato_largo|fuente_argentina_probable|speaker_count_usable|asr_espanol_y_habla_confirmados,manual_review,4.72,57.0,low
https://www.youtube.com/watch?v=38-d7JikoLc,"Rolón: ""Enamorarse impacta en un lugar de tu inconsciente relacionado con tu pasado"" | Caja Negra",Filo News,38-d7JikoLc,102.217,640,360,25,interview,argentino/rioplatense_probable,74.87,76.43,98.0,79.96,maybe_review,maybe_review,maybe_review,audio_proxy_intermedio|audio_proxy_suficiente|audio_score_sobre_threshold|black_frame_rate_alto|formato_interview|formato_largo|fuente_argentina_probable|perfil_extremo_proxy|speaker_count_usable|asr_espanol_y_habla_confirmados,manual_review,7.35,88.0,medium:audio_asr_confirmado
https://www.youtube.com/watch?v=rDUY39o7gdg,El humor del inconsciente de Lucho Mellera | Luciano Mellera | TEDxRiodelaPlata,TEDx Talks,rDUY39o7gdg,27.733,640,360,25,educational,argentino/rioplatense_probable,68.05,86.87,98.0,79.69,maybe_review,accept,maybe_review,audio_proxy_alto|audio_proxy_suficiente|audio_score_sobre_threshold|black_frame_rate_alto|face_detect_rate_bajo|formato_educational|formato_largo|fuente_argentina_probable|scene_cut_proxy_alto|speaker_count_usable|asr_espanol_y_habla_confirmados,manual_review,1.76,21.0,low
https://www.youtube.com/watch?v=YmZKSCP6rDA,"Ricardo Darín: ""Hacer 'Argentina, 1985' fue muy emocionante y nutritivo"" | Caja Negra",Filo News,YmZKSCP6rDA,74.667,640,360,25,interview,argentino/rioplatense_probable,70.61,80.75,98.0,79.13,maybe_review,accept,maybe_review,audio_proxy_alto|audio_proxy_intermedio|audio_proxy_suficiente|audio_score_sobre_threshold|black_frame_rate_alto|formato_interview|formato_largo|fuente_argentina_probable|scene_cut_proxy_alto|speaker_count_usable|asr_espanol_y_habla_confirmados,manual_review,5.5,66.0,low
https://www.youtube.com/watch?v=ZUWbS2Nb3GU,El plan estratégico de Argentina | Completo,Pablo H. Plá,ZUWbS2Nb3GU,86.0,640,360,30,interview,argentino/rioplatense_probable,73.0,76.5,98.0,79.05,maybe_review,maybe_review,maybe_review,audio_proxy_alto|audio_proxy_intermedio|audio_proxy_suficiente|audio_score_sobre_threshold|face_detect_rate_bajo|formato_interview|formato_largo|fuente_argentina_probable|scene_cut_proxy_alto|speaker_count_usable|asr_espanol_y_habla_confirmados,manual_review,7.61,91.0,medium:audio_asr_confirmado
https://www.youtube.com/watch?v=-wa7igZnkJk,Río de las ideas | Luciano Mellera | TEDxRiodelaPlata,TEDx Talks,-wa7igZnkJk,22.583,640,360,25,educational,argentino/rioplatense_probable,66.0,86.19,98.0,78.45,maybe_review,accept,maybe_review,audio_proxy_alto|audio_proxy_suficiente|audio_score_sobre_threshold|face_detect_rate_bajo|formato_educational|formato_largo|fuente_argentina_probable|scene_cut_proxy_alto|speaker_count_usable|visual_proxy_alto|asr_espanol_y_habla_confirmados,manual_review,2.44,29.0,medium:samples_incompletos|language_metadata_missing
https://www.youtube.com/watch?v=jEEahJU8_jg,#NADIEDICENADA l ¿NOS COMPRAN UNA CAMISA PARA MARCOS? EXPERTOS EN MIMITOS Y ¿CHAU NAVE?,LUZU TV,jEEahJU8_jg,161.5,640,360,30,streamer,argentino/rioplatense_probable,65.3,99.66,98.0,82.15,reject,strong_accept,reject,audio_proxy_alto|audio_score_sobre_threshold|face_detect_rate_bajo|formato_largo|formato_streamer|fuente_argentina_probable|scene_cut_proxy_alto|speaker_count_usable|asr_espanol_y_habla_confirmados,reject,0.0,0.0,low
https://www.youtube.com/watch?v=rDUAAU4WxrQ,VOLVIÓ ROBER Y DESCUBRIMOS LA CONSPIRACIÓN DEL MUNDIAL | #ParenLaMano Completo - 01/07 | VORTERIX,Vorterix,rDUAAU4WxrQ,112.85,640,360,30,interview,argentino/rioplatense_probable,66.28,97.55,98.0,82.01,reject,strong_accept,reject,audio_proxy_alto|audio_score_sobre_threshold|face_detect_rate_bajo|formato_interview|formato_largo|fuente_argentina_probable|perfil_extremo_proxy|scene_cut_proxy_alto|speaker_count_usable|asr_espanol_y_habla_confirmados,reject,0.0,0.0,low
https://www.youtube.com/watch?v=AWJxm8noyy0,TOMÁS MAZZA (Y ALONSO) Y LA PEOR ENTREVISTA DE SU VIDA - ENTRE DOS SUCULENTAS #29,Matias Bottero,AWJxm8noyy0,14.117,640,360,25,interview,argentino/rioplatense_probable,61.25,96.13,88.0,77.06,reject,strong_accept,reject,audio_proxy_alto|audio_score_sobre_threshold|face_detect_rate_bajo|formato_interview|fuente_argentina_probable|scene_cut_proxy_alto|speaker_count_usable|asr_not_run,reject,0.0,0.0,low
https://www.youtube.com/watch?v=ifzcNaAU6Fo,El Pullover Azul: Una historia real de la Guerra de Malvinas | Pensar Malvinas | Encuentro,Canal Encuentro,ifzcNaAU6Fo,25.483,492,360,25,educational,argentino/rioplatense_probable,54.24,95.4,88.0,73.34,reject,strong_accept,reject,audio_proxy_alto|audio_score_sobre_threshold|face_detect_rate_bajo|formato_educational|formato_largo|fuente_argentina_probable|muchos_hablantes_posible|perfil_extremo_proxy|scene_cut_proxy_alto|speaker_count_usable|asr_espanol_y_habla_confirmados,reject,0.0,0.0,low
https://www.youtube.com/watch?v=8pxVgqaqTbU,Ricardo Lagos en FLACSO Argentina,FLACSO Argentina,8pxVgqaqTbU,63.433,640,360,25,educational,argentino/rioplatense_probable,51.58,92.5,98.0,73.14,reject,strong_accept,reject,audio_proxy_alto|audio_score_sobre_threshold|face_detect_rate_bajo|formato_educational|formato_largo|fuente_argentina_probable|speaker_count_usable|asr_espanol_y_habla_confirmados,reject,0.0,0.0,low
https://www.youtube.com/watch?v=SS6C0SQNqi0,Conferencia de Veena Das en UNSAM: ‘Políticas de la vida cotidiana: memoria y presente’,UNSAM National University of San Martín Argentina,SS6C0SQNqi0,65.967,640,360,25,educational,argentino/rioplatense_probable,53.93,90.53,88.0,71.72,reject,strong_accept,reject,audio_proxy_alto|audio_score_sobre_threshold|face_detect_rate_bajo|formato_educational|formato_largo|fuente_argentina_probable|muchos_hablantes_posible|perfil_extremo_proxy|speaker_count_usable|visual_proxy_intermedio|asr_espanol_y_habla_confirmados,reject,0.0,0.0,medium:language_metadata_missing
https://www.youtube.com/watch?v=zCE7O_VJH0A,EL PROBLEMA DE MBAPPÉ Y REPASAMOS EL MUNDIAL | #ParenLaMano Completo - 19/06 | VORTERIX,Vorterix,zCE7O_VJH0A,109.2,640,360,30,interview,argentino/rioplatense_probable,44.54,98.31,98.0,71.36,reject,strong_accept,reject,audio_proxy_alto|audio_score_sobre_threshold|face_detect_rate_bajo|formato_interview|formato_largo|fuente_argentina_probable|scene_cut_proxy_alto|speaker_count_usable|asr_espanol_y_habla_confirmados,reject,0.0,0.0,low
https://www.youtube.com/watch?v=1bhYeJkJdck,"Historia Argentina - Cap 1, 2, 3 y 4",tijobrae2,1bhYeJkJdck,110.367,480,360,25,other,argentino/rioplatense_probable,64.22,75.2,80.0,70.67,maybe_review,maybe_review,reject,audio_proxy_intermedio|audio_proxy_suficiente|audio_score_sobre_threshold|face_detect_rate_bajo|formato_largo|fuente_argentina_probable|scene_cut_proxy_alto|asr_espanol_y_habla_confirmados,reject,0.0,0.0,high:samples_incompletos|language_metadata_missing|audio_asr_confirmado
https://www.youtube.com/watch?v=D9EsQ9_Xv3U,PREVIA DEL PARTIDO DE ARGENTINA Y VINO ERNESTOU | #ParenLaMano Completo - 02/07 | VORTERIX,Vorterix,D9EsQ9_Xv3U,111.55,640,360,30,interview,argentino/rioplatense_probable,42.09,98.2,98.0,70.1,reject,strong_accept,reject,audio_proxy_alto|audio_score_sobre_threshold|face_detect_rate_bajo|formato_interview|formato_largo|fuente_argentina_probable|scene_cut_proxy_alto|speaker_count_usable|asr_espanol_y_habla_confirmados,reject,0.0,0.0,low
https://www.youtube.com/watch?v=_9njPXc9BWw,Carlos Pagni en la UNSAM,UNSAM National University of San Martín Argentina,_9njPXc9BWw,111.85,640,360,30,other,argentino/rioplatense_probable,72.35,59.39,80.0,69.99,maybe_review,reject,reject,audio_muy_bajo_o_saturado_proxy|audio_proxy_suficiente|face_detect_rate_bajo|formato_largo|fuente_argentina_probable|habla_insuficiente_proxy|perfil_extremo_proxy|visual_proxy_alto|asr_espanol_y_habla_confirmados,reject,0.0,0.0,medium:audio_asr_confirmado
https://www.youtube.com/watch?v=OiG7hbPFaC8,¿Quién cuida al que cuida? Cómo manejarnos con un familiar que sufre un problema de salud mental,Fundación OSDE,OiG7hbPFaC8,64.95,640,360,30,educational,argentino/rioplatense_probable,46.65,90.47,88.0,68.07,reject,strong_accept,reject,audio_proxy_alto|audio_score_sobre_threshold|face_detect_rate_bajo|formato_educational|formato_largo|fuente_argentina_probable|muchos_hablantes_posible|scene_cut_proxy_alto|speaker_count_usable|asr_espanol_y_habla_confirmados,reject,0.0,0.0,low
https://www.youtube.com/watch?v=CP6ECJy1nPM,Salud mental en Argentina | Luciano Grasso | Psicología Al Sur 🔱,NeuroClass,CP6ECJy1nPM,40.467,640,360,30,educational,argentino/rioplatense_probable,45.58,84.42,98.0,67.72,reject,accept,reject,audio_proxy_alto|audio_proxy_suficiente|audio_score_sobre_threshold|face_detect_rate_bajo|formato_educational|formato_largo|fuente_argentina_probable|perfil_extremo_proxy|speaker_count_usable|asr_espanol_y_habla_confirmados,reject,0.0,0.0,low
https://www.youtube.com/watch?v=jS_WR43n4Hg,EL POST PARTIDO DE ARGENTINA: MESSI ADICTO AL GOL | #ParenLaMano Completo - 22/06 | VORTERIX,Vorterix,jS_WR43n4Hg,109.217,640,360,30,interview,argentino/rioplatense_probable,37.33,97.47,98.0,67.51,reject,strong_accept,reject,audio_proxy_alto|audio_score_sobre_threshold|face_detect_rate_bajo|formato_interview|formato_largo|fuente_argentina_probable|scene_cut_proxy_alto|speaker_count_usable|asr_espanol_y_habla_confirmados,reject,0.0,0.0,low
https://www.youtube.com/watch?v=KwkcN7sjhjc,"Conferencia internacional UNSAM- The New School: “Estado, Educación y Desarrollo con Inclusión”",UNSAM National University of San Martín Argentina,KwkcN7sjhjc,145.933,640,360,25,educational,argentino/rioplatense_probable,42.19,82.97,98.0,65.59,reject,accept,reject,audio_proxy_alto|audio_proxy_suficiente|audio_score_sobre_threshold|face_detect_rate_bajo|formato_educational|formato_largo|fuente_argentina_probable|perfil_extremo_proxy|speaker_count_usable|asr_not_run,reject,0.0,0.0,low
https://www.youtube.com/watch?v=qvTfsiFX9Lc,"Conferencia de Florencia Collo. Ciclo ""El Trabajo de los demás"". 18/08/2022",Escuela de Arquitectura y Estudios Urbanos,qvTfsiFX9Lc,121.583,640,360,30,educational,argentino/rioplatense_probable,37.9,90.0,98.0,65.55,reject,strong_accept,reject,audio_proxy_alto|audio_score_sobre_threshold|face_detect_rate_bajo|formato_educational|formato_largo|fuente_argentina_probable|scene_cut_proxy_alto|speaker_count_usable|asr_espanol_y_habla_confirmados,reject,0.0,0.0,low
https://www.youtube.com/watch?v=6EbfhQAw3Tc,Triaca y Moroni debatieron en la EEyN-UNSAM sobre el futuro del trabajo en Argentina,Escuela de Economía y Negocios - UNSAM,6EbfhQAw3Tc,59.933,640,360,30,other,argentino/rioplatense_probable,45.33,88.14,70.0,63.11,reject,strong_accept,reject,audio_proxy_alto|audio_proxy_suficiente|audio_score_sobre_threshold|face_detect_rate_bajo|formato_largo|fuente_argentina_probable|muchos_hablantes_posible|asr_espanol_y_habla_confirmados,reject,0.0,0.0,low
https://www.youtube.com/watch?v=anxzhg7NxUA,99dosmil - Todo el Día Pensando (Video Oficial),99dosmil,anxzhg7NxUA,4.75,640,360,25,other,unknown,0.0,0.0,0.0,0.0,reject,reject,reject,contexto_incierto|missing_audit_samples|prefilter_reject:duracion_menor_a_480s|asr_not_run,reject,0.0,0.0,high:missing_audit
https://www.youtube.com/watch?v=KS4dCIP4JrE,¡Gaspi va a la heladería!,Bat Flicks & Ink,KS4dCIP4JrE,1.75,640,352,30,other,unknown,0.0,0.0,0.0,0.0,reject,reject,reject,contexto_incierto|missing_audit_samples|prefilter_reject:duracion_menor_a_480s|asr_not_run,reject,0.0,0.0,high:missing_audit
https://www.youtube.com/watch?v=3DU520MCIO4,VUELAPELUCAS 3000: Encuentro de Artistas en La Pampa - EN EL VACÍO PODCAST,EN EL VACÍO,3DU520MCIO4,43.883,640,360,30,podcast,argentino/rioplatense_probable,0.0,0.0,0.0,0.0,reject,reject,reject,contexto_incierto|missing_audit_samples|prefilter_reject:rechazo_keyword:tiktok|asr_not_run,reject,0.0,0.0,high:missing_audit
https://www.youtube.com/watch?v=7o3kTnxB664,En Vilo #115 con Ta'crack,EN VILO,7o3kTnxB664,17.283,640,360,30,other,unknown,0.0,0.0,0.0,0.0,reject,reject,reject,contexto_incierto|missing_audit_samples|asr_not_run,reject,0.0,0.0,high:missing_audit
https://www.youtube.com/watch?v=m6jfZa00vkY,"ESTOY FUERA | Corto ganador 1er premio concurso ""Hacé cine"" ECU.",Ismael Krall,m6jfZa00vkY,1.0,640,360,24,educational,unknown,0.0,0.0,0.0,0.0,reject,reject,reject,contexto_incierto|missing_audit_samples|prefilter_reject:duracion_menor_a_480s|asr_not_run,reject,0.0,0.0,high:missing_audit
https://www.youtube.com/watch?v=Gdi-M-RwNao,1 Hombre Construido vs 7 Mujeres Modernas | Rodeados con Matías Laca,La Cruda Verdad Podcast,Gdi-M-RwNao,105.767,640,360,30,podcast,unknown,0.0,0.0,0.0,0.0,reject,reject,reject,contexto_incierto|missing_audit_samples|prefilter_reject:rechazo_keyword:musica|asr_not_run,reject,0.0,0.0,high:missing_audit
https://www.youtube.com/watch?v=0lJ1Y6xyxsY,VALE ACEVEDO En La Pileta De Blest - APÓSTROFE LIVE MUSIC SESSIONS,Apóstrofe,0lJ1Y6xyxsY,17.433,640,360,24,other,argentino/rioplatense_probable,0.0,0.0,0.0,0.0,reject,reject,reject,contexto_incierto|missing_audit_samples|asr_not_run,reject,0.0,0.0,high:missing_audit
https://www.youtube.com/watch?v=vlejYMsa00Y,PROHIBIDO DORMIR: 5 Horas de Relatos Reales SIN INTERRUPCIONES (Especial de Colección),PARANORMAL AND UFOs,vlejYMsa00Y,301.733,640,360,30,interview,argentino/rioplatense_probable,0.0,0.0,0.0,0.0,reject,reject,reject,contexto_incierto|missing_audit_samples|prefilter_reject:duracion_mayor_a_14400s|asr_not_run,reject,0.0,0.0,high:missing_audit
https://www.youtube.com/watch?v=8Ax26bhTBM4,La mejor camara para Streaming y podcast || GUIA 2025,Martin De Iuliis,8Ax26bhTBM4,8.35,640,360,25,podcast,argentino/rioplatense_probable,0.0,0.0,0.0,0.0,reject,reject,reject,contexto_incierto|missing_audit_samples|asr_not_run,reject,0.0,0.0,high:missing_audit
https://www.youtube.com/watch?v=SimBGCewqHs,Las 5 MEJORES Webcams Para Streaming en 2025/2026!,TiltEdward,SimBGCewqHs,9.483,640,360,30,streamer,unknown,0.0,0.0,0.0,0.0,reject,reject,reject,contexto_incierto|missing_audit_samples|prefilter_reject:rechazo_keyword:tiktok|asr_not_run,reject,0.0,0.0,high:missing_audit
https://www.youtube.com/watch?v=imYBX3EfJ2w,La mejor webcam 4k BBB para streaming y creación de contenido? Emeet S600 vs Logitech c920,CaroKokoGG,imYBX3EfJ2w,11.183,640,360,30,streamer,unknown,0.0,0.0,0.0,0.0,reject,reject,reject,contexto_incierto|missing_audit_samples|asr_not_run,reject,0.0,0.0,high:missing_audit
https://www.youtube.com/watch?v=ecAe6lheTOA,La Mejor Webcam Barata Para Streamers,Duodedos,ecAe6lheTOA,4.617,640,360,30,streamer,unknown,0.0,0.0,0.0,0.0,reject,reject,reject,contexto_incierto|missing_audit_samples|prefilter_reject:duracion_menor_a_480s|asr_not_run,reject,0.0,0.0,high:missing_audit
https://www.youtube.com/watch?v=PPg0fBniLTQ,Las Mejores Webcams 4K para 2026 (Baratas VS Pros),Gallardo Reviews,PPg0fBniLTQ,12.417,640,360,30,streamer,unknown,0.0,0.0,0.0,0.0,reject,reject,reject,contexto_incierto|missing_audit_samples|prefilter_reject:rechazo_keyword:letra|asr_not_run,reject,0.0,0.0,high:missing_audit
https://www.youtube.com/watch?v=2iP3xPX2Iww,Las 5 Mejores Webcams Para Streaming 2026 | Calidad-Precio en Mercado Libre,La Mejor Opción ,2iP3xPX2Iww,8.517,640,360,30,streamer,unknown,0.0,0.0,0.0,0.0,reject,reject,reject,contexto_incierto|missing_audit_samples|asr_not_run,reject,0.0,0.0,high:missing_audit
https://www.youtube.com/watch?v=fd-ApV6WZzI,¿Cómo conectar mi cámara al celular para transmitir en vivo con - DOMO STREAM?,Kerigma Films,fd-ApV6WZzI,1.833,640,360,30,streamer,unknown,0.0,0.0,0.0,0.0,reject,reject,reject,contexto_incierto|missing_audit_samples|prefilter_reject:duracion_menor_a_480s|asr_not_run,reject,0.0,0.0,high:missing_audit
https://www.youtube.com/watch?v=LEoQyiDObx4,🔴 Convierte  tu CELULAR en una 📱WEBCAM ► Y envía a OBS Studio 2024,"Luces, Cámara, Aprendo",LEoQyiDObx4,23.017,640,360,30,streamer,unknown,0.0,0.0,0.0,0.0,reject,reject,reject,contexto_incierto|missing_audit_samples|asr_not_run,reject,0.0,0.0,high:missing_audit
https://www.youtube.com/watch?v=Sm_N7WYpofQ,NAHIR GALARZA: la entrevista desde la cárcel de Paraná con NATI JOTA Y PAULO KABLAN,OLGA,Sm_N7WYpofQ,81.283,640,360,25,interview,argentino/rioplatense_probable,0.0,0.0,0.0,0.0,reject,reject,reject,contexto_incierto|missing_audit_samples|prefilter_reject:rechazo_keyword:tiktok|asr_not_run,reject,0.0,0.0,high:missing_audit
https://www.youtube.com/watch?v=6ohZOktxMoY,Dante Gebel en #LuisNovaresioEntrevista | Programa Completo (22/04/26),A24com,6ohZOktxMoY,56.167,640,360,25,interview,argentino/rioplatense_probable,0.0,0.0,0.0,0.0,reject,reject,reject,contexto_incierto|missing_audit_samples|prefilter_reject:rechazo_keyword:tiktok|asr_not_run,reject,0.0,0.0,high:missing_audit
https://www.youtube.com/watch?v=qs1PovHocmU,"Yo, la reina del boliche, por Mauro Szeta - Telefe Noticias",Telefe Noticias,qs1PovHocmU,9.017,640,360,25,interview,argentino/rioplatense_probable,0.0,0.0,0.0,0.0,reject,reject,reject,contexto_incierto|missing_audit_samples|asr_not_run,reject,0.0,0.0,high:missing_audit
https://www.youtube.com/watch?v=zcasomU6Ios,"""Mato al chorro, mato al juez"" ENTREVISTA COMPLETA ORIGINAL.",Sentidos Audiovisuales,zcasomU6Ios,5.8,640,360,25,interview,unknown,0.0,0.0,0.0,0.0,reject,reject,reject,contexto_incierto|missing_audit_samples|prefilter_reject:duracion_menor_a_480s|asr_not_run,reject,0.0,0.0,high:missing_audit
https://www.youtube.com/watch?v=Xmh0vaJqFr8,Pablo Martínez en Saber Ver (03/09/2013),Saber Ver,Xmh0vaJqFr8,6.933,450,360,25,other,unknown,0.0,0.0,0.0,0.0,reject,reject,reject,contexto_incierto|missing_audit_samples|prefilter_reject:duracion_menor_a_480s|asr_not_run,reject,0.0,0.0,high:missing_audit
https://www.youtube.com/watch?v=ww-qZNwQ1pM,Jaime Bayly en #LuisNovaresioEntrevista | Programa completo (07/05/26),A24com,ww-qZNwQ1pM,54.933,640,360,25,interview,argentino/rioplatense_probable,0.0,0.0,0.0,0.0,reject,reject,reject,contexto_incierto|missing_audit_samples|prefilter_reject:rechazo_keyword:tiktok|asr_not_run,reject,0.0,0.0,high:missing_audit
https://www.youtube.com/watch?v=EDgo3YXY4KE,Hacer visible lo invisible | Elena Santa Cruz | TEDxUBA,TEDx Talks,EDgo3YXY4KE,14.8,640,360,25,other,argentino/rioplatense_probable,0.0,0.0,0.0,0.0,reject,reject,reject,contexto_incierto|missing_audit_samples|asr_not_run,reject,0.0,0.0,high:missing_audit
https://www.youtube.com/watch?v=jRjwpxtrgCc,How to Show Up FIRST on YouTube Search,Think Media,jRjwpxtrgCc,9.55,640,360,24,podcast,argentino/rioplatense_probable,0.0,0.0,0.0,0.0,reject,reject,reject,contexto_incierto|missing_audit_samples|asr_not_run,reject,0.0,0.0,high:missing_audit
https://www.youtube.com/watch?v=1uO-x8Q34mE,¿Cómo nuestra imagen nos puede movilizar? | Analia Polasek | TEDxEldorado,TEDx Talks,1uO-x8Q34mE,11.783,640,360,25,other,argentino/rioplatense_probable,0.0,0.0,0.0,0.0,reject,reject,reject,contexto_incierto|missing_audit_samples|asr_not_run,reject,0.0,0.0,high:missing_audit
https://www.youtube.com/watch?v=v6lAF8Ep73Q,13 Misterios de Buenos Aires que te dejarán sin palabras,Ecos del Pasado Argentino: Recuerdo con nostalgia,v6lAF8Ep73Q,25.25,640,360,30,other,argentino/rioplatense_probable,0.0,0.0,0.0,0.0,reject,reject,reject,contexto_incierto|missing_audit_samples|prefilter_reject:rechazo_keyword:compilado|asr_not_run,reject,0.0,0.0,high:missing_audit
https://www.youtube.com/watch?v=tr21Srpn9Gg,"González y el video viral: ""Jamás me reí de Clorinda""",Noticias Formosa,tr21Srpn9Gg,9.917,640,360,25,educational,unknown,0.0,0.0,0.0,0.0,reject,reject,reject,contexto_incierto|missing_audit_samples|asr_not_run,reject,0.0,0.0,high:missing_audit
https://www.youtube.com/watch?v=IFgPzdWO_wU,Aprende a crear contenido para ser VIRAL en redes sociales,converzzo,IFgPzdWO_wU,8.683,640,360,24,other,unknown,0.0,0.0,0.0,0.0,reject,reject,reject,contexto_incierto|missing_audit_samples|prefilter_reject:rechazo_keyword:tiktok|asr_not_run,reject,0.0,0.0,high:missing_audit
https://www.youtube.com/watch?v=KbYBZn7jw9I,El cuidado de lo invisible | Gabriel Heras | TEDxValladolid,TEDx Talks,KbYBZn7jw9I,20.0,640,360,25,other,unknown,0.0,0.0,0.0,0.0,reject,reject,reject,contexto_incierto|missing_audit_samples|asr_not_run,reject,0.0,0.0,high:missing_audit
https://www.youtube.com/watch?v=Ni0bRe4_DOI,La historia de Hidrolit: ¿Qué tiene que pasar para que una empresa valga 100 millones de dólares?,Construyendo Negocios,Ni0bRe4_DOI,67.117,640,360,30,educational,argentino/rioplatense_probable,0.0,0.0,0.0,0.0,reject,reject,reject,contexto_incierto|missing_audit_samples|prefilter_reject:rechazo_keyword:tiktok|asr_not_run,reject,0.0,0.0,high:missing_audit
https://www.youtube.com/watch?v=Dv8ktyDa-xk,SE HIZO VIRAL: La mujer que habla igual a Cristina Kirchner,eltrece,Dv8ktyDa-xk,2.233,640,360,25,other,unknown,0.0,0.0,0.0,0.0,reject,reject,reject,contexto_incierto|missing_audit_samples|prefilter_reject:duracion_menor_a_480s|asr_not_run,reject,0.0,0.0,high:missing_audit
https://www.youtube.com/watch?v=EKW-1CA4e6o,Este reportero se dio un buen viaje durante una nota | El Mundial Qué Importa,Imagen Noticias,EKW-1CA4e6o,2.15,640,360,30,other,argentino/rioplatense_probable,0.0,0.0,0.0,0.0,reject,reject,reject,contexto_incierto|missing_audit_samples|prefilter_reject:duracion_menor_a_480s|asr_not_run,reject,0.0,0.0,high:missing_audit
https://www.youtube.com/watch?v=Lf6Qh-iWlT0,😱ILLOJUAN reacciona  a JORDI WILD hablando CATALÁN en la TELE✨,TrendClips,Lf6Qh-iWlT0,0.6,640,360,30,other,unknown,0.0,0.0,0.0,0.0,reject,reject,reject,contexto_incierto|missing_audit_samples|prefilter_reject:duracion_menor_a_480s|asr_not_run,reject,0.0,0.0,high:missing_audit
https://www.youtube.com/watch?v=MGOOML1CVIc,Tokio Hotel Hablando Español,Vanesa Cortes,MGOOML1CVIc,2.633,480,360,25,other,unknown,0.0,0.0,0.0,0.0,reject,reject,reject,contexto_incierto|missing_audit_samples|prefilter_reject:duracion_menor_a_480s|asr_not_run,reject,0.0,0.0,high:missing_audit
https://www.youtube.com/watch?v=hDaKf8icuhs,Georgina Rodríguez confiesa cómo se enamoró de Cristiano Ronaldo - El Hormiguero,Antena 3,hDaKf8icuhs,3.383,640,360,25,other,unknown,0.0,0.0,0.0,0.0,reject,reject,reject,contexto_incierto|missing_audit_samples|prefilter_reject:duracion_menor_a_480s|asr_not_run,reject,0.0,0.0,high:missing_audit
https://www.youtube.com/watch?v=1m3DT0DcA-g,"¡Donald Trump, nuevo presidente de Estados Unidos, visitó Showmatch!",eltrece,1m3DT0DcA-g,3.7,640,360,25,other,argentino/rioplatense_probable,0.0,0.0,0.0,0.0,reject,reject,reject,contexto_incierto|missing_audit_samples|prefilter_reject:duracion_menor_a_480s|asr_not_run,reject,0.0,0.0,high:missing_audit
https://www.youtube.com/watch?v=BkF_mtwa02g,Entro a supermercados argentinos hablando CHINO (reacciones increíbles),Un Topo por el Mundo,BkF_mtwa02g,11.083,640,360,30,other,argentino/rioplatense_probable,0.0,0.0,0.0,0.0,reject,reject,reject,contexto_incierto|missing_audit_samples|asr_not_run,reject,0.0,0.0,high:missing_audit
https://www.youtube.com/watch?v=q_26k18E3FE,Me entrevistó Univisión por imitar varios acentos en Español | Marianna Girgenti,Marianna Girgenti,q_26k18E3FE,5.133,640,360,30,interview,argentino/rioplatense_probable,0.0,0.0,0.0,0.0,reject,reject,reject,contexto_incierto|missing_audit_samples|prefilter_reject:duracion_menor_a_480s|asr_not_run,reject,0.0,0.0,high:missing_audit
https://www.youtube.com/watch?v=FpKfNqDYei8,"""Tango. La música que el tiempo no ha borrado"" - Podcast #01 - Historia de un encuentro rioplatense",Chino Soto Lozano - Locutor,FpKfNqDYei8,2.0,320,240,30,podcast,argentino/rioplatense_probable,0.0,0.0,0.0,0.0,reject,reject,reject,contexto_incierto|missing_audit_samples|prefilter_reject:duracion_menor_a_480s|asr_not_run,reject,0.0,0.0,high:missing_audit
https://www.youtube.com/watch?v=1tdOI0X0phE,Así era el acento porteño en los años '90 en Argentina,GLH HaxBall,1tdOI0X0phE,1.6,640,360,25,interview,argentino/rioplatense_probable,0.0,0.0,0.0,0.0,reject,reject,reject,contexto_incierto|missing_audit_samples|prefilter_reject:duracion_menor_a_480s|asr_not_run,reject,0.0,0.0,high:missing_audit
https://www.youtube.com/watch?v=KRNKHrYwWsI,Argentine Spanish: The Definitive Beginner's Guide (1 hr ),Spanish with Nico,KRNKHrYwWsI,64.283,640,360,30,podcast,argentino/rioplatense_probable,0.0,0.0,0.0,0.0,reject,reject,reject,contexto_incierto|missing_audit_samples|asr_not_run,reject,0.0,0.0,high:missing_audit
https://www.youtube.com/watch?v=X-O-hYI5zbQ,Mi Revolución (Cuatro Pesos de Propina) con Karen Medina - Episodio 23,Omitir Intro - Podcast,X-O-hYI5zbQ,77.667,640,360,30,podcast,unknown,0.0,0.0,0.0,0.0,reject,reject,reject,contexto_incierto|missing_audit_samples|asr_not_run,reject,0.0,0.0,high:missing_audit
https://www.youtube.com/watch?v=YRLdJ2tfklw,Peruano aprende lunfardo argentino | EP18T4,DESEMPLEADO,YRLdJ2tfklw,53.183,640,360,30,other,argentino/rioplatense_probable,0.0,0.0,0.0,0.0,reject,reject,reject,contexto_incierto|missing_audit_samples|prefilter_reject:rechazo_keyword:tiktok|asr_not_run,reject,0.0,0.0,high:missing_audit
https://www.youtube.com/watch?v=119ZXE9bmj8,"VINO COSCU, HABLAMOS CON GIORGIO ARMAS, PALPITANDO LOS 16AVOS (30/6)",Infobae,119ZXE9bmj8,102.633,640,360,30,interview,argentino/rioplatense_probable,0.0,0.0,0.0,0.0,reject,reject,reject,contexto_incierto|missing_audit_samples|prefilter_reject:rechazo_keyword:tiktok|asr_not_run,reject,0.0,0.0,high:missing_audit
https://www.youtube.com/watch?v=bacTwzcDN-A,Coscu le explicó a Marcelo por qué el streaming le ganó terreno a la televisión,Infobae,bacTwzcDN-A,23.667,640,360,30,interview,argentino/rioplatense_probable,0.0,0.0,0.0,0.0,reject,reject,reject,contexto_incierto|missing_audit_samples|prefilter_reject:rechazo_keyword:tiktok|asr_not_run,reject,0.0,0.0,high:missing_audit
https://www.youtube.com/watch?v=VPMzQVdlnAo,"ACTUALIDAD de KICK | ft Momo,Goncho,C0ker,Mernuel,Bananirou,JoacoLopez,NicoBianchix y ZZK7",Coscu TV,VPMzQVdlnAo,366.6,640,360,30,other,argentino/rioplatense_probable,0.0,0.0,0.0,0.0,reject,reject,reject,contexto_incierto|missing_audit_samples|prefilter_reject:duracion_mayor_a_14400s|asr_not_run,reject,0.0,0.0,high:missing_audit
https://www.youtube.com/watch?v=eFJ0LFjETkY,COSCU Y MOMO CON IBAI (CHARLA COMPLETA),Un Poco De Ibai,eFJ0LFjETkY,111.433,640,360,30,interview,argentino/rioplatense_probable,0.0,0.0,0.0,0.0,reject,reject,reject,contexto_incierto|missing_audit_samples|prefilter_reject:rechazo_keyword:tiktok|asr_not_run,reject,0.0,0.0,high:missing_audit
https://www.youtube.com/watch?v=joBOvTkingw,SIN FILTRO con DARELL #02 | REAL G4 LIFE,Coscu,joBOvTkingw,30.367,640,360,30,other,argentino/rioplatense_probable,0.0,0.0,0.0,0.0,reject,reject,reject,contexto_incierto|missing_audit_samples|asr_not_run,reject,0.0,0.0,high:missing_audit
https://www.youtube.com/watch?v=StHzTdAmojg,LA SESIÓN #1 de CARITO MÜLLER: SOBREVIVIR a tu propia MADRE y al MIEDO en casa | Sofi Calvo,HISPA,StHzTdAmojg,87.317,640,360,25,podcast,argentino/rioplatense_probable,0.0,0.0,0.0,0.0,reject,reject,reject,contexto_incierto|missing_audit_samples|prefilter_reject:rechazo_keyword:tiktok|asr_not_run,reject,0.0,0.0,high:missing_audit
https://www.youtube.com/watch?v=muuroLTxgFA,"QUIÉN ES MICHELO, el influencer argentino que APOYA A NICOLÁS MADURO en Venezuela",CLARÍN,muuroLTxgFA,4.55,640,360,24,other,argentino/rioplatense_probable,0.0,0.0,0.0,0.0,reject,reject,reject,contexto_incierto|missing_audit_samples|prefilter_reject:duracion_menor_a_480s|asr_not_run,reject,0.0,0.0,high:missing_audit
https://www.youtube.com/watch?v=U99sM7CrNv4,Jorgito Barrionuevo contó cómo ser influencer cambió su vida y la de su familia | #NacidosEnRedes,Infobae,U99sM7CrNv4,27.883,640,360,25,other,argentino/rioplatense_probable,0.0,0.0,0.0,0.0,reject,reject,reject,contexto_incierto|missing_audit_samples|prefilter_reject:rechazo_keyword:tiktok|asr_not_run,reject,0.0,0.0,high:missing_audit
https://www.youtube.com/watch?v=D-9_xiGhESU,"""Me dicen PASTOR para bajarme el precio"" | Dante GEBEL con Pedro ROSEMBLAT",GELATINA,D-9_xiGhESU,79.617,640,360,30,interview,argentino/rioplatense_probable,0.0,0.0,0.0,0.0,reject,reject,reject,contexto_incierto|missing_audit_samples|prefilter_reject:rechazo_keyword:tiktok|asr_not_run,reject,0.0,0.0,high:missing_audit
https://www.youtube.com/watch?v=p5HLZMvJC9w,Niños de Primaria Vs Influencers | Quién sabe mas?,Valen Ferreiro,p5HLZMvJC9w,20.25,640,360,25,other,unknown,0.0,0.0,0.0,0.0,reject,reject,reject,contexto_incierto|missing_audit_samples|prefilter_reject:rechazo_keyword:tiktok|asr_not_run,reject,0.0,0.0,high:missing_audit
https://www.youtube.com/watch?v=MplhaoSvGgM,#PLP l ¿NICO NO ENTIENDE A LAS MUJERES? + NO TE OLVIDES DE VOS MISMA,LUZU TV,MplhaoSvGgM,112.817,640,360,30,streamer,argentino/rioplatense_probable,0.0,0.0,0.0,0.0,reject,reject,reject,contexto_incierto|missing_audit_samples|asr_not_run,reject,0.0,0.0,high:missing_audit
https://www.youtube.com/watch?v=DV-xZkRXdtw,"""No somos amigos"": así es la relación de Flor Vigna y Nico Occhiato - PH Podemos Hablar",Telefe,DV-xZkRXdtw,6.05,640,360,30,interview,unknown,0.0,0.0,0.0,0.0,reject,reject,reject,contexto_incierto|missing_audit_samples|prefilter_reject:duracion_menor_a_480s|asr_not_run,reject,0.0,0.0,high:missing_audit
https://www.youtube.com/watch?v=FKLwIcELszk,#PLP | LAS AVENTURAS DE EVITTA Y NOS PREOCUPA LO BAJA QUE ESTA LA VARA,LUZU TV,FKLwIcELszk,112.367,640,360,30,streamer,argentino/rioplatense_probable,0.0,0.0,0.0,0.0,reject,reject,reject,contexto_incierto|missing_audit_samples|asr_not_run,reject,0.0,0.0,high:missing_audit
https://www.youtube.com/watch?v=eD_Cikwcm28,#SEFUELARGA l ¿FERBO SEXTEA CON EL CHAT GPT? DOMPI ES REAL Y ¿EL PASADO SE CUENTA?,LUZU TV,eD_Cikwcm28,117.533,640,360,30,streamer,argentino/rioplatense_probable,0.0,0.0,0.0,0.0,reject,reject,reject,contexto_incierto|missing_audit_samples|asr_not_run,reject,0.0,0.0,high:missing_audit
https://www.youtube.com/watch?v=1JnAhTj31zU,"#PATRIAYFAMILIA l ¿CAMI Y CRIS VANADÍA?, NACHITO SARALEGUI Y PROPUESTA DE CASAMIENTO EN VIVO",LUZU TV,1JnAhTj31zU,120.583,640,360,30,streamer,argentino/rioplatense_probable,0.0,0.0,0.0,0.0,reject,reject,reject,contexto_incierto|missing_audit_samples|asr_not_run,reject,0.0,0.0,high:missing_audit
https://www.youtube.com/watch?v=XUqrvbsTfck,"Cómo hablar: comunica, conecta, y hazte recordar | Adrià Solà Pastor | TEDxESIC University",TEDx Talks,XUqrvbsTfck,19.867,640,360,30,other,unknown,0.0,0.0,0.0,0.0,reject,reject,reject,contexto_incierto|missing_audit_samples|asr_not_run,reject,0.0,0.0,high:missing_audit
https://www.youtube.com/watch?v=kLPmJbeLAE8,La diferencia entre “Hablar” y “Comunicar” | LA COMUNICACIÓN ASERTIVA | Mario Alonso Puig,Mario Alonso Puig - Oficial,kLPmJbeLAE8,62.133,640,360,25,other,unknown,0.0,0.0,0.0,0.0,reject,reject,reject,contexto_incierto|missing_audit_samples|asr_not_run,reject,0.0,0.0,high:missing_audit
https://www.youtube.com/watch?v=slogyR0ixGA,🇦🇷How to speak Argentinian Spanish🇦🇷 (English and Spanish subtitles),Español con Michelle B.,slogyR0ixGA,16.533,640,360,24,other,argentino/rioplatense_probable,0.0,0.0,0.0,0.0,reject,reject,reject,contexto_incierto|missing_audit_samples|asr_not_run,reject,0.0,0.0,high:missing_audit
https://www.youtube.com/watch?v=ZBKbJs5MBFE,"El poder del silencio. Mario Alonso Puig, cirujano, conferenciante y escritor.",AprendemosJuntos,ZBKbJs5MBFE,49.05,640,360,25,podcast,argentino/rioplatense_probable,0.0,0.0,0.0,0.0,reject,reject,reject,contexto_incierto|missing_audit_samples|prefilter_reject:rechazo_keyword:tiktok|asr_not_run,reject,0.0,0.0,high:missing_audit
https://www.youtube.com/watch?v=pDiokJpk-6A,Mitre 327: Domicilio de un desaparecido | Franciso Andrés Flores | TEDxPlazaMoreno,TEDx Talks,pDiokJpk-6A,16.017,640,360,25,other,unknown,0.0,0.0,0.0,0.0,reject,reject,reject,contexto_incierto|missing_audit_samples|prefilter_reject:rechazo_keyword:musica|asr_not_run,reject,0.0,0.0,high:missing_audit
https://www.youtube.com/watch?v=1QBBAhRlcRY,Lucho con La Gente #152 - La Ex del Ex y Ex Ex,LuchoMellera,1QBBAhRlcRY,16.05,640,360,24,streamer,argentino/rioplatense_probable,0.0,0.0,0.0,0.0,reject,reject,reject,contexto_incierto|missing_audit_samples|prefilter_reject:rechazo_keyword:tiktok|asr_not_run,reject,0.0,0.0,high:missing_audit
https://www.youtube.com/watch?v=KuG-njpJAPk,"ANGUSTIAS, VERGÜENZAS y BASURA - Especial de Stand up - Lucas Lauriente",Lucas Lauriente,KuG-njpJAPk,62.083,640,360,25,other,unknown,0.0,0.0,0.0,0.0,reject,reject,reject,contexto_incierto|missing_audit_samples|asr_not_run,reject,0.0,0.0,high:missing_audit
https://www.youtube.com/watch?v=yQZxcE7a1zw,Roberto Moldavsky Restaurant y parejas 🍽❤,Roberto Moldavsky,yQZxcE7a1zw,3.9,640,360,25,other,argentino/rioplatense_probable,0.0,0.0,0.0,0.0,reject,reject,reject,contexto_incierto|missing_audit_samples|prefilter_reject:duracion_menor_a_480s|asr_not_run,reject,0.0,0.0,high:missing_audit
https://www.youtube.com/watch?v=HMNh50sKDOE,Monólogo cómico,Lorena Fernández Sánchez,HMNh50sKDOE,1.933,640,360,25,other,argentino/rioplatense_probable,0.0,0.0,0.0,0.0,reject,reject,reject,contexto_incierto|missing_audit_samples|prefilter_reject:duracion_menor_a_480s|asr_not_run,reject,0.0,0.0,high:missing_audit
https://www.youtube.com/watch?v=gxZ9gl_qzog,ME ENGANCHÉ CON EL BASURERO,Connie Ballarini,gxZ9gl_qzog,6.133,640,360,24,educational,argentino/rioplatense_probable,0.0,0.0,0.0,0.0,reject,reject,reject,contexto_incierto|missing_audit_samples|prefilter_reject:duracion_menor_a_480s|asr_not_run,reject,0.0,0.0,high:missing_audit
https://www.youtube.com/watch?v=eFBtrMj5dBo,monologo Julieta Zaballa,mariela bedini,eFBtrMj5dBo,9.1,640,360,25,monologue,unknown,0.0,0.0,0.0,0.0,reject,reject,reject,contexto_incierto|missing_audit_samples|asr_not_run,reject,0.0,0.0,high:missing_audit
https://www.youtube.com/watch?v=LNUgTDyzDbw,Piter Albeiro Dios creo la perfección en la mujer [ Noche de comedia ] Lo Mejor EstrellaTV,Lo Mejor de EstrellaTV,LNUgTDyzDbw,6.467,640,360,30,other,argentino/rioplatense_probable,0.0,0.0,0.0,0.0,reject,reject,reject,contexto_incierto|missing_audit_samples|prefilter_reject:duracion_menor_a_480s|asr_not_run,reject,0.0,0.0,high:missing_audit
https://www.youtube.com/watch?v=X1rm8I2UT2Y,El histórico monólogo N° 2000 de Tato Bores - Planeta Tato Bores,Planeta Tato Bores,X1rm8I2UT2Y,14.067,540,360,25,other,argentino/rioplatense_probable,0.0,0.0,0.0,0.0,reject,reject,reject,contexto_incierto|missing_audit_samples|asr_not_run,reject,0.0,0.0,high:missing_audit
https://www.youtube.com/watch?v=O6toa850Dso,"Cristian Castro: ""Soy de los cantantes latinos que se sienten más solos en el mundo"" | Caja Negra",Filo News,O6toa850Dso,77.667,640,360,25,interview,unknown,0.0,0.0,0.0,0.0,reject,reject,reject,contexto_incierto|missing_audit_samples|asr_not_run,reject,0.0,0.0,high:missing_audit
https://www.youtube.com/watch?v=FgvjJ1AdOv0,"Tini: ""La inconsciencia me llevó siempre a hacer las cosas muy desde el corazón” | Caja Negra",Filo News,FgvjJ1AdOv0,90.383,640,360,25,interview,unknown,0.0,0.0,0.0,0.0,reject,reject,reject,contexto_incierto|missing_audit_samples|asr_not_run,reject,0.0,0.0,high:missing_audit
https://www.youtube.com/watch?v=Ex6aodkFPZc,"YIYA MURANO - Martín Murano, el hijo | LA CRUDA #2 con MIGUE GRANADOS",OLGA,Ex6aodkFPZc,52.817,640,360,25,streamer,argentino/rioplatense_probable,0.0,0.0,0.0,0.0,reject,reject,reject,contexto_incierto|missing_audit_samples|prefilter_reject:rechazo_keyword:tiktok|asr_not_run,reject,0.0,0.0,high:missing_audit
https://www.youtube.com/watch?v=EVQ33hIZkJo,GUARDAESPALDAS | LA CRUDA #23 con MIGUE GRANADOS,OLGA,EVQ33hIZkJo,61.067,640,360,25,streamer,argentino/rioplatense_probable,0.0,0.0,0.0,0.0,reject,reject,reject,contexto_incierto|missing_audit_samples|prefilter_reject:rechazo_keyword:tiktok|asr_not_run,reject,0.0,0.0,high:missing_audit
https://www.youtube.com/watch?v=jS2LoXykaRw,TOC - Ro Vitale | LA CRUDA #1 con MIGUE GRANADOS,OLGA,jS2LoXykaRw,45.45,640,360,30,streamer,argentino/rioplatense_probable,0.0,0.0,0.0,0.0,reject,reject,reject,contexto_incierto|missing_audit_samples|prefilter_reject:rechazo_keyword:tiktok|asr_not_run,reject,0.0,0.0,high:missing_audit
https://www.youtube.com/watch?v=cArwXvz4sEg,ÍNTIMO: CHANO CHARPENTIER con MIGUE GRANADOS en OLGA | Entrevista Exclusiva,OLGA,cArwXvz4sEg,63.283,640,360,30,interview,argentino/rioplatense_probable,0.0,0.0,0.0,0.0,reject,reject,reject,contexto_incierto|missing_audit_samples|prefilter_reject:rechazo_keyword:tiktok|asr_not_run,reject,0.0,0.0,high:missing_audit
https://www.youtube.com/watch?v=dhB-PN37oXM,MASACRE DE FLORES - Matías Bagnato | LA CRUDA #18 con MIGUE GRANADOS,OLGA,dhB-PN37oXM,71.3,640,360,24,streamer,argentino/rioplatense_probable,0.0,0.0,0.0,0.0,reject,reject,reject,contexto_incierto|missing_audit_samples|prefilter_reject:rechazo_keyword:tiktok|asr_not_run,reject,0.0,0.0,high:missing_audit
https://www.youtube.com/watch?v=zm49034Y7Zc,El Método Rebord #21 - Mario Pergolini,El Método Rebord,zm49034Y7Zc,87.6,640,360,30,other,argentino/rioplatense_probable,0.0,0.0,0.0,0.0,reject,reject,reject,contexto_incierto|missing_audit_samples|asr_not_run,reject,0.0,0.0,high:missing_audit
https://www.youtube.com/watch?v=yIPAMuMbIyQ,"La amistad, la muerte y el paso del tiempo: 24 minutos de Dolina reflexionando",El Método Rebord,yIPAMuMbIyQ,24.433,640,360,30,monologue,argentino/rioplatense_probable,0.0,0.0,0.0,0.0,reject,reject,reject,contexto_incierto|missing_audit_samples|asr_not_run,reject,0.0,0.0,high:missing_audit
https://www.youtube.com/watch?v=DW3fnTN2zy4,El Método Rebord #35 - Carlos Pagni,El Método Rebord,DW3fnTN2zy4,73.967,640,360,30,other,argentino/rioplatense_probable,0.0,0.0,0.0,0.0,reject,reject,reject,contexto_incierto|missing_audit_samples|asr_not_run,reject,0.0,0.0,high:missing_audit
https://www.youtube.com/watch?v=W2K1QIOpXoA,"MALVINAS ARGENTINAS HOY Y SIEMPRE en OLGA con Migue Granados, Lucas Fridman y Cami Perochena",OLGA,W2K1QIOpXoA,196.133,640,360,30,streamer,argentino/rioplatense_probable,0.0,0.0,0.0,0.0,reject,reject,reject,contexto_incierto|missing_audit_samples|prefilter_reject:rechazo_keyword:tiktok|asr_not_run,reject,0.0,0.0,high:missing_audit
https://www.youtube.com/watch?v=qYwlqx-JLok,MESSI en OLGA con MIGUE GRANADOS: la NOTA COMPLETA en MIAMI,OLGA,qYwlqx-JLok,36.867,640,360,24,interview,argentino/rioplatense_probable,0.0,0.0,0.0,0.0,reject,reject,reject,contexto_incierto|missing_audit_samples|prefilter_reject:rechazo_keyword:tiktok|asr_not_run,reject,0.0,0.0,high:missing_audit
https://www.youtube.com/watch?v=95oQDvbrV6c,"DE PAUL en OLGA: el CASI PICO con MESSI, la BANCA a ENZO FERNANDEZ y las LOCURAS del DIBU | 18/7",OLGA,95oQDvbrV6c,82.733,640,360,30,streamer,argentino/rioplatense_probable,0.0,0.0,0.0,0.0,reject,reject,reject,contexto_incierto|missing_audit_samples|prefilter_reject:rechazo_keyword:tiktok|asr_not_run,reject,0.0,0.0,high:missing_audit
https://www.youtube.com/watch?v=tddWEjxNauo,CA7RIEL & PACO AMOROSO en OLGA con MIGUE GRANADOS: ENTREVISTA EXCLUSIVA,OLGA,tddWEjxNauo,47.083,640,360,30,interview,argentino/rioplatense_probable,0.0,0.0,0.0,0.0,reject,reject,reject,contexto_incierto|missing_audit_samples|prefilter_reject:rechazo_keyword:tiktok|asr_not_run,reject,0.0,0.0,high:missing_audit
https://www.youtube.com/watch?v=HJx3EsSuGl4,"#PLP l CAZZU: ""MI VIDA CAMBIÓ DE LA NOCHE A LA MAÑANA""",LUZU TV,HJx3EsSuGl4,107.483,640,360,30,streamer,argentino/rioplatense_probable,0.0,0.0,0.0,0.0,reject,reject,reject,contexto_incierto|missing_audit_samples|asr_not_run,reject,0.0,0.0,high:missing_audit
https://www.youtube.com/watch?v=nqI_6U4kUxc,#NADIEDICENADA | TODO SOBRE EL ANTEL ARENA Y NOS VISITA HABLANDO HUEVADAS: ¿NOS VAMOS A PERÚ?,LUZU TV,nqI_6U4kUxc,141.167,640,360,30,streamer,argentino/rioplatense_probable,0.0,0.0,0.0,0.0,reject,reject,reject,contexto_incierto|missing_audit_samples|asr_not_run,reject,0.0,0.0,high:missing_audit
https://www.youtube.com/watch?v=ZiajCS7Y-1k,#NADIEDICENADA | RISAS ASEGURADAS CON MARLEY Y FLOR PEÑA Y ¿MOMI SE HACE PIS EN VIVO?,LUZU TV,ZiajCS7Y-1k,130.433,640,360,30,streamer,argentino/rioplatense_probable,0.0,0.0,0.0,0.0,reject,reject,reject,contexto_incierto|missing_audit_samples|asr_not_run,reject,0.0,0.0,high:missing_audit
https://www.youtube.com/watch?v=RgRQ9AONCJ0,"""No vi más a Charly García. Intenté lo que pude"": PIPO CIPOLATTI sobre LOS TWIST #TodoPasa",Urbana Play 104.3 FM,RgRQ9AONCJ0,35.083,640,360,30,other,argentino/rioplatense_probable,0.0,0.0,0.0,0.0,reject,reject,reject,contexto_incierto|missing_audit_samples|asr_not_run,reject,0.0,0.0,high:missing_audit
https://www.youtube.com/watch?v=XLHm79eRtPI,Lizy Tagliani sobre la charla que tuvo con su hijo de 5 años a raíz del comentario 'MAMÁ ES UN VARÓN,Urbana Play 104.3 FM,XLHm79eRtPI,43.833,640,360,30,educational,argentino/rioplatense_probable,0.0,0.0,0.0,0.0,reject,reject,reject,contexto_incierto|missing_audit_samples|asr_not_run,reject,0.0,0.0,high:missing_audit
https://www.youtube.com/watch?v=KxjKmHD38wE,"Roxette llegó a la Argentina, oyentes cuentan su #UnaBuena, Santi Bilinkis sobre Claude #TodoPasa",Urbana Play 104.3 FM,KxjKmHD38wE,80.483,640,360,30,other,argentino/rioplatense_probable,0.0,0.0,0.0,0.0,reject,reject,reject,contexto_incierto|missing_audit_samples|asr_not_run,reject,0.0,0.0,high:missing_audit
https://www.youtube.com/watch?v=ltp3UGqvlqQ,"""La justicia argentina es machista"": MAURO SZETA sobre el CASO AGOSTINA VEGA #TodoPasa",Urbana Play 104.3 FM,ltp3UGqvlqQ,48.917,640,360,30,other,argentino/rioplatense_probable,0.0,0.0,0.0,0.0,reject,reject,reject,contexto_incierto|missing_audit_samples|asr_not_run,reject,0.0,0.0,high:missing_audit
https://www.youtube.com/watch?v=MnuIQ1uJokg,Hablemos de guita con Claudio Zuchovicki,Aprender de Grandes,MnuIQ1uJokg,92.35,640,360,25,podcast,argentino/rioplatense_probable,0.0,0.0,0.0,0.0,reject,reject,reject,contexto_incierto|missing_audit_samples|prefilter_reject:rechazo_keyword:tiktok|asr_not_run,reject,0.0,0.0,high:missing_audit
https://www.youtube.com/watch?v=zSIcMPX5KjA,Nico Occhiato y construir el canal de streaming más grande de habla hispana | Aprender de Grandes,Aprender de Grandes,zSIcMPX5KjA,112.017,640,360,25,podcast,argentino/rioplatense_probable,0.0,0.0,0.0,0.0,reject,reject,reject,contexto_incierto|missing_audit_samples|prefilter_reject:rechazo_keyword:tiktok|asr_not_run,reject,0.0,0.0,high:missing_audit
https://www.youtube.com/watch?v=bnGAijvSal0,Diego Pol y el hallazgo del dinosaurio más grande conocido hasta ahora,Aprender de Grandes,bnGAijvSal0,98.283,640,360,25,podcast,unknown,0.0,0.0,0.0,0.0,reject,reject,reject,contexto_incierto|missing_audit_samples|prefilter_reject:rechazo_keyword:tiktok|asr_not_run,reject,0.0,0.0,high:missing_audit
https://www.youtube.com/watch?v=3r8cnVtv5GM,En el país de los piolas | José Nesis | TEDxRiodelaPlata,TEDx Talks,3r8cnVtv5GM,16.467,640,360,25,other,unknown,0.0,0.0,0.0,0.0,reject,reject,reject,contexto_incierto|missing_audit_samples|asr_not_run,reject,0.0,0.0,high:missing_audit
https://www.youtube.com/watch?v=g6zBmBUOMhY,Zombies en la escuela | Juli Garbulsky | TEDxRiodelaPlata,TEDx Talks,g6zBmBUOMhY,9.117,640,360,25,educational,argentino/rioplatense_probable,0.0,0.0,0.0,0.0,reject,reject,reject,contexto_incierto|missing_audit_samples|asr_not_run,reject,0.0,0.0,high:missing_audit
https://www.youtube.com/watch?v=W9AtwP_fklk,Tiempo: El festival de ideas de TEDxRíodelaPlata 2025 en VIVO,TEDxRiodelaPlata,W9AtwP_fklk,329.933,640,360,30,other,unknown,0.0,0.0,0.0,0.0,reject,reject,reject,contexto_incierto|missing_audit_samples|prefilter_reject:duracion_mayor_a_14400s|asr_not_run,reject,0.0,0.0,high:missing_audit
https://www.youtube.com/watch?v=DC-OdcjzED0,La cancion que cada uno tiene adentro | Leonardo Oyola | TEDxRiodelaPlata,TEDx Talks,DC-OdcjzED0,15.533,640,360,25,educational,argentino/rioplatense_probable,0.0,0.0,0.0,0.0,reject,reject,reject,contexto_incierto|missing_audit_samples|prefilter_reject:rechazo_keyword:cancion|asr_not_run,reject,0.0,0.0,high:missing_audit
https://www.youtube.com/watch?v=tnJ7YS5x3EM,Salir de la cárcel | Andrea Casamento | TEDxRiodelaPlata,TEDx Talks,tnJ7YS5x3EM,16.983,640,360,25,other,unknown,0.0,0.0,0.0,0.0,reject,reject,reject,contexto_incierto|missing_audit_samples|asr_not_run,reject,0.0,0.0,high:missing_audit
https://www.youtube.com/watch?v=__SuyDVhvxk,Jacques Rancière en Argentina,UNSAM National University of San Martín Argentina,__SuyDVhvxk,4.017,640,360,25,other,argentino/rioplatense_probable,0.0,0.0,0.0,0.0,reject,reject,reject,contexto_incierto|missing_audit_samples|prefilter_reject:duracion_menor_a_480s|asr_not_run,reject,0.0,0.0,high:missing_audit
https://www.youtube.com/watch?v=sVtfMA7mtos,"MARTA FORT habló de todo: OPERACIONES, ROMANCES, compras CULPOSAS y más | #LoDePampita",Infobae,sVtfMA7mtos,52.85,640,360,25,other,argentino/rioplatense_probable,0.0,0.0,0.0,0.0,reject,reject,reject,contexto_incierto|missing_audit_samples|prefilter_reject:rechazo_keyword:tiktok|asr_not_run,reject,0.0,0.0,high:missing_audit
https://www.youtube.com/watch?v=HBi7v7A0zd4,"La ENFERMEDAD HOLANDESA, CAMBIOS  en WHATSAPP y LA INTERNA que PARALIZÓ a un PAÍS | 1/7",Infobae,HBi7v7A0zd4,174.683,640,360,30,other,argentino/rioplatense_probable,0.0,0.0,0.0,0.0,reject,reject,reject,contexto_incierto|missing_audit_samples|prefilter_reject:rechazo_keyword:tiktok|asr_not_run,reject,0.0,0.0,high:missing_audit
https://www.youtube.com/watch?v=YAFIFx6pW8w,"VICKY XIPOLITAKIS: su SEXTO SENTIDO, maternidad, SOLTERÍA y el peor momento que vivió | #LoDePampita",Infobae,YAFIFx6pW8w,44.35,640,360,25,other,argentino/rioplatense_probable,0.0,0.0,0.0,0.0,reject,reject,reject,contexto_incierto|missing_audit_samples|prefilter_reject:rechazo_keyword:tiktok|asr_not_run,reject,0.0,0.0,high:missing_audit
https://www.youtube.com/watch?v=hkaTYAfWvWc,"Saltó de un avión en llamas, no sabía cómo se llamaba ni tenía conciencia de que estaba viva",Infobae,hkaTYAfWvWc,56.15,640,360,25,other,argentino/rioplatense_probable,0.0,0.0,0.0,0.0,reject,reject,reject,contexto_incierto|missing_audit_samples|prefilter_reject:rechazo_keyword:tiktok|asr_not_run,reject,0.0,0.0,high:missing_audit
https://www.youtube.com/watch?v=3L6UuwCZris,"Carlos Baute con Tatiana Schapiro: la historia de su fuga a los 11, tras pasar por un liceo militar",Infobae,3L6UuwCZris,51.067,640,360,25,interview,argentino/rioplatense_probable,0.0,0.0,0.0,0.0,reject,reject,reject,contexto_incierto|missing_audit_samples|prefilter_reject:rechazo_keyword:tiktok|asr_not_run,reject,0.0,0.0,high:missing_audit
https://www.youtube.com/watch?v=jLl1UgfeQ-0,"“El PERONISMO cambió la HISTORIA argentina"" | Felipe PIGNA mano a mano con Pedro ROSEMBLAT",GELATINA,jLl1UgfeQ-0,40.983,640,360,30,interview,argentino/rioplatense_probable,0.0,0.0,0.0,0.0,reject,reject,reject,contexto_incierto|missing_audit_samples|prefilter_reject:rechazo_keyword:tiktok|asr_not_run,reject,0.0,0.0,high:missing_audit
https://www.youtube.com/watch?v=TwnvBZu1rSQ,¿CUÁNTO COBRÓ GELATINA por la ENTREVISTA? | Pedro ROSEMBLAT en INDUSTRIA NACIONAL,GELATINA,TwnvBZu1rSQ,173.217,640,360,30,interview,argentino/rioplatense_probable,0.0,0.0,0.0,0.0,reject,reject,reject,contexto_incierto|missing_audit_samples|prefilter_reject:rechazo_keyword:tiktok|asr_not_run,reject,0.0,0.0,high:missing_audit
https://www.youtube.com/watch?v=9CC7yIrQiHA,EDUARDO FEINMANN: “NÉSTOR KIRCHNER TENÍA DEVOCIÓN CONMIGO” | con PEDRO ROSEMBLAT,GELATINA,9CC7yIrQiHA,67.933,640,360,30,interview,argentino/rioplatense_probable,0.0,0.0,0.0,0.0,reject,reject,reject,contexto_incierto|missing_audit_samples|prefilter_reject:rechazo_keyword:tiktok|asr_not_run,reject,0.0,0.0,high:missing_audit
https://www.youtube.com/watch?v=P5T9t3XjPDU,"LUCRECIA MARTEL: ""No hay que tenerle miedo a nuestro tiempo"" | Con Pedro ROSEMBLAT",GELATINA,P5T9t3XjPDU,61.767,640,360,30,streamer,argentino/rioplatense_probable,0.0,0.0,0.0,0.0,reject,reject,reject,contexto_incierto|missing_audit_samples|prefilter_reject:rechazo_keyword:tiktok|asr_not_run,reject,0.0,0.0,high:missing_audit
https://www.youtube.com/watch?v=k52VA9lpDSg,PEDRO SABORIDO: EL FENÓMENO INDIO SOLARI Y SU IMPACTO EN LA ARGENTINA | BLENDER,BLENDER,k52VA9lpDSg,17.467,640,360,30,streamer,argentino/rioplatense_probable,0.0,0.0,0.0,0.0,reject,reject,reject,contexto_incierto|missing_audit_samples|prefilter_reject:rechazo_keyword:tiktok|asr_not_run,reject,0.0,0.0,high:missing_audit
https://www.youtube.com/watch?v=lyUnTB84vBc,LA TRAMPA MORTAL DE BARREDA | CONFESIONES DE BAR con MAURO SZETA #3 | BLENDER,BLENDER,lyUnTB84vBc,24.85,640,360,25,streamer,unknown,0.0,0.0,0.0,0.0,reject,reject,reject,contexto_incierto|missing_audit_samples|asr_not_run,reject,0.0,0.0,high:missing_audit
https://www.youtube.com/watch?v=QzYrf-vLE7o,LA MEJOR ENTREVISTA a FABI CANTILO de la HISTORIA (en OLGA),OLGA,QzYrf-vLE7o,54.933,640,360,30,interview,argentino/rioplatense_probable,0.0,0.0,0.0,0.0,reject,reject,reject,contexto_incierto|missing_audit_samples|prefilter_reject:rechazo_keyword:tiktok|asr_not_run,reject,0.0,0.0,high:missing_audit
https://www.youtube.com/watch?v=am-M5GIAWcs,ARCÁNGEL en OLGA: ENTREVISTA COMPLETA de TAPADOS DE LABURO,OLGA,am-M5GIAWcs,77.767,640,360,30,interview,argentino/rioplatense_probable,0.0,0.0,0.0,0.0,reject,reject,reject,contexto_incierto|missing_audit_samples|prefilter_reject:rechazo_keyword:tiktok|asr_not_run,reject,0.0,0.0,high:missing_audit
https://www.youtube.com/watch?v=5I40GEybn0U,MARIA BECERRA en OLGA: ENTREVISTA COMPLETA y SHOW en LA CALLE | Tapados de Laburo | COMPLETO 27/03,OLGA,5I40GEybn0U,145.467,640,360,30,interview,argentino/rioplatense_probable,0.0,0.0,0.0,0.0,reject,reject,reject,contexto_incierto|missing_audit_samples|prefilter_reject:rechazo_keyword:tiktok|asr_not_run,reject,0.0,0.0,high:missing_audit
https://www.youtube.com/watch?v=jxQ86dNjhbo,ACTUAMOS y LLORAMOS con ISABEL MACEDO y PETER LANZANI | Sería Increíble | COMPLETO 7/10,OLGA,jxQ86dNjhbo,137.317,640,360,30,streamer,argentino/rioplatense_probable,0.0,0.0,0.0,0.0,reject,reject,reject,contexto_incierto|missing_audit_samples|prefilter_reject:rechazo_keyword:tiktok|asr_not_run,reject,0.0,0.0,high:missing_audit
https://www.youtube.com/watch?v=UmqjuzLTXsI,ORIANA SABATINI en EXCLUSIVA: TODO SOBRE SU EMBARAZO | Sería Increíble | COMPLETO 2/10,OLGA,UmqjuzLTXsI,133.483,640,360,30,streamer,argentino/rioplatense_probable,0.0,0.0,0.0,0.0,reject,reject,reject,contexto_incierto|missing_audit_samples|prefilter_reject:rechazo_keyword:tiktok|asr_not_run,reject,0.0,0.0,high:missing_audit
https://www.youtube.com/watch?v=uLP_fRRvaPU,MAXI HABLÓ de LOS TATUAJES con WANDA | #SeríaIncreíble 19/1,OLGA,uLP_fRRvaPU,192.567,640,360,30,streamer,argentino/rioplatense_probable,0.0,0.0,0.0,0.0,reject,reject,reject,contexto_incierto|missing_audit_samples|prefilter_reject:rechazo_keyword:tiktok|asr_not_run,reject,0.0,0.0,high:missing_audit
https://www.youtube.com/watch?v=nmgNlokoPe8,ENTREVISTA EXCLUSIVA A LA SIRENITA ROMÁN en OLGA | Sería Increíble | COMPLETO 16/05,OLGA,nmgNlokoPe8,119.333,640,360,30,interview,argentino/rioplatense_probable,0.0,0.0,0.0,0.0,reject,reject,reject,contexto_incierto|missing_audit_samples|prefilter_reject:rechazo_keyword:tiktok|asr_not_run,reject,0.0,0.0,high:missing_audit
https://www.youtube.com/watch?v=Cfbe-2D-r-U,"WANDA NARA CUENTA TODO: AMORES, POLÉMICAS y MASTERCHEF | Sería Increíble | COMPLETO 14/10",OLGA,Cfbe-2D-r-U,154.733,640,360,30,streamer,argentino/rioplatense_probable,0.0,0.0,0.0,0.0,reject,reject,reject,contexto_incierto|missing_audit_samples|prefilter_reject:rechazo_keyword:tiktok|asr_not_run,reject,0.0,0.0,high:missing_audit
https://www.youtube.com/watch?v=cAeIAyv4hZQ,"ENTREVISTA a MARIXA BALLI: ""LO VI A RODRIGO y CUPIDO ME ACRIBILLÓ""",OLGA,cAeIAyv4hZQ,44.067,640,360,30,interview,argentino/rioplatense_probable,0.0,0.0,0.0,0.0,reject,reject,reject,contexto_incierto|missing_audit_samples|prefilter_reject:rechazo_keyword:tiktok|asr_not_run,reject,0.0,0.0,high:missing_audit
https://www.youtube.com/watch?v=vt3vXTjEZhM,TRIBUNERO MUNDIALISTA EN MIAMI | #ParenLaMano Mundial 2026 - 02/07 | VORTERIX,Vorterix,vt3vXTjEZhM,52.7,640,360,25,interview,argentino/rioplatense_probable,0.0,0.0,0.0,0.0,reject,reject,reject,contexto_incierto|missing_audit_samples|asr_not_run,reject,0.0,0.0,high:missing_audit
https://www.youtube.com/watch?v=NR2EQSY-FJ8,#ParenLaMano Completo - 22/04 | Vorterix,Vorterix,NR2EQSY-FJ8,92.433,640,360,25,interview,argentino/rioplatense_probable,0.0,0.0,0.0,0.0,reject,reject,reject,contexto_incierto|missing_audit_samples|asr_not_run,reject,0.0,0.0,high:missing_audit
https://www.youtube.com/watch?v=ctxo1ihthIg,¿QUÉ PASÓ AYER? EL DÍA DESPUÉS DE LAS LEGISLATIVAS | PROGRAMA COMPLETO de SEGUROLA,Futurock FM,ctxo1ihthIg,161.033,640,360,30,other,argentino/rioplatense_probable,0.0,0.0,0.0,0.0,reject,reject,reject,contexto_incierto|missing_audit_samples|asr_not_run,reject,0.0,0.0,high:missing_audit
https://www.youtube.com/watch?v=9SIjdAngFKk,Entrevista a El Kuelgue (Ft. Louta y Malena Pichot) - Futurock en el Festival Buena Vibra,Futurock FM,9SIjdAngFKk,16.35,640,360,24,interview,argentino/rioplatense_probable,0.0,0.0,0.0,0.0,reject,reject,reject,contexto_incierto|missing_audit_samples|asr_not_run,reject,0.0,0.0,high:missing_audit
https://www.youtube.com/watch?v=9srHFoiYxBw,¿QUIÉN GOBIERNA LA ARGENTINA? | PROGRAMA COMPLETO de LA PREGUNTA,Futurock FM,9srHFoiYxBw,119.367,640,360,30,other,argentino/rioplatense_probable,0.0,0.0,0.0,0.0,reject,reject,reject,contexto_incierto|missing_audit_samples|asr_not_run,reject,0.0,0.0,high:missing_audit
https://www.youtube.com/watch?v=g3qRPFiMMrU,CARCA | ENTREVISTA COMPLETA con MATIAS MESSOULAM en LA HORA ANIMADA,Futurock FM,g3qRPFiMMrU,51.417,640,360,30,interview,argentino/rioplatense_probable,0.0,0.0,0.0,0.0,reject,reject,reject,contexto_incierto|missing_audit_samples|prefilter_reject:rechazo_keyword:musica|asr_not_run,reject,0.0,0.0,high:missing_audit
https://www.youtube.com/watch?v=F_WBsjqq_ZM,¿Cómo ven la ARGENTINA los ECONOMISTAS LIBERTARIOS? l CASTIÑEIRA y CARRINO con TENEMBAUM,Radio Con Vos 89.9,F_WBsjqq_ZM,20.717,640,360,25,streamer,argentino/rioplatense_probable,0.0,0.0,0.0,0.0,reject,reject,reject,contexto_incierto|missing_audit_samples|prefilter_reject:rechazo_keyword:tiktok|asr_not_run,reject,0.0,0.0,high:missing_audit
https://www.youtube.com/watch?v=Tteq2Ttoq8Y,"MEMORIA, VERDAD Y JUSTICIA: LA HISTORIA QUE CONSTRUYÓ LA SOCIEDAD l TENEMBAUM EDITORIAL",Radio Con Vos 89.9,Tteq2Ttoq8Y,63.5,640,360,30,streamer,argentino/rioplatense_probable,0.0,0.0,0.0,0.0,reject,reject,reject,contexto_incierto|missing_audit_samples|prefilter_reject:rechazo_keyword:tiktok|asr_not_run,reject,0.0,0.0,high:missing_audit
https://www.youtube.com/watch?v=rU9RWWTil_Y,"""El gobierno de Milei es el peor de la historia argentina"" l ALBERTO SAMID con TENEMBAUM",Radio Con Vos 89.9,rU9RWWTil_Y,33.967,640,360,30,interview,argentino/rioplatense_probable,0.0,0.0,0.0,0.0,reject,reject,reject,contexto_incierto|missing_audit_samples|prefilter_reject:rechazo_keyword:tiktok|asr_not_run,reject,0.0,0.0,high:missing_audit
https://www.youtube.com/watch?v=OkGm6cIX9GU,EL PERSONAJE DE ALEJANDRO ROZITCHNER l TENEMBAUM EDITORIAL,Radio Con Vos 89.9,OkGm6cIX9GU,38.35,640,360,30,interview,argentino/rioplatense_probable,0.0,0.0,0.0,0.0,reject,reject,reject,contexto_incierto|missing_audit_samples|prefilter_reject:rechazo_keyword:tiktok|asr_not_run,reject,0.0,0.0,high:missing_audit
https://www.youtube.com/watch?v=3fai8ZLfUjk,LA CERO EMPATÍA DE MILEI l TENEMBAUM y SIETECASE,Radio Con Vos 89.9,3fai8ZLfUjk,11.85,640,360,25,streamer,argentino/rioplatense_probable,0.0,0.0,0.0,0.0,reject,reject,reject,contexto_incierto|missing_audit_samples|prefilter_reject:rechazo_keyword:tiktok|asr_not_run,reject,0.0,0.0,high:missing_audit
https://www.youtube.com/watch?v=uIYqDknIvaE,ERNESTO TENEMBAUM: “Corté la comunicación con Milei”,Radio Con Vos 89.9,uIYqDknIvaE,74.15,640,360,25,podcast,argentino/rioplatense_probable,0.0,0.0,0.0,0.0,reject,reject,reject,contexto_incierto|missing_audit_samples|prefilter_reject:rechazo_keyword:tiktok|asr_not_run,reject,0.0,0.0,high:missing_audit
https://www.youtube.com/watch?v=-0fIs4jb_DE,"TATA | CAFE JAPON, EL HIJO DEL PUPI, DRAMI NOS ABANDONO Y ENTREVISTA A NAVAJA CRIMEN",Congo,-0fIs4jb_DE,127.317,640,360,30,interview,argentino/rioplatense_probable,0.0,0.0,0.0,0.0,reject,reject,reject,contexto_incierto|missing_audit_samples|prefilter_reject:rechazo_keyword:tiktok|asr_not_run,reject,0.0,0.0,high:missing_audit
https://www.youtube.com/watch?v=hTUpDOL0uxk,"TATA | COMPRAS PARA LA FIESTA , A LAS CHICAS LES CAMBIO LA VOZ Y ARGENTINA 1985 CON MATI LERTORA",Congo,hTUpDOL0uxk,121.617,640,360,30,other,argentino/rioplatense_probable,0.0,0.0,0.0,0.0,reject,reject,reject,contexto_incierto|missing_audit_samples|prefilter_reject:rechazo_keyword:tiktok|asr_not_run,reject,0.0,0.0,high:missing_audit
https://www.youtube.com/watch?v=1pR8zOu5Lik,TATA DE VERANO | EL MÉTODO GRÖNHOLM Y AMIGAS PRESTADAS CON MARINA BELLATI,Congo,1pR8zOu5Lik,31.433,640,360,30,other,argentino/rioplatense_probable,0.0,0.0,0.0,0.0,reject,reject,reject,contexto_incierto|missing_audit_samples|prefilter_reject:rechazo_keyword:tiktok|asr_not_run,reject,0.0,0.0,high:missing_audit
https://www.youtube.com/watch?v=c4jgxrNCIY8,"TATA | LOS 15KG DE LECHUGA DE MARTIN PEPA, LA MEJOR DE NTVG Y ENTREVISTA A LUCHO MELLERA",Congo,c4jgxrNCIY8,120.267,640,360,30,interview,argentino/rioplatense_probable,0.0,0.0,0.0,0.0,reject,reject,reject,contexto_incierto|missing_audit_samples|prefilter_reject:rechazo_keyword:tiktok|asr_not_run,reject,0.0,0.0,high:missing_audit
https://www.youtube.com/watch?v=Je1QlO-OcYA,Periodista japonés queda paralizado tras recibir beso de Melissa Martínez,Deportes RCN,Je1QlO-OcYA,1.617,640,360,30,other,unknown,0.0,0.0,0.0,0.0,reject,reject,reject,contexto_incierto|missing_audit_samples|prefilter_reject:duracion_menor_a_480s|asr_not_run,reject,0.0,0.0,high:missing_audit
https://www.youtube.com/watch?v=ntwBKZn1usk,"HASTA SIEMPRE, INDIO | Especial con Pedro Rosemblat",GELATINA,ntwBKZn1usk,157.25,640,360,30,interview,argentino/rioplatense_probable,0.0,0.0,0.0,0.0,reject,reject,reject,contexto_incierto|missing_audit_samples|prefilter_reject:rechazo_keyword:tiktok|asr_not_run,reject,0.0,0.0,high:missing_audit
https://www.youtube.com/watch?v=6JtUAE3aTMk,"PRIMERA PARTE: PROTOPUNK | SERGIO ROTMAN, SOFÍA GALA Y JIME GONIK | VIAJE AL SONIDO 2.7 | COMPLETO",Picnic Extraterrestre,6JtUAE3aTMk,84.5,640,360,30,educational,unknown,0.0,0.0,0.0,0.0,reject,reject,reject,contexto_incierto|missing_audit_samples|prefilter_reject:rechazo_keyword:tiktok|asr_not_run,reject,0.0,0.0,high:missing_audit
https://www.youtube.com/watch?v=nWhwBWzIwdo,"JOY DIVISION, NEW ORDER Y EL DARK ARGENTINO DE LOS '80 | VIAJE AL SONIDO 1.10 | PROGRAMA COMPLETO",Picnic Extraterrestre,nWhwBWzIwdo,92.583,640,360,30,other,argentino/rioplatense_probable,0.0,0.0,0.0,0.0,reject,reject,reject,contexto_incierto|missing_audit_samples|prefilter_reject:rechazo_keyword:tiktok|asr_not_run,reject,0.0,0.0,high:missing_audit
https://www.youtube.com/watch?v=Ff2K4M55XL0,CA7RIEL y Paco Amoroso CON MORIA | JULI SAVIOLI REACCIONA | NAVE NODRIZA 26.8 | PROGRAMA COMPLETO,Picnic Extraterrestre,Ff2K4M55XL0,79.9,640,360,30,other,unknown,0.0,0.0,0.0,0.0,reject,reject,reject,contexto_incierto|missing_audit_samples|prefilter_reject:rechazo_keyword:tiktok|asr_not_run,reject,0.0,0.0,high:missing_audit
https://www.youtube.com/watch?v=yYb6sDBrw-I,"SEGUNDA PARTE: PUNK | SERGIO ROTMAN, SOFÍA GALA Y JIME GONIK | VIAJE AL SONIDO 9.7 | COMPLETO",Picnic Extraterrestre,yYb6sDBrw-I,92.717,640,360,25,educational,unknown,0.0,0.0,0.0,0.0,reject,reject,reject,contexto_incierto|missing_audit_samples|prefilter_reject:rechazo_keyword:tiktok|asr_not_run,reject,0.0,0.0,high:missing_audit
https://www.youtube.com/watch?v=PwrJmnF_wWI,ESPECIAL LAS CHICAS DE LA CULPA CON MORIA CASÁN | NAVE NODRIZA 21.10 | PROGRAMA COMPLETO,Picnic Extraterrestre,PwrJmnF_wWI,80.5,640,360,24,other,unknown,0.0,0.0,0.0,0.0,reject,reject,reject,contexto_incierto|missing_audit_samples|prefilter_reject:rechazo_keyword:tiktok|asr_not_run,reject,0.0,0.0,high:missing_audit
https://www.youtube.com/watch?v=i9Wq1TjHyZ0,"DANIEL MELERO CON SERGIO ROTMAN, SOFÍA GALA Y JIME GONIK | VIAJE AL SONIDO 6.8 | PROGRAMA COMPLETO",Picnic Extraterrestre,i9Wq1TjHyZ0,93.417,640,360,30,other,unknown,0.0,0.0,0.0,0.0,reject,reject,reject,contexto_incierto|missing_audit_samples|prefilter_reject:rechazo_keyword:tiktok|asr_not_run,reject,0.0,0.0,high:missing_audit
https://www.youtube.com/watch?v=2WfR_2HwUzo,“¿¡Qué te importa!?”: Juana Molina FRENÓ EN SECO a Pergolini en Otro día perdido,eltrece,2WfR_2HwUzo,2.467,640,360,25,other,unknown,0.0,0.0,0.0,0.0,reject,reject,reject,contexto_incierto|missing_audit_samples|prefilter_reject:duracion_menor_a_480s|asr_not_run,reject,0.0,0.0,high:missing_audit
https://www.youtube.com/watch?v=WDivKo84kzw,¡FUERTE CRUCE KUN AGUERO vs DAVO XENEIZE! (VIDEO COMPLETO),SKILLS News,WDivKo84kzw,12.533,640,360,25,streamer,argentino/rioplatense_probable,0.0,0.0,0.0,0.0,reject,reject,reject,contexto_incierto|missing_audit_samples|asr_not_run,reject,0.0,0.0,high:missing_audit
https://www.youtube.com/watch?v=Hyuj-CFqqms,CAZZU y LA JOAQUI son CASI HERMANAS,LA CASA STREAMING,Hyuj-CFqqms,15.25,640,360,25,streamer,argentino/rioplatense_probable,0.0,0.0,0.0,0.0,reject,reject,reject,contexto_incierto|missing_audit_samples|prefilter_reject:rechazo_keyword:tiktok|asr_not_run,reject,0.0,0.0,high:missing_audit
https://www.youtube.com/watch?v=x0-2FXynLnU,LA PREVIA DE #FUTTTURA | SHOW EN VIVO,LA CASA STREAMING,x0-2FXynLnU,42.967,640,360,25,streamer,argentino/rioplatense_probable,0.0,0.0,0.0,0.0,reject,reject,reject,contexto_incierto|missing_audit_samples|prefilter_reject:rechazo_keyword:tiktok|asr_not_run,reject,0.0,0.0,high:missing_audit
https://www.youtube.com/watch?v=8fySGL5rp6U,"Pachu Peña: ""En Corte y Confección vendo humo y trato de que la gente se divierta"" | Caja Negra",Filo News,8fySGL5rp6U,41.567,640,360,25,interview,unknown,0.0,0.0,0.0,0.0,reject,reject,reject,contexto_incierto|missing_audit_samples|asr_not_run,reject,0.0,0.0,high:missing_audit
https://www.youtube.com/watch?v=Nr_4wLCMdWg,Gente Buena #26 - Rodrigo de la Serna | OKUPAS 26 años después,Gente Buena,Nr_4wLCMdWg,70.55,640,360,30,other,unknown,0.0,0.0,0.0,0.0,reject,reject,reject,contexto_incierto|missing_audit_samples|asr_not_run,reject,0.0,0.0,high:missing_audit
https://www.youtube.com/watch?v=SiOrA0QqEKE,Olor a campeón | Gonzalo Vilariño | TEDxRiodelaPlata,TEDx Talks,SiOrA0QqEKE,14.817,640,360,24,monologue,argentino/rioplatense_probable,0.0,0.0,0.0,0.0,reject,reject,reject,contexto_incierto|missing_audit_samples|asr_not_run,reject,0.0,0.0,high:missing_audit
https://www.youtube.com/watch?v=IIh9LpMORD0,¿Y te vas a quedar acá? |  Radagast | TEDxJoven@RíodelaPlata,TEDx Talks,IIh9LpMORD0,17.817,640,360,25,interview,unknown,0.0,0.0,0.0,0.0,reject,reject,reject,contexto_incierto|missing_audit_samples|asr_not_run,reject,0.0,0.0,high:missing_audit
https://www.youtube.com/watch?v=8nKCA9h-7BA,Cómo nos manipulan en las redes sociales | Santiago Bilinkis | TEDxRiodelaPlata,TEDx Talks,8nKCA9h-7BA,17.867,640,360,25,other,unknown,0.0,0.0,0.0,0.0,reject,reject,reject,contexto_incierto|missing_audit_samples|asr_not_run,reject,0.0,0.0,high:missing_audit
https://www.youtube.com/watch?v=VGZyTiAh99g,"5.ª Conferencia Anual del CEPE | Energía, cambio climático y crecimiento",Universidad Torcuato Di Tella,VGZyTiAh99g,515.45,640,360,30,educational,argentino/rioplatense_probable,0.0,0.0,0.0,0.0,reject,reject,reject,contexto_incierto|missing_audit_samples|prefilter_reject:duracion_mayor_a_14400s|asr_not_run,reject,0.0,0.0,high:missing_audit
https://www.youtube.com/watch?v=WSdtwNRTG38,XX Jornadas de Historia | Rosas y su época,Universidad Torcuato Di Tella,WSdtwNRTG38,290.283,640,360,30,other,argentino/rioplatense_probable,0.0,0.0,0.0,0.0,reject,reject,reject,contexto_incierto|missing_audit_samples|prefilter_reject:duracion_mayor_a_14400s|asr_not_run,reject,0.0,0.0,high:missing_audit
https://www.youtube.com/watch?v=5BHntfyUyu0,El factor Perón en la historia argentina,Universidad Torcuato Di Tella,5BHntfyUyu0,50.033,640,360,30,educational,argentino/rioplatense_probable,0.0,0.0,0.0,0.0,reject,reject,reject,contexto_incierto|missing_audit_samples|asr_not_run,reject,0.0,0.0,high:missing_audit
https://www.youtube.com/watch?v=YNMytQk-dtE,"Study Trip: Universidad Torcuato Di Tella (Buenos Aires, Argentina)",Universidad del Pacífico,YNMytQk-dtE,2.117,640,360,30,educational,argentino/rioplatense_probable,0.0,0.0,0.0,0.0,reject,reject,reject,contexto_incierto|missing_audit_samples|prefilter_reject:duracion_menor_a_480s|asr_not_run,reject,0.0,0.0,high:missing_audit
https://www.youtube.com/watch?v=h7zOX40kPgA,"🎙️Entrevista a Andrés Hatum, Prof  Management y Organización en la  Universidad Torcuato Di Tella.",GhidiniRodil,h7zOX40kPgA,23.333,360,360,24,interview,unknown,0.0,0.0,0.0,0.0,reject,reject,reject,contexto_incierto|missing_audit_samples|asr_not_run,reject,0.0,0.0,high:missing_audit
https://www.youtube.com/watch?v=CKkM2Y2Cw4Y,PROGRAMA DE INTERCAMBIO EN DI TELLA.,Redondel TV Films,CKkM2Y2Cw4Y,7.45,640,360,25,other,argentino/rioplatense_probable,0.0,0.0,0.0,0.0,reject,reject,reject,contexto_incierto|missing_audit_samples|prefilter_reject:duracion_menor_a_480s|asr_not_run,reject,0.0,0.0,high:missing_audit
https://www.youtube.com/watch?v=NZH5EJeoOA8,Emprendedores en Di Tella | ¿Cómo nacen las empresas tecnológicas de alto impacto?,Universidad Torcuato Di Tella,NZH5EJeoOA8,63.483,640,360,30,other,argentino/rioplatense_probable,0.0,0.0,0.0,0.0,reject,reject,reject,contexto_incierto|missing_audit_samples|asr_not_run,reject,0.0,0.0,high:missing_audit
https://www.youtube.com/watch?v=MLB5lQ8AaCQ,"Otra trama - 327 cuadernos, entrevista a Andres Di Tella - 19-09-15",Televisión Pública,MLB5lQ8AaCQ,12.6,640,360,25,interview,argentino/rioplatense_probable,0.0,0.0,0.0,0.0,reject,reject,reject,contexto_incierto|missing_audit_samples|asr_not_run,reject,0.0,0.0,high:missing_audit
https://www.youtube.com/watch?v=6VXzpDfdFL0,Entrená tu mente como un atleta,Fundación OSDE,6VXzpDfdFL0,100.567,640,360,30,educational,unknown,0.0,0.0,0.0,0.0,reject,reject,reject,contexto_incierto|missing_audit_samples|asr_not_run,reject,0.0,0.0,high:missing_audit
https://www.youtube.com/watch?v=3lENW2nNZ-o,Entrevistas en el Espacio - Damián Betular,Fundación OSDE,3lENW2nNZ-o,15.367,640,360,25,interview,unknown,0.0,0.0,0.0,0.0,reject,reject,reject,contexto_incierto|missing_audit_samples|asr_not_run,reject,0.0,0.0,high:missing_audit
https://www.youtube.com/watch?v=fZQvnfZ9Ebc,Fundación OSDE | van Dijck | Redes Sociales: Una mirada crítica,Fundación OSDE,fZQvnfZ9Ebc,84.333,640,360,25,educational,unknown,0.0,0.0,0.0,0.0,reject,reject,reject,contexto_incierto|missing_audit_samples|asr_not_run,reject,0.0,0.0,high:missing_audit
https://www.youtube.com/watch?v=YLlKLzU4WvE,Moreno Veloso en Fundación OSDE (Parte 4),Fundación OSDE,YLlKLzU4WvE,17.383,640,360,25,interview,argentino/rioplatense_probable,0.0,0.0,0.0,0.0,reject,reject,reject,contexto_incierto|missing_audit_samples|prefilter_reject:rechazo_keyword:musica|asr_not_run,reject,0.0,0.0,high:missing_audit
https://www.youtube.com/watch?v=15ajA6JsJr8,Moreno Veloso en Fundación OSDE (Parte 5),Fundación OSDE,15ajA6JsJr8,8.633,640,360,25,interview,argentino/rioplatense_probable,0.0,0.0,0.0,0.0,reject,reject,reject,contexto_incierto|missing_audit_samples|prefilter_reject:rechazo_keyword:musica|asr_not_run,reject,0.0,0.0,high:missing_audit
https://www.youtube.com/watch?v=8npm4Yjlbjw,Destellos en la oscuridad. Episodio 1. Rita Segato. Participación especial: Valeria Bertuccelli,elDiarioAR,8npm4Yjlbjw,70.233,640,360,25,other,unknown,0.0,0.0,0.0,0.0,reject,reject,reject,contexto_incierto|missing_audit_samples|asr_not_run,reject,0.0,0.0,high:missing_audit
https://www.youtube.com/watch?v=Qcd-nxdUwFk,Entrevista a Abel Gilbert y Pablo Alabarces,elDiarioAR,Qcd-nxdUwFk,3.817,640,360,25,interview,unknown,0.0,0.0,0.0,0.0,reject,reject,reject,contexto_incierto|missing_audit_samples|prefilter_reject:duracion_menor_a_480s|asr_not_run,reject,0.0,0.0,high:missing_audit
https://www.youtube.com/watch?v=VEaISWPJ_NY,Destellos en la oscuridad. Episodio 2. Dolores Fonzi y Dora Barrancos,elDiarioAR,VEaISWPJ_NY,55.783,640,360,24,other,unknown,0.0,0.0,0.0,0.0,reject,reject,reject,contexto_incierto|missing_audit_samples|asr_not_run,reject,0.0,0.0,high:missing_audit
https://www.youtube.com/watch?v=ydkswOvWvbk,Martín Kohan por Agustina Larrea: una conversación en elDiarioAR.,elDiarioAR,ydkswOvWvbk,53.683,640,360,30,other,unknown,0.0,0.0,0.0,0.0,reject,reject,reject,contexto_incierto|missing_audit_samples|asr_not_run,reject,0.0,0.0,high:missing_audit
https://www.youtube.com/watch?v=47fBr6NQE_4,La cocina de elDiarioAR: Emilia Delfino cuenta la importancia de hacer periodismo con libertad,elDiarioAR,47fBr6NQE_4,6.2,202,360,30,other,unknown,0.0,0.0,0.0,0.0,reject,reject,reject,contexto_incierto|missing_audit_samples|prefilter_reject:duracion_menor_a_480s|asr_not_run,reject,0.0,0.0,high:missing_audit
https://www.youtube.com/watch?v=9DKd2jYoSpQ,"Axel Kicillof con Ernesto Tenembaum: “Milei quiere ser Perú""",Cenital,9DKd2jYoSpQ,114.75,640,360,30,other,argentino/rioplatense_probable,0.0,0.0,0.0,0.0,reject,reject,reject,contexto_incierto|missing_audit_samples|asr_not_run,reject,0.0,0.0,high:missing_audit
https://www.youtube.com/watch?v=KLyhqyQee3s,"A 50 años del golpe militar: la manifestación, el video del Gobierno y la cifra de 30 mil | 540°",Cenital,KLyhqyQee3s,110.267,640,360,30,other,argentino/rioplatense_probable,0.0,0.0,0.0,0.0,reject,reject,reject,contexto_incierto|missing_audit_samples|asr_not_run,reject,0.0,0.0,high:missing_audit
https://www.youtube.com/watch?v=_Vq6senuL_U,Máximo Kirchner con Iván Schargrodsky en #OnTheRecord,Cenital,_Vq6senuL_U,123.517,640,360,30,other,argentino/rioplatense_probable,0.0,0.0,0.0,0.0,reject,reject,reject,contexto_incierto|missing_audit_samples|asr_not_run,reject,0.0,0.0,high:missing_audit
https://www.youtube.com/watch?v=AIOfkbJOi3E,"""Tengo severos problemas con Máximo"" - Aníbal Fernández en 540º",Cenital,AIOfkbJOi3E,34.567,640,360,30,other,argentino/rioplatense_probable,0.0,0.0,0.0,0.0,reject,reject,reject,contexto_incierto|missing_audit_samples|asr_not_run,reject,0.0,0.0,high:missing_audit
https://www.youtube.com/watch?v=MCwg9BB_jgE,"""La MEMORIA se CONTAGIA"" | Juan Grabois en Cenital con María O'Donnell y  Ernesto Tenembaum",Juan Grabois,MCwg9BB_jgE,47.633,640,360,30,interview,argentino/rioplatense_probable,0.0,0.0,0.0,0.0,reject,reject,reject,contexto_incierto|missing_audit_samples|prefilter_reject:rechazo_keyword:tiktok|asr_not_run,reject,0.0,0.0,high:missing_audit
https://www.youtube.com/watch?v=NK86Ptb_p3I,ENTREVISTA COMPLETA DE GUSTAVO SYLVESTRE CON EL PAPA FRANCISCO EN C5N,C5N,NK86Ptb_p3I,62.733,640,360,30,interview,argentino/rioplatense_probable,0.0,0.0,0.0,0.0,reject,reject,reject,contexto_incierto|missing_audit_samples|prefilter_reject:rechazo_keyword:tiktok|asr_not_run,reject,0.0,0.0,high:missing_audit
https://www.youtube.com/watch?v=bTA0VhRlxd4,"JUAN GRABOIS, MANO a MANO con GUSTAVO SYLVESTRE - ENTREVISTA COMPLETA",C5N,bTA0VhRlxd4,13.067,640,360,25,interview,argentino/rioplatense_probable,0.0,0.0,0.0,0.0,reject,reject,reject,contexto_incierto|missing_audit_samples|prefilter_reject:rechazo_keyword:tiktok|asr_not_run,reject,0.0,0.0,high:missing_audit
https://www.youtube.com/watch?v=H4RuKM0_tqU,"OSVALDO PAPALEO mano a mano con GUSTAVO SYLVESTRE: ""Este 24 DE MARZO tiene que SER ESPECIAL""",C5N,H4RuKM0_tqU,16.867,640,360,25,interview,argentino/rioplatense_probable,0.0,0.0,0.0,0.0,reject,reject,reject,contexto_incierto|missing_audit_samples|prefilter_reject:rechazo_keyword:tiktok|asr_not_run,reject,0.0,0.0,high:missing_audit
https://www.youtube.com/watch?v=YQAq1qrCia0,"WADO DE PEDRO, MANO a MANO con JULIAN GUARINO - ENTREVISTA COMPLETA",C5N,YQAq1qrCia0,27.517,640,360,25,interview,argentino/rioplatense_probable,0.0,0.0,0.0,0.0,reject,reject,reject,contexto_incierto|missing_audit_samples|prefilter_reject:rechazo_keyword:tiktok|asr_not_run,reject,0.0,0.0,high:missing_audit
https://www.youtube.com/watch?v=1l9W-C5ks6s,"MARIANO RECALDE, mano a mano con GUSTAVO SYLVESTRE en MINUTO UNO",C5N,1l9W-C5ks6s,13.867,640,360,25,interview,argentino/rioplatense_probable,0.0,0.0,0.0,0.0,reject,reject,reject,contexto_incierto|missing_audit_samples|prefilter_reject:rechazo_keyword:tiktok|asr_not_run,reject,0.0,0.0,high:missing_audit
https://www.youtube.com/watch?v=f0o2bGgA3uo,"JOSÉ MANUEL UBEIRA, MANO a MANO con GUSTAVO SYLVESTRE",C5N,f0o2bGgA3uo,14.817,640,360,25,interview,argentino/rioplatense_probable,0.0,0.0,0.0,0.0,reject,reject,reject,contexto_incierto|missing_audit_samples|prefilter_reject:rechazo_keyword:tiktok|asr_not_run,reject,0.0,0.0,high:missing_audit
https://www.youtube.com/watch?v=g5iTWB84WEQ,"HABLÓ EL PAPÁ DE AGOSTINA POR PRIMERA VEZ: ""Estuve mano a mano con este tipo y lo grabé""",Todo Noticias,g5iTWB84WEQ,20.25,640,360,25,interview,argentino/rioplatense_probable,0.0,0.0,0.0,0.0,reject,reject,reject,contexto_incierto|missing_audit_samples|asr_not_run,reject,0.0,0.0,high:missing_audit
https://www.youtube.com/watch?v=cb12KmMMDJA,TN EN VIVO - SEGUÍ LA TRANSMISIÓN EN VIVO DE TODO NOTICIAS 2026-07-05 18:27,Todo Noticias,cb12KmMMDJA,0.0,1920,1080,30.0,other,argentino/rioplatense_probable,0.0,0.0,0.0,0.0,reject,reject,reject,contexto_incierto|missing_audit_samples|asr_not_run,reject,0.0,0.0,high:missing_audit
https://www.youtube.com/watch?v=TAcap4EyVco,"""CRISTINA NO SABE NADA DE ECONOMÍA"" | Mano a mano con Alfredo Cornejo en SOLO UNA VUELTA MÁS",Todo Noticias,TAcap4EyVco,9.717,640,360,25,interview,argentino/rioplatense_probable,0.0,0.0,0.0,0.0,reject,reject,reject,contexto_incierto|missing_audit_samples|asr_not_run,reject,0.0,0.0,high:missing_audit
https://www.youtube.com/watch?v=iV09rynn3kw,"""No creo que Adorni sea tan estúpido"": Alfredo Casero, mano a mano con Laura Di Marco",LA NACION,iV09rynn3kw,28.433,640,360,30,interview,argentino/rioplatense_probable,0.0,0.0,0.0,0.0,reject,reject,reject,contexto_incierto|missing_audit_samples|asr_not_run,reject,0.0,0.0,high:missing_audit
https://www.youtube.com/watch?v=FXUHCI0okGg,“Ahorramos en negro”: Adorni confirmó que presentó su DD.JJ. ENTREVISTA COMPLETA con José del Río,LA NACION,FXUHCI0okGg,52.35,640,360,30,interview,argentino/rioplatense_probable,0.0,0.0,0.0,0.0,reject,reject,reject,contexto_incierto|missing_audit_samples|asr_not_run,reject,0.0,0.0,high:missing_audit
https://www.youtube.com/watch?v=0nc7995N66I,"Entrevista exclusiva con Javier Milei: ""Los Kukas son ignorantes, maleducados y violentos""",LA NACION,0nc7995N66I,67.167,640,360,30,interview,argentino/rioplatense_probable,0.0,0.0,0.0,0.0,reject,reject,reject,contexto_incierto|missing_audit_samples|asr_not_run,reject,0.0,0.0,high:missing_audit
https://www.youtube.com/watch?v=_G0Es0cZTbs,Jaime Bayly en +Entrevistas con Luis Novaresio,LA NACION,_G0Es0cZTbs,55.167,640,360,30,interview,unknown,0.0,0.0,0.0,0.0,reject,reject,reject,contexto_incierto|missing_audit_samples|asr_not_run,reject,0.0,0.0,high:missing_audit
https://www.youtube.com/watch?v=sX-2K0eUBek,Exclusivo: habla Javier Milei tras la salida de Adorni y el nombramiento de Santilli,LA NACION,sX-2K0eUBek,45.583,640,360,30,interview,argentino/rioplatense_probable,0.0,0.0,0.0,0.0,reject,reject,reject,contexto_incierto|missing_audit_samples|asr_not_run,reject,0.0,0.0,high:missing_audit
https://www.youtube.com/watch?v=UlrFattLu24,MAGIA NEGRA - Coral | LA CRUDA #6 con MIGUE GRANADOS,OLGA,UlrFattLu24,45.133,640,360,25,streamer,argentino/rioplatense_probable,0.0,0.0,0.0,0.0,reject,reject,reject,contexto_incierto|missing_audit_samples|prefilter_reject:rechazo_keyword:tiktok|asr_not_run,reject,0.0,0.0,high:missing_audit
https://www.youtube.com/watch?v=uSoVaBlizh0,CHIMENTERO - Marcelo Polino | LA CRUDA #17 con MIGUE GRANADOS,OLGA,uSoVaBlizh0,40.5,640,360,25,streamer,argentino/rioplatense_probable,0.0,0.0,0.0,0.0,reject,reject,reject,contexto_incierto|missing_audit_samples|prefilter_reject:rechazo_keyword:tiktok|asr_not_run,reject,0.0,0.0,high:missing_audit
https://www.youtube.com/watch?v=M0x32V7ihgs,EL CEREBRO - Estanislao Bachrach | LA CRUDA #4 con MIGUE GRANADOS,OLGA,M0x32V7ihgs,65.55,640,360,25,streamer,argentino/rioplatense_probable,0.0,0.0,0.0,0.0,reject,reject,reject,contexto_incierto|missing_audit_samples|prefilter_reject:rechazo_keyword:tiktok|asr_not_run,reject,0.0,0.0,high:missing_audit
https://www.youtube.com/watch?v=GSpLDZbT6V0,EL ETERNAUTA en OLGA: ENTREVISTA COMPLETA a RICARDO DARÍN | Soñé que Volaba | 30/04,OLGA,GSpLDZbT6V0,78.35,640,360,30,interview,argentino/rioplatense_probable,0.0,0.0,0.0,0.0,reject,reject,reject,contexto_incierto|missing_audit_samples|prefilter_reject:rechazo_keyword:tiktok|asr_not_run,reject,0.0,0.0,high:missing_audit
https://www.youtube.com/watch?v=kb0FUxnjyJA,EL LADO MÁS PROFUNDO de GASPI con MIGUE GRANADOS | #SoñéQueVolaba 20/10,OLGA,kb0FUxnjyJA,136.583,640,360,30,streamer,argentino/rioplatense_probable,0.0,0.0,0.0,0.0,reject,reject,reject,contexto_incierto|missing_audit_samples|prefilter_reject:rechazo_keyword:tiktok|asr_not_run,reject,0.0,0.0,high:missing_audit
https://www.youtube.com/watch?v=lDHjuv0wICQ,GRANADOS - BARASSI: LA BATALLA DEFINITIVA | Soñé que Volaba | COMPLETO 11/9,OLGA,lDHjuv0wICQ,194.3,640,360,30,streamer,argentino/rioplatense_probable,0.0,0.0,0.0,0.0,reject,reject,reject,contexto_incierto|missing_audit_samples|prefilter_reject:rechazo_keyword:tiktok|asr_not_run,reject,0.0,0.0,high:missing_audit
https://www.youtube.com/watch?v=VySfyGYTI0A,"DIEGO PERETTI CON MIGUE GRANADOS: SIMULADORES, CINE y SALUD MENTAL | #SoñéQueVolaba 24/10",OLGA,VySfyGYTI0A,164.85,640,360,30,streamer,argentino/rioplatense_probable,0.0,0.0,0.0,0.0,reject,reject,reject,contexto_incierto|missing_audit_samples|prefilter_reject:rechazo_keyword:tiktok|asr_not_run,reject,0.0,0.0,high:missing_audit
https://www.youtube.com/watch?v=bfGSSYqRwnk,Colgamos a MICHAEL JORDAN con JULIANA GATTAS | Soñé Que Volaba | COMPLETO 9/8,OLGA,bfGSSYqRwnk,157.4,640,360,30,interview,argentino/rioplatense_probable,0.0,0.0,0.0,0.0,reject,reject,reject,contexto_incierto|missing_audit_samples|prefilter_reject:rechazo_keyword:tiktok|asr_not_run,reject,0.0,0.0,high:missing_audit
https://www.youtube.com/watch?v=RyHwoA2nBY4,RECUERDOS DE LA ADOLESCENCIA | Soñé que Volaba | COMPLETO 1/9,OLGA,RyHwoA2nBY4,131.967,640,360,30,interview,argentino/rioplatense_probable,0.0,0.0,0.0,0.0,reject,reject,reject,contexto_incierto|missing_audit_samples|prefilter_reject:rechazo_keyword:tiktok|asr_not_run,reject,0.0,0.0,high:missing_audit
https://www.youtube.com/watch?v=UKwaCbRdz5c,"Jorge Lanata: ""No sé si me da miedo el tema de la muerte"" | Caja Negra",Filo News,UKwaCbRdz5c,56.417,640,360,25,interview,argentino/rioplatense_probable,0.0,0.0,0.0,0.0,reject,reject,reject,contexto_incierto|missing_audit_samples|asr_not_run,reject,0.0,0.0,high:missing_audit
https://www.youtube.com/watch?v=PGROiMsR894,La Caja Negra - Ezequiel Fernández Moores - Periodista,TV Ciudad,PGROiMsR894,54.0,640,360,25,other,unknown,0.0,0.0,0.0,0.0,reject,reject,reject,contexto_incierto|missing_audit_samples|asr_not_run,reject,0.0,0.0,high:missing_audit
https://www.youtube.com/watch?v=ESJQZP0xAg0,La Caja Negra  - Wilfredo Ruíz  - Exbasquetbolista,TV Ciudad,ESJQZP0xAg0,50.333,640,360,25,other,unknown,0.0,0.0,0.0,0.0,reject,reject,reject,contexto_incierto|missing_audit_samples|asr_not_run,reject,0.0,0.0,high:missing_audit
https://www.youtube.com/watch?v=NutNXMxKFNQ,#EntrevistasIAE - Julián Weich,IAE Business School,NutNXMxKFNQ,1.867,640,360,25,interview,unknown,0.0,0.0,0.0,0.0,reject,reject,reject,contexto_incierto|missing_audit_samples|prefilter_reject:duracion_menor_a_480s|asr_not_run,reject,0.0,0.0,high:missing_audit
https://www.youtube.com/watch?v=xFAcDfNzBdU,"La economía Argentina, entrevista a Eduardo Fracchia LN+",IAE Business School,xFAcDfNzBdU,9.4,640,360,30,interview,argentino/rioplatense_probable,0.0,0.0,0.0,0.0,reject,reject,reject,contexto_incierto|missing_audit_samples|asr_not_run,reject,0.0,0.0,high:missing_audit
https://www.youtube.com/watch?v=0-YooVu00C0,One-Year MBA: un intenso entrenamiento internacional,IAE Business School,0-YooVu00C0,1.617,640,360,25,other,argentino/rioplatense_probable,0.0,0.0,0.0,0.0,reject,reject,reject,contexto_incierto|missing_audit_samples|prefilter_reject:duracion_menor_a_480s|asr_not_run,reject,0.0,0.0,high:missing_audit
https://www.youtube.com/watch?v=CDtb50Ue3ZA,¿Estas dispuesto a hacer un cambio en tu vida? Conoce el  MBA Full time del IAE,IAE Business School,CDtb50Ue3ZA,1.917,640,360,25,other,argentino/rioplatense_probable,0.0,0.0,0.0,0.0,reject,reject,reject,contexto_incierto|missing_audit_samples|prefilter_reject:duracion_menor_a_480s|asr_not_run,reject,0.0,0.0,high:missing_audit
https://www.youtube.com/watch?v=Vu9VGPPO8Mk,"Entrevista a Raúl Medina Fernández, Profesor en IAE Business School",GhidiniRodil,Vu9VGPPO8Mk,25.633,640,360,25,podcast,unknown,0.0,0.0,0.0,0.0,reject,reject,reject,contexto_incierto|missing_audit_samples|asr_not_run,reject,0.0,0.0,high:missing_audit
https://www.youtube.com/watch?v=6yzEeNlnxas,Marcos Peña en el IAE,IAE Business School,6yzEeNlnxas,1.6,640,352,30,other,argentino/rioplatense_probable,0.0,0.0,0.0,0.0,reject,reject,reject,contexto_incierto|missing_audit_samples|prefilter_reject:duracion_menor_a_480s|asr_not_run,reject,0.0,0.0,high:missing_audit
https://www.youtube.com/watch?v=ve30OfG1pxY,Emprender... en Udesa 3/3,Maru Buteler Bonpland,ve30OfG1pxY,29.1,640,360,30,other,argentino/rioplatense_probable,0.0,0.0,0.0,0.0,reject,reject,reject,contexto_incierto|missing_audit_samples|asr_not_run,reject,0.0,0.0,high:missing_audit
https://www.youtube.com/watch?v=tytzrfZk_6M,NORBERTO LOIZEAU en UdeSA | Diálogos con Hacedores - Entrevista Completa,Escuela de Negocios | UdeSA,tytzrfZk_6M,25.967,640,360,25,interview,unknown,0.0,0.0,0.0,0.0,reject,reject,reject,contexto_incierto|missing_audit_samples|asr_not_run,reject,0.0,0.0,high:missing_audit
https://www.youtube.com/watch?v=4MQwS9Ivwoc,Clase magistral del Presidente Milei ante alumnos de la Universidad de San Andrés,Oficina del Presidente,4MQwS9Ivwoc,91.383,640,360,24,educational,unknown,0.0,0.0,0.0,0.0,reject,reject,reject,contexto_incierto|missing_audit_samples|asr_not_run,reject,0.0,0.0,high:missing_audit
https://www.youtube.com/watch?v=PxLTyZ_hzEQ,SANTIAGO BILINKIS en UdeSA | Diálogos con Hacedores - Entrevista Completa,Escuela de Negocios | UdeSA,PxLTyZ_hzEQ,21.55,640,360,25,interview,unknown,0.0,0.0,0.0,0.0,reject,reject,reject,contexto_incierto|missing_audit_samples|asr_not_run,reject,0.0,0.0,high:missing_audit
https://www.youtube.com/watch?v=OGrRGTul1wg,"“Leer hace mal”, Marcos Baratelli | TEDxUdeSA",Universidad de San Andrés,OGrRGTul1wg,8.883,640,360,25,educational,unknown,0.0,0.0,0.0,0.0,reject,reject,reject,contexto_incierto|missing_audit_samples|asr_not_run,reject,0.0,0.0,high:missing_audit
https://www.youtube.com/watch?v=ByzoSQzOfgU,"La Psicología de AMAR, REIR y LLORAR con Pilar Sordo | EP 66",Somos Rentable,ByzoSQzOfgU,133.433,640,360,24,educational,unknown,0.0,0.0,0.0,0.0,reject,reject,reject,contexto_incierto|missing_audit_samples|asr_not_run,reject,0.0,0.0,high:missing_audit
https://www.youtube.com/watch?v=uhZzB5hid6M,"Cambia tu mente, cambia tu vida | Margarita Pasos | TEDxManagua",TEDx Talks,uhZzB5hid6M,20.717,640,360,30,other,unknown,0.0,0.0,0.0,0.0,reject,reject,reject,contexto_incierto|missing_audit_samples|asr_not_run,reject,0.0,0.0,high:missing_audit
https://www.youtube.com/watch?v=t1SZM0-Hreg,"Cómo convertir tus heridas en propósito | Yokoi Kenji, trabajador social y conferenciante",AprendemosJuntos,t1SZM0-Hreg,87.25,640,360,25,podcast,unknown,0.0,0.0,0.0,0.0,reject,reject,reject,contexto_incierto|missing_audit_samples|prefilter_reject:rechazo_keyword:tiktok|asr_not_run,reject,0.0,0.0,high:missing_audit
https://www.youtube.com/watch?v=Y5OXDmz9eDg,Fundación Konex entregó los diplomas al mérito de las letras argentinas,Télam,Y5OXDmz9eDg,4.767,640,360,25,other,argentino/rioplatense_probable,0.0,0.0,0.0,0.0,reject,reject,reject,contexto_incierto|missing_audit_samples|prefilter_reject:duracion_menor_a_480s|asr_not_run,reject,0.0,0.0,high:missing_audit
https://www.youtube.com/watch?v=beO_EjAg9lg,Iván De Pineda - Premio Konex de Platino 2021: Conductor/a,Fundación Konex,beO_EjAg9lg,1.983,640,360,25,educational,argentino/rioplatense_probable,0.0,0.0,0.0,0.0,reject,reject,reject,contexto_incierto|missing_audit_samples|prefilter_reject:duracion_menor_a_480s|asr_not_run,reject,0.0,0.0,high:missing_audit
https://www.youtube.com/watch?v=27fbNwvnYBU,Entrevista a Cesar Milstein - 1/6,Fundación Konex,27fbNwvnYBU,3.0,384,288,25,interview,unknown,0.0,0.0,0.0,0.0,reject,reject,reject,contexto_incierto|missing_audit_samples|prefilter_reject:duracion_menor_a_480s|asr_not_run,reject,0.0,0.0,high:missing_audit
https://www.youtube.com/watch?v=hmKG1cVWKhw,Entrevista a Luis Ovsejevich en Lideres Hoy (Canal 26),Fundación Konex,hmKG1cVWKhw,26.967,480,360,25,interview,unknown,0.0,0.0,0.0,0.0,reject,reject,reject,contexto_incierto|missing_audit_samples|asr_not_run,reject,0.0,0.0,high:missing_audit
https://www.youtube.com/watch?v=C7Jei3aExyg,Charly García recibió el Premio Konex de Brillante 2025,Fundación Konex,C7Jei3aExyg,5.767,640,360,25,other,argentino/rioplatense_probable,0.0,0.0,0.0,0.0,reject,reject,reject,contexto_incierto|missing_audit_samples|prefilter_reject:duracion_menor_a_480s|asr_not_run,reject,0.0,0.0,high:missing_audit
https://www.youtube.com/watch?v=UadzexaZ__E,Experiencia Konex - #SintiendoCon Nonpalidece,Ciudad Cultural Konex,UadzexaZ__E,2.717,640,360,25,other,unknown,0.0,0.0,0.0,0.0,reject,reject,reject,contexto_incierto|missing_audit_samples|prefilter_reject:duracion_menor_a_480s|asr_not_run,reject,0.0,0.0,high:missing_audit
https://www.youtube.com/watch?v=curDr8ezXM4,Dictadura Militar en Argentina (1976-1983): La noche más negra | Ver la Historia | Encuentro,Canal Encuentro,curDr8ezXM4,52.367,640,360,25,other,argentino/rioplatense_probable,0.0,0.0,0.0,0.0,reject,reject,reject,contexto_incierto|missing_audit_samples|asr_not_run,reject,0.0,0.0,high:missing_audit
https://www.youtube.com/watch?v=3Pfh-I09XEg,Cómo hice: Como la cigarra (capítulo completo) - Canal Encuentro,Canal Encuentro,3Pfh-I09XEg,29.617,640,360,25,other,argentino/rioplatense_probable,0.0,0.0,0.0,0.0,reject,reject,reject,contexto_incierto|missing_audit_samples|prefilter_reject:rechazo_keyword:cancion|asr_not_run,reject,0.0,0.0,high:missing_audit
https://www.youtube.com/watch?v=la_KS1ahAsc,DIVIDIDOS - Encuentro en el Estudio - Programa Completo,DIVIDIDOS,la_KS1ahAsc,53.933,640,360,25,interview,unknown,0.0,0.0,0.0,0.0,reject,reject,reject,contexto_incierto|missing_audit_samples|asr_not_run,reject,0.0,0.0,high:missing_audit
https://www.youtube.com/watch?v=i1bHpiqTn1s,Especial 2 de abril: Historia de un país. Argentina siglo XX | Canal Encuentro,Canal Encuentro,i1bHpiqTn1s,30.717,492,360,25,other,argentino/rioplatense_probable,0.0,0.0,0.0,0.0,reject,reject,reject,contexto_incierto|missing_audit_samples|asr_not_run,reject,0.0,0.0,high:missing_audit
https://www.youtube.com/watch?v=b6FV9swqbWI,Lisandro Aristimuño - Encuentro en el Estudio - Programa Completo,Eze Belo,b6FV9swqbWI,59.35,640,360,25,interview,argentino/rioplatense_probable,0.0,0.0,0.0,0.0,reject,reject,reject,contexto_incierto|missing_audit_samples|prefilter_reject:rechazo_keyword:cancion|asr_not_run,reject,0.0,0.0,high:missing_audit
https://www.youtube.com/watch?v=iO-efwZDYDk,Encuentro en el estudio VII: Jorge Drexler (capítulo completo) - Canal Encuentro HD,Canal Encuentro,iO-efwZDYDk,59.25,640,360,25,educational,unknown,0.0,0.0,0.0,0.0,reject,reject,reject,contexto_incierto|missing_audit_samples|prefilter_reject:rechazo_keyword:cancion|asr_not_run,reject,0.0,0.0,high:missing_audit
https://www.youtube.com/watch?v=kU1yqOVGf-Q,EEEE0611   La Nueva Luna   Encuentro en el Estudio   Programa Completo,Fernando Angel Perez,kU1yqOVGf-Q,47.083,640,360,25,other,unknown,0.0,0.0,0.0,0.0,reject,reject,reject,contexto_incierto|missing_audit_samples|asr_not_run,reject,0.0,0.0,high:missing_audit
https://www.youtube.com/watch?v=9SbyQ3oBB94,Encuentro en el Estudio con Teresa Parodi   Completo,Fernando Angel Perez,9SbyQ3oBB94,45.85,640,360,25,other,unknown,0.0,0.0,0.0,0.0,reject,reject,reject,contexto_incierto|missing_audit_samples|asr_not_run,reject,0.0,0.0,high:missing_audit
https://www.youtube.com/watch?v=2yUc52OLPrc,"¿Por qué a Mala Fama le MOLESTA tener plata?: ""Me podía comprar un auto por semana""",Infobae,2yUc52OLPrc,23.167,640,360,30,interview,argentino/rioplatense_probable,0.0,0.0,0.0,0.0,reject,reject,reject,contexto_incierto|missing_audit_samples|prefilter_reject:rechazo_keyword:tiktok|asr_not_run,reject,0.0,0.0,high:missing_audit
https://www.youtube.com/watch?v=CgtZhBESRnE,Óscar Ruggeri en #Random: “Cuando me ponía la camiseta de la selección me sentía el mejor del mundo”,Infobae,CgtZhBESRnE,30.3,640,360,25,interview,argentino/rioplatense_probable,0.0,0.0,0.0,0.0,reject,reject,reject,contexto_incierto|missing_audit_samples|prefilter_reject:rechazo_keyword:tiktok|asr_not_run,reject,0.0,0.0,high:missing_audit
https://www.youtube.com/watch?v=2cPG2Ub9Muc,CAE a solas con Sebastián Soldano,Infobae,2cPG2Ub9Muc,30.95,640,360,25,other,argentino/rioplatense_probable,0.0,0.0,0.0,0.0,reject,reject,reject,contexto_incierto|missing_audit_samples|prefilter_reject:rechazo_keyword:tiktok|asr_not_run,reject,0.0,0.0,high:missing_audit
https://www.youtube.com/watch?v=oAjK2JkHi6A,"Maxi López con María Laura Santillán: ""Yo estuve enojado, todo era recontra tóxico""",Infobae,oAjK2JkHi6A,40.233,640,360,25,other,argentino/rioplatense_probable,0.0,0.0,0.0,0.0,reject,reject,reject,contexto_incierto|missing_audit_samples|prefilter_reject:rechazo_keyword:tiktok|asr_not_run,reject,0.0,0.0,high:missing_audit
https://www.youtube.com/watch?v=vj01j1XLevs,"Maxi López: por qué vuelve a Argentina, las críticas y el McLaren de Transformes de Wanda | #Random",Infobae,vj01j1XLevs,52.167,640,360,25,interview,argentino/rioplatense_probable,0.0,0.0,0.0,0.0,reject,reject,reject,contexto_incierto|missing_audit_samples|prefilter_reject:rechazo_keyword:tiktok|asr_not_run,reject,0.0,0.0,high:missing_audit
https://www.youtube.com/watch?v=lzgmo9cP0Xw,C5N - 50 minutos: El  chequeado de la semana,C5N,lzgmo9cP0Xw,3.083,640,360,25,other,argentino/rioplatense_probable,0.0,0.0,0.0,0.0,reject,reject,reject,contexto_incierto|missing_audit_samples|prefilter_reject:duracion_menor_a_480s|asr_not_run,reject,0.0,0.0,high:missing_audit
https://www.youtube.com/watch?v=PwKnPlTUV7Y,Laura Zommer de Chequeado | Bienvenidos a LatamChequea,Chequeado,PwKnPlTUV7Y,28.767,640,360,25,other,argentino/rioplatense_probable,0.0,0.0,0.0,0.0,reject,reject,reject,contexto_incierto|missing_audit_samples|asr_not_run,reject,0.0,0.0,high:missing_audit
https://www.youtube.com/watch?v=tcoA5kVNJbM,"Laura Zommer, periodista de Chequeado.com",Infobae,tcoA5kVNJbM,12.467,640,360,25,other,argentino/rioplatense_probable,0.0,0.0,0.0,0.0,reject,reject,reject,contexto_incierto|missing_audit_samples|asr_not_run,reject,0.0,0.0,high:missing_audit
https://www.youtube.com/watch?v=A-UOymY69Bo,Chequeado: Alberto Fernández sobre la AFI y Roberto Lavagna sobre la producción del país,LA NACION,A-UOymY69Bo,10.683,640,360,30,other,argentino/rioplatense_probable,0.0,0.0,0.0,0.0,reject,reject,reject,contexto_incierto|missing_audit_samples|asr_not_run,reject,0.0,0.0,high:missing_audit
https://www.youtube.com/watch?v=dMxW3i9chw8,"Laura Zommer: Macri, Frigerio, inflación y gasto social - Chequeado x LN+",LA NACION,dMxW3i9chw8,10.15,640,360,25,other,argentino/rioplatense_probable,0.0,0.0,0.0,0.0,reject,reject,reject,contexto_incierto|missing_audit_samples|asr_not_run,reject,0.0,0.0,high:missing_audit
https://www.youtube.com/watch?v=5WePBX-21pY,"Entrevista a Matías Di Santi, Proyecto Chequeado - #LabICMX",Innovación Pública y Ciudadana,5WePBX-21pY,9.533,640,360,30,interview,argentino/rioplatense_probable,0.0,0.0,0.0,0.0,reject,reject,reject,contexto_incierto|missing_audit_samples|asr_not_run,reject,0.0,0.0,high:missing_audit
https://www.youtube.com/watch?v=lf9b1P7ieFA,MILEI vs GRABOIS. Debate Completo | Periodismo Puro con Jorge Fontevecchia,Perfil,lf9b1P7ieFA,296.583,640,360,25,conversation,argentino/rioplatense_probable,0.0,0.0,0.0,0.0,reject,reject,reject,contexto_incierto|missing_audit_samples|prefilter_reject:duracion_mayor_a_14400s|asr_not_run,reject,0.0,0.0,high:missing_audit
https://www.youtube.com/watch?v=Z8R28UBGvuY,Premios Perfil: Entrevista a Jorge Fontevecchia,Perfil,Z8R28UBGvuY,11.883,640,360,25,interview,unknown,0.0,0.0,0.0,0.0,reject,reject,reject,contexto_incierto|missing_audit_samples|asr_not_run,reject,0.0,0.0,high:missing_audit
https://www.youtube.com/watch?v=KWbJ-MLi9KU,Entrevista completa de Fontevecchia con Horacio Rosatti,Perfil,KWbJ-MLi9KU,162.567,640,360,25,interview,unknown,0.0,0.0,0.0,0.0,reject,reject,reject,contexto_incierto|missing_audit_samples|asr_not_run,reject,0.0,0.0,high:missing_audit
https://www.youtube.com/watch?v=kNzKjG7fmGI,ENTREVISTA RADIO PERFIL - JORGE FONTEVECCHIA,Hernan Reyes,kNzKjG7fmGI,8.367,640,360,30,interview,argentino/rioplatense_probable,0.0,0.0,0.0,0.0,reject,reject,reject,contexto_incierto|missing_audit_samples|asr_not_run,reject,0.0,0.0,high:missing_audit
https://www.youtube.com/watch?v=JFHbMIAser4,"📢 JAVIER MILEI MANO A MANO CON PABLO ROSSI: ""SOMOS EL GOBIERNO MÁS REFORMISTA DE LA HISTORIA""",A24com,JFHbMIAser4,86.033,640,360,30,interview,argentino/rioplatense_probable,0.0,0.0,0.0,0.0,reject,reject,reject,contexto_incierto|missing_audit_samples|prefilter_reject:rechazo_keyword:tiktok|asr_not_run,reject,0.0,0.0,high:missing_audit
https://www.youtube.com/watch?v=niACS2_KPNU,🔴 PEDRO ROSEMBLAT MANO A MANO CON EDUARDO FEINMANN EN A24: DEBATE SOBRE MILEI Y EL KIRCHNERISMO,A24com,niACS2_KPNU,30.617,640,360,25,interview,argentino/rioplatense_probable,0.0,0.0,0.0,0.0,reject,reject,reject,contexto_incierto|missing_audit_samples|prefilter_reject:rechazo_keyword:tiktok|asr_not_run,reject,0.0,0.0,high:missing_audit
https://www.youtube.com/watch?v=dbl3bN-FNUI,"📣 KUN AGÜERO MANO A MANO CON EDUARDO FEINMANN: ""Messi es mi amigo desde muy chiquito""",A24com,dbl3bN-FNUI,55.583,640,360,25,interview,argentino/rioplatense_probable,0.0,0.0,0.0,0.0,reject,reject,reject,contexto_incierto|missing_audit_samples|prefilter_reject:rechazo_keyword:tiktok|asr_not_run,reject,0.0,0.0,high:missing_audit
https://www.youtube.com/watch?v=iYtUf8eplf4,Mario Pergolini en #LuisNovaresioEntrevista | Programa Completo (05/12/25),A24com,iYtUf8eplf4,54.983,640,360,25,interview,argentino/rioplatense_probable,0.0,0.0,0.0,0.0,reject,reject,reject,contexto_incierto|missing_audit_samples|prefilter_reject:rechazo_keyword:tiktok|asr_not_run,reject,0.0,0.0,high:missing_audit
https://www.youtube.com/watch?v=dmX6X14ZGZs,EN IP NOTICIAS - ENTREVISTA COMPLETA,Hernan Reyes,dmX6X14ZGZs,15.35,576,360,30,interview,unknown,0.0,0.0,0.0,0.0,reject,reject,reject,contexto_incierto|missing_audit_samples|asr_not_run,reject,0.0,0.0,high:missing_audit
https://www.youtube.com/watch?v=aIoJysjV6PE,"Entrevista en ""IP Noticias Edición Central"" - IP NOTICIAS 20-12-2021",Alberto Fernández,aIoJysjV6PE,15.083,640,360,25,interview,argentino/rioplatense_probable,0.0,0.0,0.0,0.0,reject,reject,reject,contexto_incierto|missing_audit_samples|asr_not_run,reject,0.0,0.0,high:missing_audit
https://www.youtube.com/watch?v=dhMSGmn9WE8,"Entrevista al Dr. Alberto Alves de Lima, para IP Noticias",ICBA Instituto Cardiovascular de Buenos Aires,dhMSGmn9WE8,9.75,640,352,30,interview,argentino/rioplatense_probable,0.0,0.0,0.0,0.0,reject,reject,reject,contexto_incierto|missing_audit_samples|asr_not_run,reject,0.0,0.0,high:missing_audit
https://www.youtube.com/watch?v=AWMTXPavBmU,Entrevista completa Anabel Pomar de Exaltación Salud - IP Noticias,Agus SPP,AWMTXPavBmU,7.967,640,360,30,interview,unknown,0.0,0.0,0.0,0.0,reject,reject,reject,contexto_incierto|missing_audit_samples|prefilter_reject:duracion_menor_a_480s|asr_not_run,reject,0.0,0.0,high:missing_audit
https://www.youtube.com/watch?v=AKAXRa6_TYc,Entrevista completa en canal IP Noticias- 21/07/2022,Lucía Klug,AKAXRa6_TYc,35.933,640,360,25,interview,unknown,0.0,0.0,0.0,0.0,reject,reject,reject,contexto_incierto|missing_audit_samples|asr_not_run,reject,0.0,0.0,high:missing_audit
https://www.youtube.com/watch?v=kjPFygNsSMw,"Entrevista a Ariel Tarico, el hombre de las mil voces - Estamos en Una",Televisión Pública,kjPFygNsSMw,36.45,640,360,25,interview,argentino/rioplatense_probable,0.0,0.0,0.0,0.0,reject,reject,reject,contexto_incierto|missing_audit_samples|prefilter_reject:rechazo_keyword:tiktok|asr_not_run,reject,0.0,0.0,high:missing_audit
https://www.youtube.com/watch?v=uhsv3EUYB7I,"La China Suárez habla de Icardi, la maternidad y el hate - La Pasión",Televisión Pública,uhsv3EUYB7I,69.467,640,360,25,interview,argentino/rioplatense_probable,0.0,0.0,0.0,0.0,reject,reject,reject,contexto_incierto|missing_audit_samples|prefilter_reject:rechazo_keyword:tiktok|asr_not_run,reject,0.0,0.0,high:missing_audit
https://www.youtube.com/watch?v=f4iCk5T8MV4,Entrevista al Presidente de la Nación Javier Milei - Economistas,Televisión Pública,f4iCk5T8MV4,81.267,640,360,25,interview,argentino/rioplatense_probable,0.0,0.0,0.0,0.0,reject,reject,reject,contexto_incierto|missing_audit_samples|prefilter_reject:rechazo_keyword:reel|asr_not_run,reject,0.0,0.0,high:missing_audit
https://www.youtube.com/watch?v=6JYvS4EaVVo,Leo Messi en Llave a la Eternidad,Televisión Pública,6JYvS4EaVVo,46.75,640,360,25,interview,argentino/rioplatense_probable,0.0,0.0,0.0,0.0,reject,reject,reject,contexto_incierto|missing_audit_samples|prefilter_reject:rechazo_keyword:tiktok|asr_not_run,reject,0.0,0.0,high:missing_audit
https://www.youtube.com/watch?v=fLMpskr-OqA,"Pirulo, Gerardo y Mauro en Estamos en una",Televisión Pública,fLMpskr-OqA,21.817,640,360,25,interview,argentino/rioplatense_probable,0.0,0.0,0.0,0.0,reject,reject,reject,contexto_incierto|missing_audit_samples|prefilter_reject:rechazo_keyword:tiktok|asr_not_run,reject,0.0,0.0,high:missing_audit
https://www.youtube.com/watch?v=br6zq03KUe8,TV PUBLICA ARGENTINA  - BUENOS AIRES   (ARGENTINA),Radios y Canales de todo el mundo,br6zq03KUe8,0.433,640,360,15,other,argentino/rioplatense_probable,0.0,0.0,0.0,0.0,reject,reject,reject,contexto_incierto|missing_audit_samples|prefilter_reject:duracion_menor_a_480s|asr_not_run,reject,0.0,0.0,high:missing_audit
https://www.youtube.com/watch?v=CgDQlM5L9M4,Límites entre ficción y realidad por Darío Sztajnszrajber,FLACSO Argentina,CgDQlM5L9M4,112.633,640,360,24,educational,argentino/rioplatense_probable,0.0,0.0,0.0,0.0,reject,reject,reject,contexto_incierto|missing_audit_samples|prefilter_reject:rechazo_keyword:compilado|asr_not_run,reject,0.0,0.0,high:missing_audit
https://www.youtube.com/watch?v=p3bsH9EiI38,Mesa redonda “Desafíos Contemporáneos de Política Social”,FLACSO Argentina,p3bsH9EiI38,96.6,640,360,25,other,argentino/rioplatense_probable,0.0,0.0,0.0,0.0,reject,reject,reject,contexto_incierto|missing_audit_samples|asr_not_run,reject,0.0,0.0,high:missing_audit
https://www.youtube.com/watch?v=_36VMEyowLc,II Congreso de Políticas Públicas - “El cambio de modelo económico y sus perspectivas”.,FLACSO Argentina,_36VMEyowLc,91.283,640,360,30,other,argentino/rioplatense_probable,0.0,0.0,0.0,0.0,reject,reject,reject,contexto_incierto|missing_audit_samples|asr_not_run,reject,0.0,0.0,high:missing_audit
https://www.youtube.com/watch?v=u4xt4wchNPM,Entrevista a Carmen Bueno | Maestría Relaciones del Trabajo FLACSO,FLACSO Argentina,u4xt4wchNPM,15.333,640,360,25,interview,argentino/rioplatense_probable,0.0,0.0,0.0,0.0,reject,reject,reject,contexto_incierto|missing_audit_samples|asr_not_run,reject,0.0,0.0,high:missing_audit
